co2_ppm,co_ppm,humidity_pct,temperature_c,smoke_density,pressure_hpa,vibration_mm_s,noise_db,co2_change_10min,temp_change_10min,humidity_change_10min,smoke_change_10min,alarm_duration_s,sensors_in_alarm,hour_of_day,machine_running,maintenance_active,alarm_type,is_real_alarm
657.493,14.248,52.254,21.217,0.488,1012.3,4.608,80.898,6.791,1.557,3.088,-0.013,38.0,1,20,1,1,smoke,0
604.582,18.279,45.208,27.888,0.44,1012.1,2.973,74.669,8.865,-0.772,2.642,0.122,23.0,1,7,1,1,smoke,0
477.116,8.489,43.621,24.84,0.285,1011.1,0.596,57.825,33.688,2.087,0.366,0.029,18.0,1,19,0,1,smoke,0
741.041,10.218,77.56,25.52,0.015,1012.2,3.658,71.529,4.457,0.156,14.403,0.001,12.0,1,19,1,1,humidity,0
1517.345,58.244,40.551,46.593,0.385,1015.3,4.862,76.876,241.889,14.231,-0.93,0.106,104.0,3,13,1,0,smoke,1
965.356,-4.603,45.826,22.019,0.639,1016.5,0.479,55.497,331.424,6.043,0.283,0.222,87.0,3,18,0,0,smoke,1
602.623,7.135,45.488,53.685,0.018,1016.0,12.9,83.348,10.402,5.759,0.226,0.004,67.0,2,20,1,0,temperature,1
614.649,20.448,39.959,26.019,0.474,1010.2,4.283,71.737,-6.024,2.691,-1.093,0.179,17.0,1,7,1,1,smoke,0
515.842,25.033,21.366,24.586,0.583,1012.1,2.966,75.706,8.687,2.591,-1.887,0.07,5.0,1,15,1,1,smoke,0
2487.023,8.027,40.366,24.871,0.021,1006.0,3.978,78.715,-909.395,0.897,0.425,0.001,34.0,1,15,1,0,gas,0
765.16,4.218,88.622,29.702,0.204,1012.1,3.79,69.151,30.142,4.661,1.618,-0.005,713.0,1,17,1,1,humidity,0
1458.063,32.526,53.592,40.187,0.441,1017.5,4.205,73.509,376.239,5.465,2.82,0.273,244.0,3,13,1,0,smoke,1
1397.864,54.617,16.444,60.913,0.453,1010.8,4.736,76.589,295.082,5.534,1.36,0.404,335.0,3,11,1,0,smoke,1
1923.299,40.753,31.377,60.363,0.458,1013.3,3.838,71.299,500.408,5.224,-1.31,0.224,63.0,2,10,1,0,smoke,1
0.0,3.402,56.59,21.616,0.01,1008.1,1.826,54.642,746.218,-0.108,-1.338,0.002,8.0,1,1,0,1,gas,0
1277.124,11.163,31.431,26.723,0.01,1013.0,3.616,76.731,180.616,-1.771,1.436,0.001,19.0,1,3,1,0,gas,0
652.389,13.324,70.795,28.23,0.021,1012.3,3.604,74.474,19.424,-0.371,9.516,0.006,93.0,1,18,1,1,humidity,0
644.6,2.673,88.077,28.374,0.124,1015.3,1.7,50.19,-11.775,2.773,13.963,0.002,33.0,1,3,0,1,humidity,0
638.424,9.788,59.635,24.298,0.284,1012.9,4.61,76.205,9.355,4.439,0.001,0.059,26.0,1,15,1,1,smoke,1
626.58,3.685,86.911,28.253,0.171,1013.0,0.23,49.978,3.354,1.726,13.811,-0.014,113.0,1,23,0,0,humidity,0
2922.061,23.538,42.733,23.496,0.035,1007.1,4.148,76.056,282.689,0.468,1.777,-0.003,264.0,2,12,1,1,gas,1
760.495,3.832,95.236,32.536,0.278,1014.1,4.099,76.274,-1.608,2.96,22.42,-0.004,72.0,1,17,1,0,humidity,0
701.637,22.301,59.386,27.402,0.422,1017.0,5.441,76.599,21.414,3.625,0.313,0.114,15.0,1,16,1,1,smoke,0
2173.314,33.268,38.775,28.085,0.014,1009.1,3.033,71.96,342.642,-0.249,-1.967,-0.001,53.0,2,20,1,0,gas,1
1169.324,16.849,35.419,21.585,0.019,1014.9,0.578,54.123,205.349,-1.078,-0.049,0.007,55.0,2,5,0,0,gas,0
631.571,4.959,55.722,58.318,0.006,1018.2,8.264,88.059,-5.507,6.205,-2.067,-0.002,168.0,2,15,1,0,temperature,1
797.737,6.973,80.265,27.588,0.008,1012.9,4.177,71.369,-7.821,-0.394,17.69,0.0,44.0,2,20,1,1,humidity,0
1229.742,37.327,37.254,53.569,0.694,1010.8,3.674,76.402,567.347,10.329,-0.724,0.245,28.0,2,19,1,0,smoke,1
684.192,8.557,78.06,25.989,0.009,1008.6,3.85,72.973,14.249,-0.374,15.189,-0.001,1506.0,1,15,1,1,humidity,0
1634.585,38.067,43.19,52.484,0.491,1018.9,4.479,66.088,113.272,1.79,2.316,0.312,118.0,2,8,1,0,smoke,1
2357.666,4.966,46.141,26.262,0.009,1008.2,3.478,75.724,-281.799,0.57,-3.214,0.004,15.0,1,9,1,0,gas,0
2432.283,40.297,42.213,22.476,0.005,1003.3,2.646,72.899,204.044,-0.104,0.35,0.003,70.0,2,14,1,0,gas,1
797.245,6.874,85.718,30.594,0.166,1012.5,3.275,70.815,-5.76,1.106,11.103,0.009,145.0,1,18,1,1,humidity,0
0.0,5.499,40.954,25.508,0.027,1016.2,5.222,73.541,132.899,0.205,-0.206,0.002,15.0,1,21,1,1,gas,0
516.693,7.941,72.94,25.665,0.031,1007.9,2.544,53.949,-5.245,-0.19,0.903,0.009,66.0,1,0,0,1,humidity,0
524.439,7.308,85.319,31.714,0.15,1012.5,1.516,49.777,7.385,5.162,30.088,0.0,93.0,1,1,0,0,humidity,0
490.925,6.425,78.38,25.732,0.02,1010.2,0.54,57.568,-13.445,0.423,12.142,0.001,23.0,1,23,0,1,humidity,0
753.397,5.484,94.803,25.075,0.219,1016.9,2.443,71.462,-21.916,1.842,18.356,-0.006,574.0,1,19,1,0,humidity,0
572.403,1.244,89.738,29.48,0.225,1012.9,0.806,55.743,7.273,2.11,14.992,-0.001,41.0,1,2,0,0,humidity,0
961.992,19.226,38.703,24.767,0.008,1015.7,2.344,59.452,102.499,-1.532,0.514,0.002,38.0,1,21,0,1,gas,0
1630.374,2.478,34.455,24.128,0.029,1010.2,1.598,53.119,415.218,0.263,-2.146,0.002,36.0,2,3,0,0,gas,0
628.208,4.509,79.971,29.271,0.179,1013.0,4.4,75.734,14.952,3.197,18.269,0.006,916.0,1,21,1,0,humidity,0
992.443,55.287,37.461,60.174,0.505,1010.7,3.867,67.732,244.261,5.689,0.754,0.216,247.0,4,10,1,0,smoke,1
2015.549,70.367,45.259,51.303,0.383,1016.3,5.192,73.703,587.247,8.097,1.624,0.291,166.0,2,7,1,1,smoke,1
969.583,48.998,48.973,65.382,0.594,1013.1,0.589,51.32,231.749,1.393,0.091,-0.049,163.0,2,0,0,0,smoke,1
630.574,17.375,45.528,24.982,0.432,1010.7,4.074,74.738,49.502,2.224,0.064,0.084,111.0,1,16,1,1,smoke,0
854.401,24.742,44.045,22.961,0.435,1009.4,3.762,78.27,12.604,5.215,2.355,0.059,162.0,1,18,1,1,smoke,0
598.316,3.814,90.529,30.95,0.135,1015.5,1.79,59.842,12.868,1.137,19.426,0.011,118.0,1,1,0,1,humidity,0
2510.482,6.318,45.583,25.271,0.017,1010.9,5.253,84.312,747.682,0.094,1.049,0.005,26.0,1,19,1,0,gas,0
1490.794,20.892,31.489,27.605,0.015,1011.0,3.513,77.888,89.544,-2.019,1.795,0.001,46.0,1,11,1,0,gas,0
688.852,27.182,45.444,19.703,0.369,1016.3,3.717,72.106,21.954,0.514,0.544,0.132,65.0,1,13,1,1,smoke,0
689.173,6.757,78.42,25.579,0.012,1018.9,3.379,79.054,0.733,-0.537,9.061,-0.002,54.0,1,14,1,1,humidity,0
668.206,4.025,84.402,31.995,0.198,1014.7,4.628,74.987,15.041,2.733,19.082,-0.006,105.0,1,16,1,0,humidity,0
1077.602,11.557,38.739,24.075,0.029,1013.6,4.296,75.351,143.641,-0.878,1.137,-0.002,27.0,1,15,1,1,gas,0
652.794,5.809,81.358,23.89,0.01,1019.9,0.022,53.43,-9.871,-0.449,11.636,0.002,106.0,1,5,0,1,humidity,0
609.949,20.855,45.64,27.86,0.419,1011.7,2.472,77.503,-1.818,1.522,1.109,0.138,6.0,1,14,1,1,smoke,0
474.711,3.346,98.058,23.768,0.143,1008.2,1.614,52.734,20.726,2.515,17.922,0.005,30.0,1,23,0,0,humidity,0
1689.91,31.692,55.293,49.556,0.403,1011.4,3.849,74.258,402.583,4.674,-1.735,0.241,120.0,2,8,1,0,smoke,1
563.621,2.751,89.571,26.397,0.195,1013.3,0.657,49.459,-31.725,1.96,14.575,0.001,101.0,1,15,0,1,humidity,0
643.715,11.991,80.979,24.616,0.041,1014.6,4.413,86.095,19.21,-0.591,13.149,-0.007,11.0,1,12,1,1,humidity,0
494.388,2.805,82.254,24.501,0.147,1007.9,0.469,53.753,4.84,2.831,26.633,-0.004,6.0,1,10,0,0,humidity,1
1429.882,23.236,35.384,23.34,0.014,1013.8,3.102,70.947,153.317,-1.884,-2.811,-0.001,12.0,1,11,1,0,gas,0
558.098,2.36,90.903,25.572,0.146,1012.1,1.383,53.912,34.14,2.457,18.204,0.012,90.0,1,15,0,0,humidity,0
460.23,23.674,41.945,25.157,0.357,1014.7,1.778,55.792,-7.837,-0.311,0.258,0.117,37.0,1,4,0,1,smoke,0
1684.831,19.413,55.48,23.459,0.034,1011.3,1.413,59.56,108.45,-0.315,-1.188,0.002,198.0,3,22,0,0,gas,1
570.823,8.732,64.66,21.965,0.298,1013.3,1.016,53.531,29.135,2.46,0.108,0.135,37.0,1,20,0,1,smoke,0
720.325,19.646,52.993,23.816,0.523,1013.4,3.725,77.076,5.272,1.854,1.152,0.133,18.0,1,7,1,1,smoke,0
557.754,1.732,90.138,28.438,0.133,1008.0,2.068,54.141,9.111,4.544,26.65,0.004,35.0,1,1,0,0,humidity,0
1011.044,10.476,49.809,21.027,0.007,1013.2,0.6,56.222,130.834,-1.2,0.338,-0.004,10.0,1,0,0,0,gas,0
627.404,6.437,85.697,32.462,0.247,1012.9,4.221,71.912,4.933,4.531,13.156,-0.001,74.0,1,23,1,1,humidity,0
870.889,3.683,55.247,23.421,0.035,1013.3,1.898,57.332,-356.748,-0.566,0.36,-0.005,63.0,1,22,0,0,gas,0
1889.965,39.03,36.026,47.744,0.28,1011.7,0.115,60.949,83.801,7.086,0.835,0.266,19.0,2,15,0,0,smoke,1
684.877,4.64,48.42,51.217,0.034,1009.7,16.181,86.203,-40.873,8.273,0.43,-0.001,19.0,1,13,1,0,temperature,1
1760.104,23.364,28.998,54.265,0.522,1011.6,4.42,75.221,485.996,9.748,0.662,0.212,130.0,2,20,1,0,smoke,1
1164.292,14.398,52.482,26.195,0.024,1013.5,0.788,61.677,148.719,-2.144,0.029,-0.003,15.0,1,22,0,0,gas,0
515.812,7.067,59.995,22.893,0.637,1017.0,2.722,54.397,41.838,1.738,0.578,0.151,6.0,1,11,0,1,smoke,0
605.345,6.033,49.856,46.722,0.002,1012.8,11.868,82.828,-1.193,7.157,-2.494,0.001,106.0,1,12,1,0,temperature,1
520.015,9.138,51.098,17.829,0.49,1015.8,1.048,61.774,14.076,2.566,-2.009,0.123,55.0,2,2,0,1,smoke,0
640.659,4.114,92.516,30.531,0.214,1015.8,3.212,72.617,-4.14,3.389,15.323,-0.007,202.0,1,7,1,0,humidity,0
700.581,3.283,93.51,25.66,0.203,1018.1,4.665,74.766,-10.496,1.704,12.062,-0.003,136.0,1,9,1,0,humidity,0
643.663,22.836,43.306,28.914,0.367,1013.4,5.093,70.889,3.105,2.693,-0.012,0.12,19.0,1,19,1,1,smoke,0
704.78,7.982,73.821,25.411,0.001,1008.3,5.172,73.033,28.652,-0.195,14.643,-0.0,85.0,1,9,1,1,humidity,0
1691.911,1.01,50.93,27.323,0.009,1010.9,0.905,59.88,-516.828,0.507,-1.629,0.002,46.0,1,6,0,0,gas,0
706.068,5.292,89.325,34.504,0.137,1015.8,5.346,76.559,-8.892,2.296,21.35,-0.006,634.0,1,20,1,0,humidity,0
720.202,6.46,94.07,27.902,0.259,1015.3,3.884,71.994,-13.551,-0.867,16.486,0.002,393.0,1,13,1,0,humidity,0
560.091,5.283,88.47,28.294,0.225,1011.2,0.237,51.823,19.518,2.941,21.812,-0.007,45.0,1,18,0,0,humidity,0
502.357,0.234,35.46,54.104,0.028,1012.5,8.638,61.403,-1.014,9.183,-0.915,-0.002,77.0,1,22,0,0,temperature,1
1363.798,27.834,36.33,49.357,0.317,1012.7,3.625,71.508,10.712,4.822,-1.158,0.187,26.0,2,12,1,0,smoke,1
739.688,16.559,39.21,25.288,0.249,1011.9,3.221,75.515,37.793,-0.323,2.262,0.068,12.0,1,14,1,1,smoke,0
1282.048,11.271,46.495,25.091,0.03,1012.9,4.854,64.083,291.656,-2.403,1.741,-0.008,8.0,1,7,1,0,gas,0
518.545,11.737,70.323,25.201,0.013,1018.3,1.622,56.922,5.126,0.324,18.057,-0.0,91.0,1,23,0,1,humidity,0
1844.917,6.556,33.526,25.991,0.026,1005.4,0.563,53.821,-71.739,0.015,-0.634,0.006,346.0,3,4,0,0,gas,1
1926.852,18.17,39.389,23.995,0.019,1009.0,4.666,60.883,409.878,-0.369,0.443,-0.003,341.0,3,13,1,0,gas,1
621.902,17.343,43.054,21.496,0.421,1015.5,2.941,75.312,10.408,0.922,0.34,0.084,118.0,1,11,1,1,smoke,0
1992.884,32.725,52.866,21.75,0.028,1007.1,4.268,79.152,342.247,0.02,-0.694,-0.001,18.0,2,8,1,0,gas,1
659.681,13.202,35.945,26.541,0.377,1008.9,3.935,72.959,-2.947,2.437,-2.253,0.272,31.0,1,16,1,1,smoke,0
527.855,11.943,51.514,22.176,0.345,1015.9,0.506,54.705,-33.813,0.946,0.122,0.138,33.0,1,0,0,1,smoke,0
628.912,10.267,79.045,26.229,0.009,1014.6,4.981,72.014,-35.618,-0.782,6.284,0.004,80.0,1,14,1,1,humidity,0
2204.684,19.39,38.802,24.377,0.012,1000.4,4.442,80.725,435.441,-0.171,-0.151,0.003,1014.0,2,8,1,0,gas,1
1616.601,31.159,38.487,27.381,0.008,1008.5,3.843,76.216,356.414,-0.274,2.232,-0.0,119.0,3,16,1,0,gas,1
1228.809,1.571,42.886,21.97,0.011,1010.4,5.118,75.387,320.526,-1.351,-2.564,-0.006,11.0,1,1,1,1,gas,0
702.279,14.502,39.768,21.47,0.342,1013.0,4.645,75.251,3.385,0.132,-1.631,0.171,10.0,1,6,1,1,smoke,0
554.227,4.901,86.015,27.633,0.186,1012.9,0.658,53.242,0.065,1.941,17.195,0.0,185.0,1,10,0,0,humidity,0
719.018,6.421,85.043,28.329,0.208,1014.7,3.854,80.664,35.405,2.723,32.273,0.004,68.0,1,11,1,0,humidity,0
1781.774,53.018,48.699,54.226,0.636,1010.1,0.278,57.761,276.698,3.98,3.632,0.169,191.0,3,23,0,0,smoke,1
731.495,5.453,43.864,50.492,0.022,1015.4,8.974,87.241,-14.032,6.191,0.847,0.013,95.0,2,18,1,0,temperature,1
2532.71,30.774,55.248,23.155,0.006,1003.8,3.408,85.715,340.261,-0.554,1.072,0.003,144.0,3,16,1,0,gas,1
630.175,1.131,82.945,28.862,0.279,1014.6,2.376,48.154,-3.782,2.5,25.951,0.004,106.0,1,4,0,0,humidity,0
493.768,6.54,91.831,24.847,0.15,1013.7,0.546,54.891,-18.234,4.517,18.579,0.007,36.0,1,1,0,0,humidity,0
744.265,6.176,85.382,31.309,0.332,1012.4,3.499,79.266,-18.21,3.811,-0.437,0.005,87.0,1,11,1,1,humidity,0
1179.137,8.661,61.885,22.039,0.033,1012.4,0.978,62.729,200.251,-2.199,-0.783,0.003,6.0,2,5,0,0,gas,0
1157.367,19.324,51.519,23.739,0.025,1010.9,3.585,73.368,440.167,-2.258,1.814,-0.005,8.0,1,6,1,0,gas,0
572.113,14.228,44.313,30.076,0.237,1010.3,4.056,70.767,32.499,1.897,-1.008,0.12,3.0,2,8,1,1,smoke,0
675.448,4.541,49.325,47.498,0.021,1014.6,9.387,80.835,-11.08,3.49,2.698,-0.002,215.0,1,15,1,0,temperature,1
631.576,2.404,90.491,31.864,0.249,1011.1,0.271,44.674,-3.849,1.339,24.484,0.001,227.0,1,10,0,0,humidity,0
2157.917,4.628,53.477,26.776,0.033,1013.0,4.511,71.949,-891.16,0.051,1.41,-0.007,7.0,1,2,1,0,gas,0
629.404,3.907,89.448,31.99,0.273,1016.8,5.576,76.919,22.947,4.801,19.866,0.002,67.0,1,11,1,0,humidity,0
557.008,14.424,47.021,24.873,0.293,1008.4,2.355,57.669,15.862,2.661,0.375,0.116,10.0,1,12,0,1,smoke,0
2210.748,18.314,44.596,27.586,0.017,1003.7,3.591,69.446,354.731,-0.255,-0.894,0.005,30.0,2,3,1,1,gas,1
626.881,17.947,34.387,28.338,0.379,1010.6,3.673,80.881,5.241,3.623,-0.05,0.031,16.0,1,7,1,1,smoke,0
680.536,8.357,49.085,23.095,0.323,1021.7,3.676,78.162,-3.875,2.691,-1.584,0.064,9.0,1,18,1,1,smoke,0
2153.723,6.129,47.398,22.784,0.024,1012.6,4.072,77.667,-157.081,0.486,-1.624,-0.005,17.0,1,11,1,0,gas,0
809.937,20.339,39.971,28.657,0.545,1011.8,3.441,78.572,1.262,0.801,-0.192,0.102,20.0,1,6,1,1,smoke,0
1869.264,34.878,39.697,55.66,0.516,1007.6,1.185,57.738,627.168,6.732,-0.108,0.389,210.0,4,23,0,0,smoke,1
642.134,5.956,94.537,31.172,0.238,1017.1,4.783,72.509,15.177,2.077,15.297,-0.004,69.0,1,13,1,0,humidity,0
651.17,7.87,93.727,28.158,0.188,1013.3,5.003,81.624,-5.469,3.527,21.504,-0.001,93.0,1,18,1,0,humidity,0
936.035,2.789,45.508,27.151,0.025,1015.5,6.041,70.46,161.977,-1.299,1.325,-0.004,45.0,1,7,1,0,gas,0
511.494,5.621,75.262,23.848,0.001,1010.2,1.951,57.718,-21.198,-0.021,11.256,0.004,104.0,1,0,0,1,humidity,0
2711.591,2.828,44.37,21.718,0.017,1016.6,1.787,55.23,600.276,0.32,-0.249,0.003,7.0,1,4,0,0,gas,0
694.867,17.573,45.475,24.843,0.28,1006.8,0.081,52.239,5.428,-0.43,0.514,0.108,76.0,1,19,0,1,smoke,0
663.815,3.983,81.508,30.132,0.123,1007.5,4.592,73.083,35.364,4.348,21.019,-0.004,106.0,2,8,1,0,humidity,0
681.793,4.03,87.142,25.006,0.199,1014.6,2.333,76.489,11.009,1.395,8.426,-0.017,47.0,1,17,1,1,humidity,0
608.031,0.059,83.609,25.461,0.059,1014.6,0.79,60.883,20.34,2.95,15.578,-0.001,34.0,1,22,0,1,humidity,0
625.247,9.865,87.767,27.038,0.015,1013.4,4.221,76.957,-11.886,-0.697,6.922,0.006,83.0,1,16,1,1,humidity,0
610.884,21.644,44.296,23.084,0.327,1005.9,1.31,56.541,15.625,4.916,1.439,0.109,33.0,1,7,0,1,smoke,0
582.158,9.849,76.998,26.453,0.016,1018.1,0.735,55.802,45.163,-0.23,12.841,-0.002,15.0,1,14,0,1,humidity,0
519.291,5.903,81.302,24.95,0.017,1012.9,0.802,56.295,-26.743,-0.053,18.43,0.002,587.0,1,4,0,1,humidity,0
584.64,10.448,77.446,25.99,0.029,1011.4,5.068,79.13,-21.9,-0.056,11.989,-0.003,384.0,1,9,1,1,humidity,0
556.056,7.222,36.969,46.619,0.02,1013.6,3.46,64.067,-22.273,5.249,0.27,0.004,84.0,1,22,0,0,temperature,1
657.773,4.122,34.232,52.135,0.026,1015.1,9.573,87.534,10.568,8.935,0.22,-0.002,35.0,2,12,1,0,temperature,1
543.01,3.082,92.423,26.646,0.214,1016.9,1.264,58.834,14.457,2.732,17.311,0.0,132.0,1,22,0,0,humidity,0
1841.797,6.365,35.159,27.773,0.029,1014.3,4.125,78.762,-323.138,0.969,1.713,-0.001,51.0,1,15,1,0,gas,0
554.784,3.469,87.527,33.267,0.215,1013.7,0.95,54.781,12.848,0.949,19.206,-0.008,33.0,1,21,0,1,humidity,0
491.105,6.632,83.644,24.794,0.018,1014.0,0.424,50.512,15.599,-0.278,10.855,0.001,72.0,1,19,0,1,humidity,0
542.069,19.472,52.078,23.94,0.339,1007.2,0.096,51.693,7.24,1.044,-0.248,0.208,17.0,1,3,0,1,smoke,0
683.89,3.736,87.601,23.321,0.216,1012.6,1.403,58.299,32.804,1.411,19.408,0.007,243.0,1,3,0,0,humidity,0
632.142,7.801,92.038,24.089,0.019,1016.6,3.739,74.678,-12.828,0.265,16.62,-0.001,58.0,2,15,1,1,humidity,0
656.065,8.688,72.598,26.383,0.024,1008.8,3.551,82.455,20.53,0.355,4.451,-0.001,9.0,2,18,1,1,humidity,0
558.054,2.816,90.281,31.129,0.221,1011.9,1.459,52.975,23.074,4.155,32.308,0.0,79.0,1,11,0,0,humidity,0
629.693,22.698,49.338,27.39,0.242,1011.5,4.75,77.24,18.32,3.908,0.17,0.069,11.0,1,12,1,1,smoke,0
1856.619,5.596,36.038,24.746,0.025,1015.9,0.872,62.426,-509.373,-0.112,2.159,0.003,22.0,1,2,0,0,gas,0
630.414,7.681,77.712,25.102,0.017,1008.6,2.597,73.005,-9.675,-0.435,11.102,-0.013,81.0,1,18,1,1,humidity,0
750.956,4.666,89.803,34.654,0.208,1014.4,5.466,77.495,1.181,1.936,12.1,0.001,248.0,1,9,1,0,humidity,0
0.0,4.022,41.191,28.31,0.023,1012.5,5.441,66.946,-621.076,0.114,-1.116,0.004,74.0,1,8,1,0,gas,0
644.313,16.739,47.978,24.472,0.517,1012.6,5.593,67.692,-14.719,-0.532,-0.684,0.093,51.0,1,11,1,1,smoke,0
2054.995,18.387,56.369,27.853,0.024,1010.7,1.119,55.063,413.328,-0.04,-1.649,0.004,259.0,3,4,0,0,gas,1
1435.889,2.409,59.439,27.646,0.034,1009.9,2.142,73.928,273.179,-0.998,0.199,0.0,57.0,1,14,1,0,gas,0
1320.999,23.032,38.952,27.032,0.022,1011.5,4.426,76.02,223.599,-0.437,-0.209,-0.008,51.0,1,15,1,0,gas,0
669.957,6.218,82.795,24.264,0.018,1016.6,3.605,74.628,2.873,0.262,14.816,0.005,18.0,1,8,1,1,humidity,0
531.259,4.768,45.561,59.861,0.019,1015.2,8.581,73.182,19.117,7.793,-0.931,-0.002,209.0,2,23,0,0,temperature,0
1313.139,18.955,65.506,24.968,0.016,1015.6,3.105,83.178,244.742,-2.497,-3.164,0.006,10.0,1,8,1,0,gas,0
544.693,20.786,50.487,23.048,0.319,1014.5,0.528,60.723,-58.515,-0.058,-1.165,0.145,100.0,1,3,0,1,smoke,0
616.599,8.093,53.769,62.377,0.013,1011.2,9.992,88.408,25.18,6.467,3.288,-0.004,129.0,2,15,1,0,temperature,1
1206.886,9.454,57.721,24.828,0.021,1008.9,3.516,74.564,154.266,-2.179,0.998,0.009,29.0,1,10,1,0,gas,0
1163.436,6.797,33.52,43.493,0.446,1009.8,0.676,52.987,375.358,7.199,-0.445,0.174,171.0,4,6,0,0,smoke,1
0.0,4.017,46.144,23.734,0.025,1014.1,4.154,75.113,-855.797,0.103,0.171,0.0,49.0,1,20,1,0,gas,0
729.467,4.804,91.341,31.629,0.382,1011.6,3.753,70.458,25.671,1.764,26.708,-0.004,50.0,1,7,1,0,humidity,0
515.673,4.233,17.374,22.877,0.46,1017.2,1.003,53.628,-12.185,-0.201,-1.056,0.161,7.0,1,16,0,1,smoke,0
651.523,3.179,89.782,31.701,0.146,1012.7,3.996,67.643,0.394,1.578,13.711,-0.006,27.0,1,16,1,0,humidity,0
560.027,12.453,51.134,22.958,0.23,1009.4,1.813,55.573,-7.923,0.428,-0.297,0.12,14.0,1,23,0,1,smoke,0
0.0,4.203,47.444,20.497,0.006,1013.2,0.653,52.019,-617.915,-0.263,-0.871,-0.004,68.0,1,3,0,0,gas,0
508.309,6.305,82.97,21.972,0.023,1014.2,1.027,52.509,3.409,0.446,16.58,-0.0,138.0,1,5,0,1,humidity,0
0.0,5.138,47.274,24.002,0.006,1014.2,4.287,79.357,456.452,-0.237,1.497,0.004,18.0,1,14,1,0,gas,0
1321.211,8.811,41.153,22.602,0.026,1011.6,4.486,74.659,451.97,-2.517,1.522,0.005,17.0,1,8,1,0,gas,0
1650.204,35.74,40.771,63.737,0.95,1013.3,4.719,71.026,662.213,1.425,-0.852,0.08,175.0,4,10,1,0,smoke,1
568.274,0.359,78.734,26.629,0.262,1012.0,1.925,50.819,-2.633,2.258,34.945,-0.006,187.0,1,23,0,0,humidity,0
2803.455,3.936,44.611,20.633,0.031,1008.9,1.109,56.012,948.105,-0.06,-0.088,-0.002,10.0,1,5,0,0,gas,0
679.201,11.655,69.786,26.644,0.013,1009.4,3.545,75.332,13.928,-0.028,19.931,-0.015,96.0,1,14,1,1,humidity,0
2200.026,10.032,41.207,22.904,0.031,1002.3,1.449,57.214,224.401,-0.479,0.373,-0.002,469.0,3,1,0,0,gas,1
534.473,0.355,83.425,21.453,0.14,1013.4,0.956,64.253,8.345,1.847,18.596,0.007,50.0,1,1,0,0,humidity,0
506.205,2.791,82.229,22.315,0.276,1012.3,0.55,54.05,3.989,2.959,29.778,-0.003,169.0,2,5,0,0,humidity,0
1119.817,12.752,42.53,24.747,0.03,1016.0,3.307,82.908,165.222,-1.248,0.912,0.006,12.0,1,14,1,1,gas,0
587.54,5.256,90.508,31.754,0.189,1018.3,4.677,80.67,5.944,-0.467,28.487,0.001,209.0,1,10,1,0,humidity,0
1567.964,23.389,50.742,27.288,0.036,1008.3,4.331,79.038,481.076,-0.228,1.915,-0.002,80.0,3,19,1,0,gas,1
812.423,4.445,81.331,29.017,0.201,1014.1,4.172,67.763,-10.058,3.836,8.058,-0.002,493.0,2,7,1,0,humidity,0
687.478,3.153,90.752,31.189,0.151,1008.5,3.64,80.168,-12.737,2.604,17.402,0.002,100.0,1,7,1,0,humidity,0
624.702,24.321,47.735,27.413,0.424,1009.8,4.369,81.04,54.613,3.824,1.262,0.163,25.0,1,13,1,1,smoke,0
0.0,5.866,34.749,26.278,0.018,1010.5,3.975,72.747,-406.425,0.166,-0.555,-0.005,37.0,2,19,1,0,gas,0
693.444,5.961,47.268,53.089,0.001,1011.4,8.862,82.043,8.5,0.768,-0.218,0.002,286.0,1,14,1,0,temperature,1
464.1,17.177,38.339,24.599,0.454,1009.9,0.664,54.704,-18.812,1.604,2.214,0.138,35.0,1,3,0,1,smoke,0
2205.309,22.409,72.632,20.261,0.024,1008.5,4.847,78.857,512.43,-0.063,0.18,0.009,251.0,2,3,1,0,gas,1
504.318,2.706,81.463,29.714,0.169,1011.1,1.112,51.645,7.923,1.558,17.269,-0.002,80.0,1,22,0,0,humidity,0
647.979,3.03,83.992,33.333,0.194,1018.6,2.519,77.794,14.594,3.179,20.226,0.006,35.0,1,18,1,1,humidity,0
736.014,16.214,43.253,25.673,0.163,1010.9,3.022,71.101,17.426,4.554,1.822,0.078,15.0,1,9,1,1,smoke,0
627.629,5.323,70.945,24.758,0.023,1008.5,3.614,68.936,43.561,-0.157,20.223,0.005,86.0,1,17,1,1,humidity,0
536.629,5.681,82.311,29.615,0.176,1016.7,0.88,58.286,-34.034,3.113,13.872,-0.004,37.0,1,23,0,0,humidity,0
1622.982,49.856,37.611,52.881,0.585,1016.2,4.375,74.988,-47.206,3.193,2.772,0.101,34.0,4,0,1,0,smoke,0
666.614,25.598,34.034,24.715,0.383,1013.9,4.062,69.847,-5.534,5.12,1.563,0.013,12.0,1,21,1,1,smoke,0
0.0,2.195,50.277,30.154,0.03,1017.4,3.68,79.782,-1321.246,-0.21,1.573,-0.002,4.0,1,16,1,0,gas,0
535.683,5.291,83.326,23.81,0.02,1017.3,0.712,59.366,40.394,-0.106,8.221,0.002,246.0,1,4,0,1,humidity,0
1220.024,16.844,45.338,28.687,0.034,1011.7,3.65,78.694,112.405,-2.239,-0.654,-0.002,9.0,2,14,1,0,gas,0
604.02,5.383,39.485,55.606,0.02,1010.6,7.817,85.892,-6.556,3.965,-0.185,0.007,355.0,1,8,1,0,temperature,1
749.381,4.457,79.769,29.79,0.127,1015.2,4.35,75.831,-21.514,5.525,10.511,0.001,31.0,1,19,1,0,humidity,0
0.0,1.947,51.182,26.806,0.014,1013.6,4.992,72.857,-1006.725,0.23,2.235,-0.001,18.0,1,9,1,0,gas,0
670.792,6.027,78.158,29.276,0.019,1015.1,4.171,75.976,-41.788,0.48,10.315,0.005,24.0,1,9,1,1,humidity,1
597.305,4.609,96.013,30.248,0.216,1013.0,4.014,74.527,10.113,3.461,20.236,-0.005,146.0,1,6,1,0,humidity,0
617.881,11.073,61.086,23.831,0.326,1010.2,2.884,78.943,-48.063,1.783,2.433,0.129,14.0,1,10,1,1,smoke,0
618.87,7.29,76.579,25.989,0.029,1014.3,3.127,73.274,-15.405,-0.405,12.33,-0.0,124.0,1,11,1,1,humidity,0
709.661,4.906,82.633,31.788,0.109,1014.3,3.376,72.648,-0.116,1.382,18.977,-0.002,251.0,2,8,1,0,humidity,0
1398.512,23.421,40.281,23.614,0.041,1007.2,0.623,54.242,-35.673,-0.374,-1.393,0.007,38.0,2,4,0,0,gas,1
1203.663,11.48,49.087,23.939,0.018,1009.2,1.245,56.876,68.952,-1.858,-0.821,-0.005,25.0,2,4,0,0,gas,0
1770.788,24.791,46.697,27.798,0.029,1008.6,4.309,81.521,90.962,-0.368,-1.344,-0.005,11.0,2,12,1,0,gas,1
726.419,6.392,82.485,25.258,0.029,1008.1,2.851,75.281,37.431,-0.472,7.515,-0.001,77.0,1,12,1,1,humidity,0
2731.522,6.358,42.469,23.586,0.015,1014.2,3.864,77.328,-1423.418,0.314,-0.137,-0.008,41.0,1,17,1,0,gas,0
468.497,29.278,31.586,21.0,0.454,1013.9,1.53,54.486,-21.867,3.235,-0.966,0.174,30.0,1,4,0,1,smoke,0
641.474,2.099,92.5,30.517,0.149,1012.2,1.369,59.318,-4.694,2.225,18.119,0.005,190.0,1,0,0,0,humidity,0
593.207,5.166,88.806,28.211,0.248,1011.3,3.65,75.872,20.625,3.192,17.066,0.0,208.0,1,9,1,0,humidity,0
2013.256,19.65,46.932,24.06,0.015,1007.0,2.522,77.747,150.054,-0.074,-0.756,0.001,30.0,2,13,1,0,gas,1
502.171,3.439,86.131,31.243,0.167,1015.0,0.452,52.689,-1.54,3.276,12.857,0.01,26.0,1,23,0,1,humidity,0
728.902,10.9,77.463,27.573,0.025,1015.8,4.367,74.112,7.027,-0.57,10.705,-0.004,104.0,1,8,1,1,humidity,0
665.799,10.925,44.764,24.135,0.384,1011.0,3.726,77.535,30.381,2.326,0.715,0.182,36.0,1,21,1,1,smoke,0
1992.624,21.939,36.973,27.14,0.018,1003.2,3.553,75.04,285.553,0.481,1.207,-0.0,88.0,2,18,1,0,gas,1
1065.194,18.681,38.754,25.631,0.017,1013.4,3.061,67.647,380.148,-0.775,-0.66,0.003,79.0,1,22,1,1,gas,0
700.179,23.243,49.768,23.878,0.525,1007.9,3.807,74.485,15.915,-0.36,3.389,0.148,8.0,1,6,1,1,smoke,0
618.403,9.826,91.274,22.713,0.022,1014.2,1.561,55.678,-18.477,0.074,10.507,0.005,132.0,1,4,0,1,humidity,0
571.751,3.609,82.452,25.66,0.272,1012.8,0.372,54.675,9.731,-0.163,20.403,0.006,80.0,1,5,0,0,humidity,0
1187.749,7.618,50.044,25.237,0.006,1013.1,3.829,79.209,343.029,-2.187,0.584,0.007,49.0,1,7,1,0,gas,0
0.0,1.378,49.165,21.541,0.015,1012.2,1.611,50.275,-219.089,0.609,1.954,0.004,8.0,1,20,0,0,gas,0
2107.562,13.372,34.825,27.709,0.018,1006.4,4.179,79.859,313.757,0.436,-1.795,-0.006,488.0,3,10,1,0,gas,1
587.602,6.804,47.392,21.816,0.377,1013.9,0.038,57.011,-9.177,1.838,-0.048,0.068,52.0,1,22,0,1,smoke,0
1673.626,16.245,49.377,27.591,0.013,1006.9,3.334,73.787,74.59,-0.343,-0.725,-0.008,439.0,2,19,1,0,gas,1
587.075,6.45,81.704,29.237,0.193,1012.2,2.859,77.317,-2.02,2.208,21.234,-0.001,20.0,1,19,1,0,humidity,0
470.627,6.111,85.478,29.982,0.117,1012.8,1.48,52.039,0.97,1.706,19.353,0.0,166.0,1,18,0,0,humidity,0
3270.691,3.089,43.547,24.291,0.014,1009.9,0.108,53.237,-837.371,-0.14,-1.053,0.002,10.0,1,4,0,0,gas,0
1708.561,13.268,40.646,49.857,0.368,1012.3,4.197,71.211,512.715,5.211,2.173,0.017,270.0,2,11,1,0,smoke,1
713.995,14.844,42.186,27.787,0.547,1008.2,4.522,76.935,-12.389,0.416,-1.34,0.019,58.0,1,12,1,1,smoke,0
649.327,12.25,68.136,23.168,0.01,1016.9,3.568,73.223,12.928,-0.46,12.24,-0.001,171.0,1,16,1,1,humidity,0
2351.452,42.589,56.636,25.833,0.012,1012.1,3.858,74.279,343.699,0.43,-1.107,0.008,270.0,2,19,1,0,gas,1
599.215,5.887,84.12,29.083,0.244,1008.1,1.686,46.61,-8.469,3.982,14.692,0.0,161.0,1,1,0,0,humidity,0
1161.052,7.385,35.198,26.888,0.02,1014.0,4.944,71.261,228.312,-2.054,0.774,0.008,35.0,1,19,1,0,gas,0
2014.831,47.318,28.558,58.443,0.442,1016.1,4.961,69.807,328.674,6.312,-0.342,0.278,398.0,4,0,1,0,smoke,1
1259.704,37.439,29.668,46.07,0.465,1011.4,4.08,67.853,383.928,3.279,-0.701,0.218,1756.0,2,9,1,0,smoke,1
597.4,8.309,87.982,30.675,0.166,1015.5,1.834,79.0,-31.175,2.303,10.323,0.003,137.0,1,7,1,0,humidity,0
599.44,4.842,87.962,27.91,0.214,1008.3,3.936,79.176,22.151,2.032,21.757,-0.004,93.0,1,15,1,0,humidity,0
653.735,11.257,39.532,25.02,0.407,1016.4,3.185,79.289,49.568,6.272,-1.031,0.195,18.0,1,9,1,1,smoke,0
1484.708,4.913,36.004,25.676,0.01,1017.6,2.348,58.16,302.369,-1.342,1.592,-0.004,74.0,1,5,0,0,gas,1
1407.819,16.325,40.246,28.292,0.021,1011.6,4.844,75.044,287.185,-0.505,0.635,0.003,34.0,1,13,1,0,gas,0
575.446,14.137,42.371,25.931,0.48,1015.5,3.412,73.541,-1.641,4.339,-2.635,0.078,39.0,1,11,1,1,smoke,0
764.606,11.757,85.041,23.315,0.045,1011.7,4.52,72.504,-21.144,0.537,14.994,-0.005,128.0,1,15,1,1,humidity,0
660.655,6.676,89.723,30.903,0.236,1015.2,4.009,74.592,24.005,2.863,28.734,-0.006,25.0,1,15,1,0,humidity,0
663.744,5.599,100.0,31.123,0.246,1016.9,3.468,76.951,22.669,4.378,7.642,-0.005,70.0,1,6,1,0,humidity,0
584.575,16.351,49.06,24.693,0.564,1013.7,1.848,55.977,4.401,-0.523,0.406,0.097,24.0,1,1,0,1,smoke,0
582.481,2.024,91.933,23.927,0.172,1011.1,0.089,55.524,26.283,0.472,14.972,0.006,78.0,1,0,0,1,humidity,0
1215.306,9.938,40.412,24.433,0.003,1011.4,0.055,52.232,213.646,-2.55,-2.133,0.002,17.0,1,3,0,0,gas,0
657.365,4.042,89.253,31.067,0.193,1012.8,4.275,72.831,-4.102,1.36,15.023,0.002,26.0,1,16,1,0,humidity,0
2441.734,9.459,41.233,24.785,0.006,1004.1,0.923,51.484,361.689,0.479,-0.276,-0.009,62.0,2,17,0,0,gas,1
571.818,1.904,84.889,26.164,0.141,1017.1,1.325,54.33,16.626,4.134,24.099,-0.007,35.0,2,3,0,0,humidity,0
1414.494,6.906,46.138,28.333,0.025,1011.7,4.406,79.929,398.796,-2.846,0.603,0.001,21.0,1,10,1,0,gas,0
1760.918,29.402,28.325,61.822,0.528,1012.6,3.507,74.36,342.287,4.347,0.339,0.247,123.0,3,20,1,0,smoke,1
2514.265,1.29,38.454,24.048,0.028,1002.4,4.829,72.692,354.049,-0.259,1.096,-0.004,41.0,3,8,1,0,gas,1
674.142,23.49,59.646,24.933,0.268,1016.7,4.572,68.395,-10.868,1.85,0.204,0.118,22.0,1,11,1,1,smoke,0
552.326,11.084,37.321,24.499,0.411,1010.6,0.871,53.952,9.789,0.728,0.818,0.054,12.0,1,0,0,1,smoke,0
1356.959,4.155,42.071,25.896,0.025,1015.1,0.334,60.812,-531.408,-0.563,1.115,0.004,138.0,1,11,0,0,gas,0
1268.119,11.639,37.261,19.801,0.004,1010.1,0.289,54.949,74.781,-3.5,1.821,-0.008,34.0,2,17,0,0,gas,0
732.057,19.062,60.377,26.208,0.366,1012.6,4.629,76.019,3.124,4.049,1.067,0.229,30.0,1,19,1,1,smoke,0
527.648,4.199,91.856,24.445,0.225,1008.8,1.567,56.049,-10.664,2.331,14.271,-0.003,49.0,1,5,0,0,humidity,0
575.805,2.422,83.132,27.984,0.189,1014.1,0.389,52.697,-9.779,5.017,22.718,-0.002,43.0,1,14,0,0,humidity,0
478.81,3.777,81.284,19.121,0.208,1014.6,0.852,57.314,8.079,2.559,14.628,-0.006,57.0,1,13,0,0,humidity,0
689.707,21.547,40.249,26.255,0.485,1016.7,5.051,77.3,16.908,1.818,1.99,0.093,5.0,1,17,1,1,smoke,0
1410.547,52.32,29.612,48.073,0.481,1011.1,3.986,71.199,310.11,4.39,0.991,0.216,190.0,2,1,1,0,smoke,1
2303.564,4.281,56.063,26.827,0.009,1003.4,3.16,73.456,301.216,-0.551,0.162,-0.007,118.0,3,13,1,0,gas,1
567.154,2.775,89.817,29.533,0.135,1009.1,0.128,52.69,-27.877,1.918,23.417,0.001,73.0,2,9,0,1,humidity,0
672.338,16.406,34.41,24.991,0.215,1012.0,2.621,74.723,-16.41,-0.281,-1.161,0.108,76.0,1,18,1,1,smoke,0
1584.984,44.976,44.905,56.449,0.484,1013.5,3.494,76.191,331.405,1.205,-0.4,0.16,108.0,4,17,1,0,smoke,1
597.993,4.053,81.736,33.906,0.243,1018.3,4.121,71.828,23.784,2.832,13.207,-0.006,68.0,1,4,1,0,humidity,0
1079.849,4.35,49.872,25.917,0.043,1016.5,3.535,74.128,248.078,-0.84,-0.007,0.004,111.0,1,15,1,0,gas,0
689.738,4.569,92.054,30.449,0.178,1014.3,3.987,75.189,-4.608,4.689,19.789,0.004,114.0,1,10,1,0,humidity,0
580.047,0.642,90.267,26.599,0.294,1008.5,1.97,56.456,1.994,-1.162,27.36,0.008,75.0,1,2,0,0,humidity,0
682.548,4.648,84.802,32.427,0.275,1008.8,4.394,74.256,-28.164,0.509,11.553,0.002,56.0,1,6,1,0,humidity,0
635.723,13.375,59.577,24.939,0.453,1012.9,5.38,79.691,-20.132,2.805,1.758,0.076,7.0,1,20,1,1,smoke,0
680.59,6.363,90.971,22.519,0.023,1012.3,2.536,70.756,-9.354,0.047,5.203,-0.001,650.0,1,13,1,1,humidity,0
730.03,8.217,85.362,35.648,0.213,1011.1,4.487,74.349,-10.381,0.145,12.543,-0.003,151.0,1,12,1,0,humidity,0
2102.583,14.013,46.893,41.629,0.477,1009.8,5.365,67.138,301.639,7.489,0.633,0.269,47.0,2,10,1,0,smoke,1
728.482,5.527,96.925,32.15,0.229,1015.4,4.337,85.391,-27.324,3.968,24.553,-0.011,40.0,1,16,1,0,humidity,0
569.657,4.537,84.538,29.359,0.22,1009.1,1.911,51.955,9.515,2.621,24.603,0.004,39.0,2,4,0,0,humidity,0
1634.834,25.692,50.206,23.387,0.036,1013.1,4.235,69.875,248.254,-0.738,1.237,-0.006,8.0,1,3,1,1,gas,0
523.259,9.348,78.092,22.403,0.021,1007.0,0.395,55.586,32.605,-0.097,13.895,0.009,387.0,1,1,0,1,humidity,0
673.49,2.366,91.621,31.355,0.243,1013.7,4.102,78.309,14.992,2.162,16.041,-0.01,458.0,1,19,1,0,humidity,0
611.423,6.15,85.149,32.341,0.128,1012.0,4.494,78.438,10.114,2.646,25.108,0.002,103.0,1,16,1,0,humidity,0
669.388,5.178,58.783,63.944,0.02,1011.8,13.004,94.849,14.904,5.586,-3.983,0.002,122.0,2,7,1,0,temperature,1
1758.301,45.707,52.511,47.777,0.454,1018.6,5.315,78.817,159.51,-1.026,0.8,-0.03,226.0,2,20,1,0,smoke,1
457.556,5.692,84.101,31.915,0.216,1006.8,1.047,56.449,30.977,1.557,21.247,0.001,107.0,1,2,0,1,humidity,0
517.64,10.056,40.668,23.494,0.274,1013.0,1.636,48.583,-23.663,3.262,1.807,0.041,14.0,1,23,0,1,smoke,0
706.301,4.673,85.044,29.969,0.249,1013.6,3.658,81.019,-9.813,3.68,8.234,-0.0,33.0,1,20,1,0,humidity,0
0.0,5.203,45.472,28.203,0.009,1011.5,2.662,72.964,325.662,0.724,-1.884,0.001,29.0,1,10,1,1,gas,0
1886.718,30.204,41.785,43.829,0.429,1009.6,3.111,62.219,360.987,4.926,-0.517,0.108,170.0,4,15,1,0,smoke,1
1189.763,3.964,43.613,24.451,0.031,1010.0,0.507,54.064,388.53,0.586,-0.174,0.0,28.0,1,15,0,0,gas,0
1277.872,19.973,41.695,28.323,0.034,1007.6,3.251,70.64,105.386,-1.423,3.046,-0.002,16.0,1,17,1,0,gas,0
594.545,3.463,85.414,29.278,0.161,1014.4,2.23,53.433,-28.422,4.357,6.685,-0.002,171.0,2,19,0,0,humidity,0
607.228,3.682,84.796,32.086,0.268,1016.6,3.9,78.65,14.865,0.296,10.594,-0.008,164.0,1,17,1,0,humidity,0
659.57,5.705,59.408,57.765,0.029,1015.4,10.715,81.063,9.489,0.906,0.787,0.007,42.0,2,2,1,0,temperature,1
1469.809,40.46,45.61,67.223,0.529,1015.4,2.69,69.328,261.345,8.059,-1.029,0.031,72.0,4,19,1,0,smoke,1
434.291,19.506,36.692,24.492,0.569,1011.6,0.905,50.197,-6.418,2.063,-1.007,0.164,17.0,1,22,0,1,smoke,0
1793.595,3.796,44.275,29.365,0.035,1014.3,2.54,73.381,1170.153,0.371,-2.45,-0.003,31.0,1,9,1,1,gas,0
1436.371,6.915,42.807,25.263,0.032,1013.2,3.849,74.774,-48.758,-1.062,4.23,0.004,17.0,1,21,1,0,gas,0
664.983,0.658,90.369,25.654,0.185,1014.1,2.237,51.953,14.443,1.492,18.123,0.009,83.0,1,1,0,0,humidity,0
707.629,3.456,93.08,30.131,0.179,1011.6,4.841,77.603,-9.029,4.186,20.091,-0.007,72.0,1,13,1,0,humidity,0
696.436,2.323,78.21,30.691,0.192,1013.6,2.684,83.014,13.42,3.253,6.908,0.001,282.0,1,0,1,0,humidity,0
1441.731,40.815,47.447,61.429,0.519,1015.0,4.498,76.471,398.745,7.596,-2.438,0.323,166.0,4,13,1,0,smoke,1
619.558,5.506,81.536,33.374,0.256,1008.3,4.732,83.806,-11.251,1.179,33.313,0.003,68.0,1,13,1,0,humidity,0
1613.781,4.571,54.158,24.541,0.017,1014.4,3.383,66.037,-779.365,-0.257,-0.288,0.002,39.0,1,16,1,0,gas,0
668.602,12.245,81.748,29.365,0.034,1013.8,4.199,74.257,-17.513,0.153,16.755,0.005,102.0,1,16,1,1,humidity,0
731.104,4.955,93.045,31.129,0.233,1012.9,5.801,71.745,22.113,3.205,19.154,0.001,44.0,1,9,1,0,humidity,0
0.0,0.332,47.756,22.933,0.013,1009.8,2.59,53.009,-387.859,0.395,1.007,0.003,27.0,1,8,0,0,gas,0
2431.652,4.633,38.894,26.664,0.009,1009.5,5.13,78.931,-151.29,-0.222,0.07,-0.003,20.0,1,6,1,0,gas,0
1283.123,52.929,43.019,58.136,0.317,1012.0,3.777,80.238,250.261,9.269,-1.4,0.181,354.0,3,12,1,0,smoke,1
613.598,16.679,62.211,25.746,0.512,1010.2,4.196,76.762,14.439,-1.523,-1.296,0.147,21.0,1,7,1,1,smoke,0
616.651,7.379,89.117,26.985,0.017,1013.7,3.872,73.34,-12.383,-0.251,8.198,-0.012,113.0,1,9,1,1,humidity,0
1075.727,6.208,39.825,21.922,0.02,1008.5,3.205,58.355,176.154,-2.202,0.138,0.0,36.0,1,8,0,0,gas,0
676.105,3.596,84.315,31.367,0.206,1011.2,4.38,80.145,11.587,1.704,9.257,0.002,194.0,1,9,1,1,humidity,0
740.886,14.003,58.472,26.471,0.401,1010.5,4.672,70.852,4.618,1.192,-0.111,0.146,16.0,1,6,1,1,smoke,0
710.13,5.627,88.293,33.862,0.185,1010.8,1.96,75.986,16.769,0.281,25.52,0.001,250.0,1,1,1,0,humidity,0
0.0,5.729,44.511,25.749,0.007,1013.8,2.233,78.134,562.195,0.201,-0.214,-0.003,15.0,1,9,1,0,gas,0
2461.513,7.26,39.033,25.602,0.002,1006.7,4.264,79.294,795.068,0.187,2.275,-0.001,11.0,1,20,1,0,gas,0
713.79,3.017,36.015,61.388,0.015,1010.4,8.695,93.212,-20.849,4.971,-2.309,-0.004,166.0,2,23,1,0,temperature,1
566.585,3.15,51.545,59.433,0.031,1013.3,6.577,65.404,-12.64,10.928,-0.846,0.001,229.0,2,13,0,0,temperature,1
707.496,18.874,50.285,25.901,0.558,1017.5,2.372,66.207,-35.996,1.254,-0.522,0.058,94.0,1,8,1,1,smoke,0
2155.96,22.163,38.567,26.252,0.032,1004.3,3.253,79.017,251.228,0.341,0.504,-0.004,37.0,3,10,1,0,gas,1
664.986,11.116,43.208,24.365,0.24,1009.0,2.978,69.568,4.382,2.882,-0.657,0.11,60.0,2,13,1,1,smoke,0
653.447,11.164,79.091,20.842,0.014,1017.3,1.198,57.424,19.213,-0.084,11.196,0.005,54.0,1,17,0,1,humidity,0
597.695,0.107,96.138,31.666,0.211,1012.0,0.941,50.673,-4.951,4.396,26.558,0.002,50.0,1,5,0,0,humidity,0
1026.021,28.605,21.278,52.366,0.277,1009.4,0.994,54.515,129.387,6.94,1.311,0.315,106.0,4,0,0,0,smoke,1
762.457,22.817,53.502,28.206,0.324,1015.4,3.491,73.861,-21.172,2.36,-1.528,0.143,48.0,1,15,1,1,smoke,0
598.154,21.737,39.371,27.662,0.516,1009.9,4.184,80.218,-65.215,2.023,0.39,0.089,18.0,1,6,1,1,smoke,0
441.829,3.341,44.595,65.22,0.002,1016.6,5.453,78.591,-1.93,7.459,-0.017,-0.015,65.0,2,5,0,0,temperature,1
1479.792,36.694,28.953,55.878,0.147,1013.2,2.986,75.583,41.496,4.779,0.461,0.221,580.0,3,23,1,0,smoke,1
850.848,6.527,39.775,55.792,0.466,1014.3,1.207,48.848,231.416,10.242,0.503,0.184,165.0,2,18,0,0,smoke,1
1945.007,15.135,44.096,25.162,0.01,1004.6,4.924,74.202,217.229,-0.066,-0.189,-0.002,185.0,3,12,1,0,gas,1
596.556,6.593,85.015,35.668,0.213,1009.0,5.105,73.957,-24.096,-0.768,18.091,0.001,82.0,1,7,1,0,humidity,0
669.207,11.32,77.715,30.518,0.013,1012.9,4.002,76.5,-2.612,0.164,3.117,0.003,458.0,1,20,1,1,humidity,0
671.338,12.944,85.205,27.773,0.022,1014.4,4.338,71.751,24.102,-0.236,8.7,-0.011,23.0,1,7,1,1,humidity,0
725.625,5.784,86.352,35.014,0.246,1015.4,4.634,79.481,-16.234,2.487,18.904,0.009,1221.0,1,17,1,1,humidity,0
0.0,4.789,52.517,25.402,0.026,1015.8,4.351,71.691,-396.006,0.685,-2.154,0.003,29.0,1,6,1,0,gas,0
579.017,5.355,79.707,23.247,0.152,1014.1,3.174,71.99,-27.784,1.122,11.457,0.005,175.0,1,3,1,0,humidity,0
2193.614,6.605,50.569,22.044,0.022,1012.8,0.836,61.748,189.294,0.644,-2.045,-0.004,205.0,1,2,0,0,gas,0
644.79,9.888,84.422,27.407,0.016,1015.2,5.177,81.847,-37.495,-0.349,7.173,-0.001,38.0,1,6,1,1,humidity,0
590.917,5.33,92.418,26.758,0.18,1013.5,2.056,48.656,-13.708,2.075,19.748,0.005,23.0,1,1,0,1,humidity,0
895.257,5.986,45.651,21.197,0.021,1015.7,0.848,53.488,179.939,-1.977,-0.982,0.005,16.0,2,5,0,0,gas,0
0.0,5.587,43.095,30.814,0.012,1019.0,4.781,75.184,-709.901,1.037,-0.078,-0.003,16.0,1,8,1,0,gas,0
532.276,16.529,41.296,25.829,0.307,1014.1,2.785,50.249,10.322,2.134,0.292,0.076,18.0,1,4,0,1,smoke,0
1170.15,3.89,34.06,23.868,0.003,1008.3,1.061,52.844,151.417,-1.491,3.354,0.008,27.0,1,4,0,0,gas,0
0.0,2.321,53.212,25.563,0.024,1012.5,5.885,73.05,-123.374,-0.142,0.133,0.001,142.0,1,7,1,0,gas,1
1369.662,10.908,41.825,27.901,0.026,1011.2,4.518,81.068,123.056,-1.084,-2.432,0.002,13.0,1,9,1,0,gas,0
1559.965,59.528,38.96,48.428,0.481,1015.1,3.449,67.705,427.866,6.318,-0.011,0.177,511.0,3,19,1,0,smoke,1
662.506,21.215,35.976,24.975,0.47,1011.9,4.476,72.863,-1.617,5.381,-2.139,0.096,29.0,1,12,1,1,smoke,0
1443.047,13.765,37.577,48.59,0.61,1013.6,2.182,59.71,457.223,11.546,3.489,0.096,43.0,4,4,0,0,smoke,1
713.937,17.42,49.313,26.289,0.343,1012.2,4.486,76.865,32.077,-2.479,1.722,0.137,71.0,2,15,1,1,smoke,0
552.831,4.049,47.14,61.76,0.039,1014.0,13.157,77.472,-13.448,0.495,3.829,-0.002,69.0,1,12,1,0,temperature,1
459.085,20.522,26.408,22.727,0.248,1009.6,1.476,54.463,55.403,2.045,0.706,0.146,58.0,1,1,0,1,smoke,0
660.644,11.804,86.726,27.197,0.012,1015.0,3.514,76.59,-4.066,-0.497,11.035,-0.006,418.0,1,17,1,1,humidity,0
642.591,6.129,47.59,62.248,0.019,1015.4,8.075,85.558,-12.769,9.288,1.727,-0.005,105.0,1,18,1,0,temperature,1
981.121,-6.748,29.85,49.354,0.174,1013.0,1.221,55.827,327.601,3.957,2.188,0.076,126.0,2,10,0,0,smoke,1
508.91,10.082,84.332,23.867,0.028,1016.2,0.63,46.292,-4.736,-0.023,11.066,-0.005,469.0,1,2,0,1,humidity,0
558.432,7.012,91.517,21.876,0.029,1016.3,0.319,55.001,11.148,0.619,22.384,-0.005,108.0,1,0,0,1,humidity,0
555.88,4.003,53.137,48.745,0.019,1013.1,6.21,66.627,10.596,2.961,-0.327,0.0,545.0,1,22,0,0,temperature,1
640.342,19.754,42.688,22.668,0.476,1012.0,3.017,68.629,53.379,2.928,-0.654,0.124,30.0,1,11,1,1,smoke,0
602.684,3.161,50.863,61.505,0.039,1012.8,9.579,70.55,-19.069,8.193,-1.662,0.005,458.0,1,9,0,0,temperature,1
1974.054,29.621,39.193,28.359,0.018,1007.5,4.497,72.688,334.896,0.556,3.158,0.01,289.0,2,17,1,0,gas,1
1487.23,49.623,32.79,62.902,0.779,1015.7,4.784,76.476,414.621,15.432,1.16,0.238,726.0,3,23,1,0,smoke,1
609.558,11.44,75.906,24.969,0.028,1015.2,4.03,76.563,8.667,0.093,10.462,-0.012,47.0,2,15,1,1,humidity,0
1331.446,12.941,37.437,28.89,0.014,1007.4,4.553,76.712,232.036,-1.991,-0.197,0.001,14.0,1,22,1,0,gas,0
621.422,5.546,91.141,34.176,0.168,1015.0,5.525,65.153,-18.846,2.451,17.586,0.004,61.0,1,11,1,0,humidity,0
1375.966,14.356,43.78,25.472,0.025,1015.4,2.649,71.905,173.242,-1.375,-1.771,0.002,11.0,2,20,1,0,gas,0
2142.476,3.068,63.187,22.647,0.022,1011.9,0.848,55.052,-868.074,0.128,-0.503,0.003,94.0,1,2,0,0,gas,0
692.379,6.326,60.799,27.691,0.245,1014.0,4.738,74.725,-36.428,0.032,-0.704,0.1,72.0,1,8,1,1,smoke,0
621.447,3.959,89.866,28.357,0.303,1010.3,4.855,76.562,47.579,3.686,17.904,-0.009,118.0,1,21,1,0,humidity,0
1224.793,17.654,40.735,26.006,0.024,1012.5,3.789,71.877,320.701,-1.241,-1.018,-0.003,23.0,1,16,1,0,gas,0
609.239,4.788,38.746,62.13,0.005,1010.0,10.08,84.37,12.961,11.457,0.749,-0.001,242.0,1,15,1,0,temperature,1
1197.073,10.415,55.518,24.651,0.016,1011.1,3.213,77.279,494.325,-0.85,-0.671,0.005,8.0,1,12,1,0,gas,0
556.894,1.629,86.304,30.077,0.194,1014.3,0.715,54.554,-23.404,4.438,7.99,0.005,26.0,1,23,0,0,humidity,0
791.727,16.25,80.072,27.183,0.017,1016.3,4.633,75.536,-21.41,0.074,7.408,0.003,67.0,1,3,1,1,humidity,0
1676.176,4.955,61.552,24.804,0.022,1011.7,4.013,66.879,-910.331,-0.155,1.221,0.001,37.0,1,16,1,0,gas,0
731.25,3.176,87.397,36.197,0.27,1006.6,4.292,77.097,-1.969,4.477,13.533,-0.007,149.0,1,19,1,0,humidity,0
1208.43,15.583,33.129,25.803,0.015,1012.9,4.3,80.622,167.018,-2.463,-0.035,0.009,8.0,1,15,1,1,gas,0
497.836,3.436,89.741,25.717,0.181,1018.7,0.105,55.235,19.172,3.531,32.397,0.002,96.0,2,22,0,0,humidity,0
748.551,3.709,87.13,32.78,0.15,1010.6,3.986,72.458,16.412,1.883,15.901,-0.003,157.0,1,12,1,1,humidity,0
662.805,8.759,78.981,22.821,0.043,1015.9,0.154,55.095,-37.915,1.058,10.375,0.0,105.0,1,5,0,1,humidity,0
1818.012,35.659,21.958,53.819,0.559,1016.2,0.113,48.093,380.182,8.043,-1.706,0.087,73.0,3,15,0,0,smoke,1
578.368,12.577,28.381,22.34,0.151,1014.6,1.568,53.294,19.48,2.168,-1.486,0.06,21.0,2,0,0,1,smoke,0
551.885,13.205,87.144,24.168,0.02,1013.0,0.255,51.023,7.791,0.349,7.766,-0.004,101.0,1,2,0,1,humidity,1
1500.016,14.686,54.883,22.697,0.013,1013.6,1.543,61.769,188.273,-1.317,1.263,0.003,18.0,1,22,0,0,gas,0
0.0,5.991,56.132,23.25,0.023,1008.2,2.905,80.53,-765.216,0.244,0.648,0.0,35.0,2,11,1,0,gas,1
595.453,20.408,34.541,25.8,0.44,1011.2,2.923,78.412,25.806,0.161,1.808,0.041,135.0,1,8,1,1,smoke,0
1669.046,20.038,39.408,50.459,0.721,1006.0,5.375,77.225,613.421,4.964,0.164,0.255,129.0,3,11,1,0,smoke,1
2505.502,31.645,69.19,26.507,0.03,1008.0,4.423,65.413,589.047,0.95,1.798,-0.002,60.0,3,19,1,0,gas,1
684.643,4.867,92.564,28.847,0.292,1010.0,4.093,76.704,-14.52,5.471,21.279,0.009,93.0,1,14,1,0,humidity,0
694.023,3.94,82.485,29.86,0.164,1013.7,3.27,81.019,16.803,2.086,21.874,0.002,158.0,1,15,1,0,humidity,0
840.596,9.479,82.263,31.906,0.017,1012.3,3.037,75.15,-26.195,0.054,4.687,-0.006,442.0,1,15,1,1,humidity,0
1327.551,22.134,61.236,22.111,0.019,1010.6,4.244,72.082,216.108,-1.068,-0.313,-0.006,94.0,1,16,1,0,gas,1
617.421,6.54,92.553,36.249,0.259,1012.1,3.599,81.619,-13.071,1.881,18.435,-0.004,389.0,1,15,1,1,humidity,0
451.215,6.267,79.382,20.516,0.025,1013.9,1.36,50.567,9.928,0.044,19.521,-0.003,86.0,1,9,0,1,humidity,1
611.431,12.376,85.497,26.409,0.015,1011.0,4.098,79.463,-5.109,-0.371,13.268,-0.001,149.0,1,7,1,1,humidity,0
1603.746,13.96,49.007,28.109,0.015,1015.5,3.091,74.363,315.807,-0.493,1.424,-0.002,81.0,2,16,1,0,gas,1
2628.946,2.443,43.914,22.01,0.014,1017.0,0.631,53.659,43.295,-0.108,-3.58,-0.008,7.0,1,23,0,0,gas,0
739.984,5.681,95.482,30.512,0.169,1013.5,4.446,74.142,18.308,0.48,19.226,0.009,152.0,1,16,1,0,humidity,0
603.001,20.585,45.987,21.741,0.508,1014.8,0.387,53.3,58.864,1.456,0.627,0.25,59.0,1,5,0,1,smoke,0
90.809,2.154,36.29,23.907,0.011,1015.3,4.454,79.529,968.528,0.383,1.295,-0.005,52.0,1,21,1,1,gas,0
1472.498,39.847,35.199,54.447,0.609,1015.0,1.368,54.217,451.356,9.534,2.01,0.193,252.0,2,21,0,0,smoke,1
2456.492,28.69,66.916,27.261,0.034,997.9,4.316,65.291,341.768,0.123,-2.166,0.004,407.0,2,19,1,0,gas,1
683.931,7.929,66.767,24.172,0.009,1012.7,3.169,72.837,-16.245,-0.332,7.09,0.004,41.0,1,19,1,1,humidity,0
0.0,6.361,60.142,24.111,0.007,1016.2,3.823,73.156,-591.227,-0.374,0.219,-0.003,11.0,1,14,1,0,gas,0
1159.552,17.429,52.91,20.348,0.024,1014.2,0.377,53.835,305.494,-1.356,1.164,0.002,16.0,2,2,0,0,gas,0
2404.523,5.03,52.61,25.147,0.037,1015.5,4.657,69.738,-344.968,0.267,-1.205,0.002,60.0,1,20,1,1,gas,0
0.0,1.063,30.934,23.644,0.029,1017.1,0.655,55.866,530.119,-0.138,1.872,-0.0,22.0,1,3,0,0,gas,0
602.316,0.235,45.14,63.609,0.022,1012.7,10.462,83.845,-15.755,8.459,0.693,0.0,103.0,1,4,0,0,temperature,1
596.21,15.882,50.202,18.173,0.417,1015.3,0.639,51.56,-8.891,-0.428,1.327,0.109,17.0,1,16,0,1,smoke,0
1848.598,83.07,39.054,50.324,0.697,1009.3,4.444,72.136,233.419,4.945,1.138,0.244,52.0,4,16,1,0,smoke,1
511.794,5.072,84.919,21.282,0.235,1011.5,1.734,52.234,22.734,3.487,19.31,-0.005,51.0,1,8,0,0,humidity,0
600.052,4.57,84.259,22.691,0.008,1011.7,2.866,60.557,6.909,-0.083,20.294,0.0,67.0,1,12,0,1,humidity,0
2099.38,5.279,41.2,28.131,0.039,1008.0,2.901,71.198,494.49,0.014,3.901,-0.01,31.0,1,17,1,0,gas,0
666.877,17.727,45.005,21.626,0.312,1012.7,0.249,59.471,2.453,2.787,-0.143,0.115,34.0,1,7,0,1,smoke,0
2377.218,3.04,49.319,21.384,0.016,1014.5,0.815,54.698,-1058.24,0.293,-0.241,0.006,14.0,1,17,0,0,gas,0
630.434,16.149,36.195,24.731,0.428,1010.5,3.641,74.426,-16.91,4.16,-0.74,0.079,26.0,1,9,1,1,smoke,0
606.88,19.86,53.32,30.495,0.534,1015.6,3.831,72.636,-0.334,1.988,3.5,0.134,40.0,1,15,1,1,smoke,0
678.564,17.683,53.066,24.157,0.282,1018.0,3.596,85.101,12.032,1.429,-1.109,0.095,30.0,1,11,1,1,smoke,0
527.231,2.852,84.293,27.509,0.247,1016.2,0.016,53.822,-2.691,1.674,14.56,0.012,53.0,1,22,0,0,humidity,0
2325.537,14.956,44.213,26.069,0.031,1002.0,5.104,77.557,468.832,0.172,-0.4,0.002,87.0,3,15,1,0,gas,1
586.916,15.307,51.568,23.999,0.313,1016.7,1.353,61.596,-45.098,2.765,-1.963,0.045,25.0,1,0,0,1,smoke,0
613.018,5.442,82.99,35.567,0.295,1011.2,4.941,72.047,-7.633,4.187,10.719,-0.004,122.0,1,19,1,0,humidity,0
2951.811,31.683,39.803,26.099,0.022,1004.8,4.341,80.749,378.349,-0.093,-1.4,-0.001,179.0,2,12,1,0,gas,1
564.066,0.753,45.634,60.538,0.028,1014.0,7.939,64.187,-2.047,10.642,-2.212,-0.003,16.0,1,22,0,0,temperature,1
579.997,1.567,87.648,27.976,0.217,1013.2,0.104,51.832,11.768,-0.793,28.569,-0.004,33.0,1,6,0,0,humidity,0
684.454,1.342,89.64,31.938,0.173,1014.0,4.028,72.683,-5.845,2.461,11.978,-0.005,158.0,1,14,1,0,humidity,0
534.158,2.47,95.199,26.695,0.274,1013.2,0.836,48.715,36.169,3.279,24.712,-0.002,58.0,1,2,0,1,humidity,0
2574.64,5.738,54.279,26.524,0.018,1013.9,3.966,70.65,884.168,-0.906,0.007,0.002,51.0,1,23,1,0,gas,0
565.808,9.044,44.128,19.792,0.536,1009.0,2.269,58.074,13.876,2.638,1.224,0.177,25.0,2,11,0,1,smoke,0
609.473,25.957,35.219,22.097,0.499,1012.0,0.442,62.69,27.861,-0.154,0.325,0.103,35.0,1,1,0,1,smoke,0
1132.37,15.233,31.226,26.126,0.024,1009.7,4.498,73.924,268.342,-1.762,1.671,0.001,53.0,1,17,1,0,gas,0
608.429,2.679,55.691,43.343,0.032,1013.6,9.725,79.018,-10.305,8.914,-2.761,-0.001,230.0,1,3,0,0,temperature,1
832.944,11.276,54.227,24.479,0.006,1014.0,4.317,77.784,162.679,-1.006,2.062,-0.002,12.0,1,6,1,0,gas,0
918.857,25.165,43.522,22.935,0.002,1009.1,2.28,83.156,396.751,-2.692,1.69,-0.002,9.0,1,6,1,0,gas,0
534.346,3.72,46.416,71.253,0.021,1008.3,8.15,70.287,-15.304,9.485,2.737,0.002,39.0,2,22,0,0,temperature,1
1394.243,16.561,41.783,23.64,0.02,1008.4,4.671,75.579,309.221,-1.326,-1.067,-0.001,68.0,1,11,1,0,gas,0
577.552,10.979,55.268,20.051,0.378,1014.4,1.554,60.828,18.755,2.719,-0.362,0.1,18.0,1,15,0,1,smoke,0
642.713,4.338,89.999,28.459,0.22,1015.6,4.516,76.735,-17.776,1.359,16.665,-0.008,179.0,1,15,1,0,humidity,0
692.111,5.794,85.425,26.082,0.318,1009.8,3.441,72.039,7.332,1.809,22.236,-0.002,122.0,1,23,1,0,humidity,0
574.549,3.985,85.665,31.219,0.186,1021.6,5.984,73.279,-14.945,3.301,19.296,-0.007,26.0,1,15,1,0,humidity,0
1046.588,23.826,45.347,27.808,0.017,1012.3,3.342,73.614,297.654,-1.105,-2.05,-0.001,30.0,1,10,1,0,gas,0
608.475,4.668,49.492,50.152,0.039,1008.4,10.902,86.094,-1.814,12.599,-0.067,-0.002,276.0,2,10,1,0,temperature,1
1795.091,59.115,26.189,48.257,0.618,1012.6,4.536,78.77,199.04,8.067,0.715,0.182,95.0,2,9,1,0,smoke,1
611.309,-6.442,49.57,27.469,0.351,1010.8,5.004,73.315,-14.971,3.271,0.133,0.045,138.0,1,8,1,1,smoke,0
1339.319,14.05,40.425,26.006,0.027,1015.2,5.649,78.457,407.545,-1.732,2.302,-0.002,4.0,1,16,1,0,gas,0
582.863,26.967,50.63,21.615,0.418,1015.1,3.444,79.892,15.208,1.563,-1.762,0.008,5.0,1,21,1,1,smoke,0
625.76,5.669,90.824,35.309,0.322,1013.2,3.818,72.27,-15.9,0.635,19.625,-0.001,204.0,1,19,1,0,humidity,0
1361.819,11.378,41.844,23.177,0.02,1008.0,3.987,70.341,379.449,-1.035,-1.48,0.004,27.0,2,9,1,0,gas,0
686.714,3.209,58.682,23.806,0.31,1015.0,5.41,77.369,-52.976,-0.515,1.381,0.165,14.0,1,17,1,1,smoke,0
0.0,3.517,53.743,26.484,0.024,1013.0,2.903,77.354,-4.616,-0.039,3.398,0.001,136.0,1,8,1,0,gas,0
552.84,1.723,90.016,24.284,0.162,1009.4,1.399,53.822,4.848,0.205,21.228,-0.004,70.0,1,20,0,0,humidity,0
576.79,15.836,78.742,24.483,0.016,1020.1,2.757,74.675,19.933,0.385,8.817,-0.0,76.0,1,11,1,1,humidity,0
1907.941,49.253,41.198,54.786,0.565,1008.6,6.203,71.63,67.808,7.568,-2.754,0.251,160.0,2,16,1,0,smoke,1
1017.994,6.656,46.063,24.831,0.024,1012.7,0.424,54.578,212.337,-1.924,-0.081,0.001,34.0,1,0,0,0,gas,0
714.967,3.624,49.153,69.525,0.02,1014.9,9.146,87.425,2.867,3.512,-2.077,-0.011,215.0,2,6,1,0,temperature,1
678.806,27.817,43.056,27.875,0.266,1012.9,4.138,71.436,7.403,1.799,0.07,0.095,32.0,1,15,1,1,smoke,0
598.474,22.23,44.089,26.194,0.208,1009.9,3.796,77.773,-6.29,0.519,1.08,0.091,78.0,1,6,1,1,smoke,0
467.678,4.744,83.978,30.409,0.115,1008.8,1.199,54.911,-12.874,1.563,16.057,0.013,129.0,1,23,0,1,humidity,0
582.073,26.292,43.003,25.208,0.535,1008.4,0.089,60.005,17.257,0.447,1.961,0.097,40.0,1,2,0,1,smoke,0
706.92,2.034,45.598,28.675,0.437,1012.3,3.56,72.247,-6.297,1.148,-0.03,0.238,141.0,1,13,1,1,smoke,0
558.537,16.577,37.661,25.403,0.364,1015.8,2.141,65.018,4.924,0.233,0.991,0.027,38.0,1,1,0,1,smoke,0
540.128,8.099,61.258,21.52,0.297,1009.5,2.187,55.866,5.283,3.542,-2.564,0.115,35.0,1,2,0,1,smoke,0
505.841,1.571,92.148,27.784,0.193,1009.1,1.292,56.959,39.069,4.069,12.809,0.004,20.0,1,3,0,0,humidity,0
0.0,2.603,45.088,27.491,0.02,1014.4,2.316,79.723,43.412,-0.086,1.363,-0.002,14.0,1,21,1,0,gas,0
564.784,11.406,63.305,18.348,0.012,1013.5,1.604,59.835,-29.409,0.373,8.747,-0.01,66.0,1,4,0,1,humidity,0
1445.645,71.448,32.404,35.201,0.766,1016.6,0.172,55.741,329.735,5.363,-0.029,0.32,151.0,2,1,0,0,smoke,1
629.968,20.247,52.76,25.841,0.308,1014.4,3.853,74.398,-0.733,1.81,-2.514,0.167,131.0,1,9,1,1,smoke,0
0.0,2.007,55.754,23.556,0.016,1018.1,1.708,54.514,-647.555,-0.105,0.306,0.005,63.0,1,22,0,0,gas,0
548.835,9.545,90.575,24.676,0.013,1013.4,0.293,58.058,-15.243,-0.007,5.191,0.005,208.0,1,1,0,1,humidity,0
511.074,3.224,97.772,30.802,0.301,1011.0,1.246,63.362,38.769,2.603,18.082,-0.006,67.0,1,5,0,0,humidity,0
712.329,7.091,70.336,25.908,0.023,1021.4,3.94,74.826,2.543,0.013,4.816,0.0,39.0,1,13,1,1,humidity,1
2351.626,36.046,44.768,23.846,0.03,1008.9,3.9,71.907,-52.987,-0.11,2.251,-0.0,90.0,3,18,1,0,gas,1
1383.834,19.172,39.727,56.922,0.267,1018.3,0.4,55.885,466.152,5.536,1.405,0.145,1019.0,4,21,0,0,smoke,1
630.943,12.8,38.974,23.936,0.212,1012.5,0.845,59.955,-5.375,3.655,1.066,0.137,75.0,2,5,0,1,smoke,0
714.825,11.187,78.531,24.838,0.02,1010.3,4.6,75.824,16.805,-0.059,12.626,-0.002,304.0,1,0,1,1,humidity,0
691.165,22.663,60.725,25.005,0.292,1014.7,3.099,76.317,24.929,1.595,2.46,0.087,17.0,1,15,1,1,smoke,0
1223.468,24.963,36.212,28.453,0.002,1020.2,4.064,77.353,344.366,-1.251,-1.032,0.003,154.0,1,22,1,0,gas,0
815.764,0.841,44.053,25.142,0.021,1014.8,4.458,76.574,499.551,-0.935,2.638,-0.004,21.0,1,19,1,0,gas,0
2046.363,3.121,30.964,30.142,0.004,1011.4,5.069,78.769,-594.185,0.258,-3.152,-0.006,29.0,2,12,1,0,gas,0
2034.315,-0.625,35.476,24.594,0.013,1005.3,0.956,49.207,452.833,-0.111,-1.231,0.003,33.0,3,8,0,0,gas,1
745.796,7.871,85.717,32.847,0.121,1010.2,3.643,73.231,18.814,5.768,16.882,-0.005,48.0,1,18,1,0,humidity,0
1807.72,12.658,48.903,17.879,0.014,1004.6,1.168,58.003,414.42,-0.274,-0.352,-0.004,45.0,3,6,0,0,gas,1
2253.197,17.284,46.613,23.923,0.001,1003.0,1.541,54.587,705.983,-0.113,0.876,0.002,134.0,2,2,0,0,gas,1
1775.108,9.022,51.519,35.543,0.407,1013.7,0.497,62.036,251.116,10.195,0.291,0.457,75.0,2,23,0,0,smoke,1
723.281,5.121,87.142,30.272,0.227,1013.5,2.708,75.052,-3.371,3.735,21.655,-0.001,171.0,1,23,1,0,humidity,0
637.857,4.939,31.419,61.866,0.014,1013.7,7.405,75.925,6.033,4.56,-0.274,0.004,151.0,2,6,1,0,temperature,1
1443.007,22.373,45.011,25.523,0.03,1013.2,6.198,71.234,178.855,-1.888,-1.026,-0.006,45.0,1,17,1,0,gas,0
1720.153,27.136,35.559,59.157,0.42,1010.5,2.893,80.481,105.003,8.883,1.869,0.222,127.0,3,12,1,0,smoke,1
1528.295,4.272,51.29,29.404,0.033,1011.1,4.561,74.347,-864.743,-0.542,0.781,-0.008,32.0,1,7,1,0,gas,0
1485.117,18.041,45.97,57.472,0.346,1010.7,4.155,79.747,352.103,6.732,0.273,0.099,58.0,3,19,1,0,smoke,1
763.529,7.887,46.848,55.697,0.045,1005.3,8.284,93.049,-2.502,6.651,-0.756,-0.001,192.0,1,7,1,0,temperature,1
731.488,3.532,83.776,26.254,0.206,1010.4,4.713,74.926,6.38,1.854,15.755,-0.004,45.0,1,9,1,0,humidity,0
0.0,1.641,50.623,21.892,0.036,1012.0,0.352,56.159,299.865,-0.434,1.758,0.004,7.0,1,22,0,0,gas,0
1200.492,14.345,52.785,21.399,0.037,1012.3,0.775,54.111,277.298,-1.359,-0.783,-0.003,101.0,1,2,0,0,gas,0
727.457,13.311,37.225,22.926,0.017,1014.0,1.267,51.383,81.003,-1.307,-1.31,-0.003,7.0,1,1,0,0,gas,0
2042.606,5.01,64.942,27.737,0.023,1008.0,2.959,74.301,588.389,-0.318,-1.652,-0.011,41.0,3,7,1,1,gas,1
599.111,12.865,49.717,27.641,0.561,1016.9,1.083,63.879,-7.313,3.21,-1.608,0.128,81.0,1,5,0,1,smoke,0
767.142,6.984,41.198,26.821,0.02,1015.5,6.768,65.702,33.689,-1.799,-0.039,0.002,26.0,1,17,1,0,gas,0
1876.821,61.406,43.093,55.588,0.737,1013.3,3.359,69.122,383.525,8.855,1.183,0.188,139.0,3,21,1,0,smoke,1
686.856,4.568,95.644,29.933,0.168,1011.5,5.121,75.347,-23.49,1.98,23.112,0.001,42.0,1,6,1,0,humidity,0
560.38,2.826,55.22,63.074,0.015,1010.9,5.899,57.926,-15.326,-2.268,3.362,-0.003,119.0,2,4,0,0,temperature,1
912.354,11.836,55.665,25.14,0.021,1010.6,1.69,58.366,208.791,-2.38,-1.541,0.004,15.0,2,21,0,0,gas,0
520.685,3.096,92.675,25.345,0.196,1014.4,1.181,48.574,-30.517,0.491,24.558,-0.002,81.0,1,23,0,0,humidity,0
696.114,19.123,51.963,25.359,0.38,1013.9,4.093,83.422,-19.729,2.32,-0.157,0.202,73.0,1,4,1,1,smoke,0
658.387,10.365,71.994,20.236,0.015,1013.1,2.69,52.77,-7.05,-0.633,12.576,-0.009,114.0,1,10,0,1,humidity,1
610.25,9.595,80.582,27.598,0.009,1018.4,2.946,78.886,-21.695,0.605,10.651,0.003,99.0,1,21,1,1,humidity,0
609.756,3.354,40.025,50.479,0.021,1017.4,1.389,62.333,18.5,8.853,-1.7,-0.003,87.0,2,12,0,0,temperature,1
1383.233,35.173,36.215,50.562,0.474,1015.3,4.302,71.328,275.953,3.46,-0.618,0.283,58.0,2,17,1,0,smoke,1
555.821,22.244,46.604,25.796,0.479,1012.0,1.407,54.996,-19.629,-0.874,-1.279,0.081,9.0,1,15,0,1,smoke,0
723.051,18.863,41.392,24.689,0.471,1016.3,5.108,70.149,14.561,2.342,1.298,0.169,12.0,1,14,1,1,smoke,0
1327.612,62.261,26.279,57.659,0.609,1013.2,4.13,70.86,313.835,4.858,-1.975,0.126,228.0,2,6,1,0,smoke,1
1448.932,13.777,45.545,27.399,0.022,1005.9,4.475,80.398,165.305,0.197,0.295,0.004,182.0,3,15,1,0,gas,1
422.977,14.003,40.947,24.685,0.269,1009.8,1.102,55.476,-19.706,0.261,-0.76,-0.008,74.0,1,4,0,1,smoke,0
545.184,25.077,41.975,24.425,0.391,1017.2,0.866,54.214,-20.08,1.404,-0.434,0.095,11.0,1,22,0,1,smoke,0
662.944,19.962,43.67,24.869,0.372,1009.9,4.098,80.814,18.44,2.269,-1.746,0.038,49.0,1,7,1,1,smoke,0
708.662,6.996,88.664,32.944,0.279,1008.4,2.641,70.023,-39.024,2.312,21.134,-0.007,80.0,1,13,1,0,humidity,0
686.081,4.694,85.922,31.241,0.183,1015.3,4.013,78.327,14.46,3.805,21.934,-0.014,66.0,2,18,1,0,humidity,0
487.093,3.932,90.395,30.079,0.261,1011.8,0.068,50.769,8.751,1.21,18.429,-0.005,32.0,1,3,0,0,humidity,0
1719.235,11.136,37.438,24.3,0.008,1004.1,3.852,75.633,91.618,0.572,0.972,0.012,83.0,3,14,1,0,gas,1
1324.239,20.787,34.232,21.3,0.008,1010.1,0.581,56.181,359.065,-1.653,1.183,-0.003,35.0,1,0,0,0,gas,0
557.643,17.371,65.103,26.291,0.519,1009.4,0.36,61.071,3.185,4.273,1.25,0.202,57.0,1,16,0,1,smoke,0
704.713,19.228,52.78,26.729,0.554,1007.6,3.368,72.843,19.721,0.397,-0.082,0.142,63.0,1,6,1,1,smoke,0
537.684,0.573,84.977,28.055,0.261,1015.2,0.121,60.238,4.478,4.602,25.347,-0.003,236.0,1,23,0,0,humidity,0
528.75,2.874,88.574,23.867,0.198,1007.5,1.206,53.863,-16.124,2.363,21.234,0.002,43.0,2,1,0,0,humidity,0
1274.389,17.259,51.733,24.614,0.015,1014.1,1.724,44.89,364.879,-1.975,-1.547,-0.002,34.0,1,2,0,0,gas,0
597.996,1.032,94.326,26.491,0.277,1008.7,0.133,52.662,-7.285,2.894,19.132,0.003,161.0,1,5,0,0,humidity,0
632.863,4.41,39.945,47.566,0.023,1012.6,11.895,87.292,30.382,9.223,0.208,0.004,149.0,1,6,1,0,temperature,1
697.317,5.263,86.867,26.749,0.167,1008.1,3.222,78.048,17.234,2.62,17.309,0.009,469.0,1,20,1,0,humidity,0
1182.753,9.987,44.836,27.332,0.028,1015.8,4.497,77.168,215.525,-2.019,-2.364,-0.002,134.0,1,19,1,0,gas,0
1182.317,18.675,23.385,41.518,0.41,1013.1,0.127,60.703,65.481,6.316,-0.626,0.184,279.0,3,6,0,0,smoke,1
1196.362,6.277,55.36,21.336,0.011,1013.8,0.353,57.398,191.38,-2.25,0.062,0.003,25.0,1,22,0,0,gas,1
725.203,10.759,50.675,28.752,0.246,1016.9,4.06,74.337,-14.642,5.472,-2.806,0.157,11.0,1,13,1,1,smoke,0
448.55,2.726,81.269,32.303,0.22,1016.5,0.064,60.075,-9.73,2.678,24.026,0.0,31.0,1,23,0,0,humidity,0
447.312,2.753,91.009,24.933,0.233,1011.8,0.782,55.497,13.966,6.609,11.725,0.003,61.0,1,3,0,0,humidity,0
597.17,0.661,79.859,28.259,0.255,1012.8,0.014,44.985,-10.841,1.791,9.635,0.006,117.0,1,23,0,0,humidity,0
557.423,12.966,49.302,24.112,0.213,1013.4,1.868,51.201,17.119,1.063,-1.45,0.143,44.0,2,0,0,1,smoke,0
932.23,18.497,42.896,22.422,0.022,1011.8,0.802,56.453,411.483,-0.834,-0.771,0.004,28.0,1,7,0,0,gas,0
1218.735,16.849,40.01,24.665,0.037,1009.4,3.899,73.215,287.7,-1.41,2.977,0.001,53.0,1,8,1,0,gas,0
1074.854,8.677,41.871,20.776,0.017,1010.0,1.544,54.245,337.028,-1.362,1.69,0.0,7.0,2,4,0,0,gas,0
714.255,13.656,40.859,26.279,0.369,1012.8,3.556,77.366,12.06,0.949,1.807,0.13,17.0,1,16,1,1,smoke,0
832.436,18.023,54.753,20.95,0.022,1015.5,1.4,60.873,519.472,-0.746,0.051,0.008,12.0,1,5,0,0,gas,0
1777.123,9.487,40.748,23.562,0.012,1013.6,3.591,75.955,146.896,-1.4,0.476,-0.001,70.0,1,20,1,0,gas,0
709.627,5.728,43.678,35.607,0.029,1014.7,11.283,92.322,21.064,6.062,-0.27,0.007,44.0,2,16,1,0,temperature,1
474.905,6.678,83.383,24.932,0.018,1015.1,2.03,54.374,-14.05,0.156,16.256,-0.01,22.0,1,3,0,1,humidity,0
1324.217,20.291,50.21,22.176,0.013,1015.5,3.477,72.922,274.242,-2.163,0.682,-0.001,25.0,1,9,1,0,gas,0
532.367,13.532,25.09,18.488,0.464,1012.4,0.099,58.109,8.098,2.309,2.996,0.111,49.0,1,14,0,1,smoke,0
467.251,3.301,37.299,42.654,0.028,1011.7,3.389,71.865,-7.127,8.334,-1.588,-0.004,449.0,1,9,0,0,temperature,1
1583.391,4.131,61.479,24.778,0.017,1013.0,4.945,76.182,-16.306,-1.307,-0.385,0.003,71.0,1,6,1,0,gas,0
2569.216,1.105,36.12,23.354,0.03,1015.3,1.002,54.77,107.888,-0.404,-1.591,-0.006,5.0,1,2,0,1,gas,0
711.563,24.139,44.722,29.031,0.337,1013.7,3.402,78.684,-27.697,1.41,-1.816,0.225,58.0,1,9,1,1,smoke,0
674.713,10.165,73.55,21.024,0.023,1011.9,2.441,56.637,-12.87,-0.511,23.319,0.002,149.0,1,22,0,1,humidity,1
599.256,17.807,47.879,23.549,0.279,1015.2,0.208,52.283,2.502,3.978,1.815,0.151,14.0,1,2,0,1,smoke,0
538.272,2.787,79.921,24.788,0.232,1002.9,2.443,57.193,11.055,2.739,25.051,-0.004,187.0,1,23,0,0,humidity,0
552.262,3.378,91.621,28.947,0.116,1015.8,1.276,57.464,-31.109,1.704,13.135,0.005,108.0,1,3,0,1,humidity,0
633.818,4.58,89.353,29.71,0.203,1011.2,4.563,71.705,-30.626,3.841,19.919,-0.0,97.0,2,10,1,0,humidity,0
533.695,0.234,94.449,23.567,0.174,1012.9,0.277,56.151,-0.375,1.672,8.322,-0.003,20.0,1,2,0,0,humidity,0
714.366,3.338,88.315,28.931,0.174,1012.7,3.379,72.537,12.895,2.052,18.851,-0.009,117.0,1,21,1,1,humidity,0
620.777,5.733,75.837,24.98,0.014,1010.5,3.941,75.888,-10.676,-0.617,18.926,-0.006,103.0,1,8,1,1,humidity,0
636.578,6.366,36.576,24.18,0.362,1014.6,3.828,71.875,13.443,0.851,-2.486,0.204,26.0,1,21,1,1,smoke,0
709.71,3.904,89.418,26.684,0.096,1011.1,2.892,77.722,-4.875,4.407,16.227,0.009,75.0,1,13,1,0,humidity,0
686.78,16.658,39.817,24.744,0.036,1016.2,5.256,77.148,251.984,-1.465,0.274,-0.0,15.0,1,10,1,1,gas,0
522.179,22.525,42.677,19.862,0.414,1015.8,2.063,56.078,-24.914,2.658,0.305,0.075,7.0,1,4,0,1,smoke,0
557.102,2.485,88.744,29.01,0.176,1016.5,0.212,50.194,8.594,0.382,20.728,-0.0,22.0,1,3,0,0,humidity,0
548.506,26.044,52.853,23.649,0.19,1013.5,1.601,51.13,31.798,1.457,-0.097,0.166,30.0,1,3,0,1,smoke,0
1380.513,12.649,35.817,25.215,0.013,1009.3,3.383,77.994,206.893,-1.135,1.404,-0.017,32.0,1,19,1,0,gas,0
2216.541,8.666,44.409,24.301,0.029,1012.5,4.204,80.924,-518.125,-0.511,-0.954,0.006,28.0,1,16,1,0,gas,0
549.679,3.096,91.336,32.633,0.187,1009.5,4.119,77.667,-8.773,1.872,10.07,0.0,98.0,2,19,1,0,humidity,0
1895.022,15.587,51.264,41.352,0.623,1012.1,3.746,77.585,644.559,9.17,0.57,0.108,114.0,2,19,1,0,smoke,1
707.13,12.356,40.921,21.936,0.23,1011.7,3.107,76.591,29.902,3.001,2.048,0.116,14.0,1,1,1,1,smoke,0
0.0,5.424,57.34,25.968,0.038,1017.1,5.312,73.993,-668.495,-0.111,-2.623,-0.003,84.0,1,16,1,0,gas,0
450.915,7.036,78.275,20.551,0.03,1012.6,1.875,53.41,15.355,-0.017,2.035,0.001,159.0,1,6,0,1,humidity,0
569.754,9.52,87.472,24.914,0.008,1012.5,4.305,75.028,11.608,0.577,11.504,0.003,34.0,1,14,1,1,humidity,0
666.605,9.834,82.74,26.987,0.017,1009.0,4.206,77.327,7.443,-0.204,9.573,-0.001,84.0,1,7,1,1,humidity,0
779.564,19.105,47.729,29.139,0.347,1014.4,3.031,72.393,28.988,2.989,0.593,0.104,57.0,1,2,1,1,smoke,1
551.663,19.783,42.717,22.738,0.38,1011.3,0.675,55.955,-11.873,3.481,0.573,0.223,5.0,1,6,0,1,smoke,0
483.058,4.58,80.738,23.04,0.243,1015.1,1.532,53.773,-3.934,1.773,24.321,-0.006,98.0,1,7,0,0,humidity,0
657.297,6.393,85.851,23.361,0.002,1019.8,3.925,68.328,-1.319,0.112,14.973,-0.0,144.0,1,16,1,1,humidity,0
643.195,3.802,91.675,26.327,0.211,1013.7,3.58,66.179,26.44,6.0,20.796,0.002,117.0,1,17,1,0,humidity,0
597.752,0.51,53.922,27.976,0.295,1008.6,3.709,76.079,-29.666,3.601,-1.592,0.151,12.0,1,18,1,1,smoke,0
2425.118,7.112,41.43,27.538,0.03,1012.4,2.676,79.379,-602.331,0.076,-0.999,0.009,22.0,1,4,1,0,gas,0
614.92,8.899,84.854,23.94,0.022,1013.6,0.637,52.929,3.327,-0.077,4.25,0.011,138.0,2,22,0,1,humidity,0
1705.742,42.802,40.081,61.743,0.492,1014.8,0.056,54.764,286.799,11.294,-1.357,0.115,87.0,4,2,0,0,smoke,1
2394.172,5.676,46.463,24.209,0.013,1012.1,3.788,80.635,-213.392,-0.355,1.531,0.001,22.0,1,10,1,0,gas,0
538.582,3.834,93.522,27.399,0.273,1014.0,2.495,60.285,8.08,2.229,18.432,-0.005,326.0,1,5,0,0,humidity,0
782.719,5.662,80.828,29.497,0.232,1012.7,3.76,80.354,1.717,0.223,14.02,0.006,66.0,1,14,1,0,humidity,0
572.417,21.91,49.445,21.83,0.403,1012.0,1.399,57.951,6.188,2.964,0.017,0.053,21.0,1,22,0,1,smoke,0
635.455,20.702,47.721,26.481,0.512,1013.4,4.605,70.593,21.185,1.327,0.14,0.165,4.0,1,21,1,1,smoke,0
540.734,2.253,78.698,21.977,0.028,1013.5,1.386,47.4,4.786,-0.008,11.772,0.003,35.0,1,1,0,1,humidity,0
691.757,6.345,89.958,26.849,0.015,1015.7,4.234,75.241,18.905,0.203,21.911,-0.013,82.0,1,12,1,1,humidity,0
583.822,8.927,79.249,28.389,0.021,1017.5,4.271,79.194,2.694,-0.029,10.558,0.001,32.0,1,12,1,1,humidity,0
505.002,6.344,73.396,21.143,0.02,1013.4,0.882,53.198,25.842,-0.368,20.513,-0.007,72.0,1,22,0,1,humidity,1
502.53,14.038,43.667,23.806,0.282,1008.8,1.202,53.443,11.727,2.54,0.045,0.078,33.0,1,2,0,1,smoke,0
1050.866,10.294,29.804,25.313,0.033,1010.9,1.8,55.507,440.674,-0.961,2.676,-0.003,346.0,1,1,0,0,gas,0
2752.446,28.205,53.974,26.401,0.012,1009.4,3.975,75.657,58.925,-0.012,-2.092,-0.001,116.0,3,20,1,0,gas,1
2916.141,6.979,33.247,25.011,0.006,1009.7,5.197,69.933,-698.846,-0.013,-1.523,0.008,78.0,1,2,1,0,gas,0
2150.955,5.259,42.082,25.552,0.02,1014.8,3.327,75.643,46.858,0.18,-0.971,-0.002,31.0,1,18,1,0,gas,0
663.15,3.719,91.673,30.451,0.147,1011.9,4.279,75.17,5.913,0.791,12.116,0.001,58.0,2,0,1,0,humidity,1
0.0,4.398,43.436,21.665,0.017,1017.3,5.103,73.254,324.777,0.195,0.767,-0.003,4.0,2,21,1,0,gas,0
0.0,6.737,44.68,27.724,0.022,1019.5,4.091,82.662,-50.263,0.365,1.899,-0.005,45.0,1,14,1,1,gas,0
2099.75,20.583,41.813,54.997,0.427,1015.6,3.843,73.423,299.407,6.664,-0.698,0.243,58.0,4,14,1,0,smoke,1
536.176,2.012,88.407,22.634,0.164,1010.7,0.643,52.733,17.123,1.982,22.479,-0.001,295.0,1,22,0,1,humidity,0
669.452,7.07,81.682,35.76,0.234,1010.0,5.026,74.472,-26.293,2.454,18.883,0.003,57.0,1,13,1,0,humidity,0
650.463,2.543,91.807,30.08,0.199,1013.8,2.893,70.363,-2.531,1.623,10.816,-0.011,58.0,1,21,1,0,humidity,0
1530.935,46.093,25.895,51.863,0.428,1014.9,4.594,73.208,333.441,5.849,2.786,0.205,116.0,3,18,1,0,smoke,1
641.894,2.941,95.319,31.683,0.099,1016.4,4.065,80.085,19.377,0.457,12.054,-0.004,54.0,1,19,1,0,humidity,0
625.964,18.021,41.627,22.093,0.489,1013.1,2.485,57.036,-41.717,0.5,-3.278,0.119,42.0,2,20,0,1,smoke,0
440.296,0.364,48.214,49.468,0.031,1015.3,7.573,64.646,-35.855,8.036,2.312,-0.005,89.0,1,16,0,0,temperature,1
636.472,7.409,82.43,30.938,0.288,1012.8,4.094,72.786,1.029,1.705,17.306,0.001,224.0,1,17,1,0,humidity,0
715.206,19.891,37.797,26.832,0.286,1014.7,4.927,73.245,-19.971,2.153,0.151,0.119,91.0,1,11,1,1,smoke,0
1105.67,1.524,64.439,24.339,0.025,1012.9,5.769,70.186,131.5,-1.17,-1.154,-0.002,35.0,2,16,1,0,gas,0
642.631,5.72,45.071,49.418,0.034,1016.9,10.514,82.362,-4.927,8.232,-0.363,0.006,76.0,1,12,1,0,temperature,1
462.572,3.318,43.217,50.193,0.026,1006.7,7.742,74.873,-7.767,7.644,0.421,-0.001,68.0,1,3,0,0,temperature,1
1401.629,3.016,38.807,23.994,0.023,1010.7,0.214,48.449,-603.286,0.118,1.914,0.001,27.0,2,8,0,1,gas,0
554.091,2.451,99.681,30.685,0.158,1012.4,0.841,50.126,-46.497,1.86,16.377,0.001,53.0,1,10,0,0,humidity,0
710.024,6.811,80.416,23.58,0.013,1013.6,3.881,75.516,-7.062,0.381,14.771,0.007,73.0,1,15,1,1,humidity,0
1453.498,18.446,49.437,51.096,0.161,1020.8,3.494,82.94,526.72,6.658,1.398,0.17,1124.0,2,13,1,0,smoke,1
669.059,3.886,82.289,26.236,0.216,1015.0,4.448,69.522,-35.087,1.857,11.907,-0.002,73.0,1,18,1,0,humidity,0
0.0,5.638,49.617,24.551,0.016,1017.3,3.969,77.935,1016.163,0.476,3.123,0.003,27.0,1,15,1,0,gas,0
721.012,4.127,91.513,33.52,0.101,1008.3,5.021,73.055,-14.935,3.66,8.048,0.001,19.0,1,9,1,0,humidity,0
738.7,5.942,41.879,29.174,0.015,1008.3,2.182,72.058,353.186,-0.325,-1.704,-0.003,19.0,1,7,1,0,gas,1
682.914,7.954,72.753,27.329,0.021,1015.8,3.61,71.821,-6.479,0.294,7.847,-0.004,237.0,1,2,1,1,humidity,0
1688.152,5.314,36.34,29.131,0.006,1015.3,2.891,73.798,284.192,0.095,-4.209,0.006,16.0,1,11,1,0,gas,0
1701.886,39.411,48.981,40.737,0.848,1013.6,5.698,74.53,229.087,10.924,-3.295,0.174,181.0,4,15,1,1,smoke,1
668.266,6.26,87.948,36.037,0.174,1009.2,2.977,63.685,-35.794,4.025,10.159,-0.002,221.0,2,19,1,0,humidity,0
513.837,1.992,49.71,53.395,0.018,1017.5,6.479,63.698,-16.192,9.881,-0.69,-0.001,337.0,1,15,0,0,temperature,1
1469.117,39.898,32.363,49.739,0.486,1012.0,3.605,79.81,626.192,8.422,0.331,0.141,276.0,3,7,1,0,smoke,1
590.951,5.135,85.253,25.823,0.187,1010.9,3.229,72.413,-43.005,-1.367,21.797,0.005,73.0,1,16,1,0,humidity,0
544.183,13.311,44.059,23.268,0.363,1018.0,1.679,59.675,26.027,2.627,1.291,0.052,9.0,1,23,0,1,smoke,0
1767.382,48.748,24.422,47.836,0.579,1014.7,1.385,54.705,228.235,3.209,-0.342,0.221,303.0,3,1,0,0,smoke,1
524.603,4.891,92.765,27.468,0.092,1015.8,4.743,79.496,-11.497,2.844,7.469,0.003,25.0,1,3,1,0,humidity,0
955.883,14.62,65.896,26.694,0.027,1019.1,3.269,79.386,275.977,-1.128,-1.423,0.001,217.0,1,10,1,1,gas,0
592.863,7.458,46.194,30.488,0.321,1018.0,3.635,78.283,42.555,3.168,-1.132,0.183,20.0,1,17,1,1,smoke,0
1205.465,11.017,51.381,24.537,0.023,1010.6,0.777,60.825,444.148,-1.278,-1.434,0.002,168.0,1,20,0,0,gas,0
678.852,4.582,87.709,29.179,0.162,1012.0,3.866,77.311,-30.026,1.297,5.442,-0.005,71.0,1,7,1,0,humidity,0
1531.912,15.422,55.132,26.27,0.042,1009.8,5.605,73.022,371.108,-0.689,0.326,-0.012,24.0,1,12,1,0,gas,0
710.997,2.111,85.727,32.081,0.252,1016.6,4.884,80.2,0.373,0.059,17.898,0.006,26.0,1,21,1,0,humidity,0
793.184,8.708,85.978,35.755,0.18,1009.6,4.721,72.621,-8.68,-0.457,14.839,0.005,143.0,1,18,1,0,humidity,0
636.338,1.324,88.078,34.928,0.265,1013.4,2.081,52.871,30.276,0.39,20.01,0.003,36.0,1,3,0,0,humidity,0
551.221,23.361,33.894,23.099,0.219,1018.6,4.456,79.036,-11.492,0.297,0.685,0.191,49.0,1,9,1,1,smoke,0
460.214,5.623,83.308,21.661,0.022,1015.8,0.98,54.459,30.306,0.401,23.56,-0.001,467.0,1,1,0,1,humidity,0
0.0,4.006,49.5,28.619,0.03,1010.3,3.627,77.69,646.71,-0.102,2.184,-0.001,20.0,1,4,1,0,gas,0
2729.982,31.808,51.942,24.063,0.014,1005.3,1.104,49.355,460.699,0.463,-0.248,0.001,90.0,2,22,0,0,gas,1
501.006,19.117,39.991,22.414,0.463,1013.6,1.589,49.937,0.993,1.278,2.064,0.083,38.0,1,13,0,1,smoke,0
464.446,13.798,36.101,21.098,0.285,1015.3,1.6,47.421,-1.481,1.187,1.74,0.024,64.0,1,10,0,1,smoke,0
1697.225,53.916,43.74,50.081,0.578,1009.6,3.879,72.356,490.171,1.204,-0.944,0.153,72.0,3,3,1,0,smoke,1
664.169,8.506,73.631,21.819,0.017,1007.5,1.073,53.715,33.958,-0.266,10.338,-0.002,12.0,1,5,0,1,humidity,0
663.794,5.202,53.131,21.545,0.315,1011.2,3.606,76.863,-3.557,1.404,-0.227,0.075,58.0,1,19,1,1,smoke,0
1790.039,26.187,51.885,24.723,0.002,1011.1,3.208,73.916,390.813,0.299,-0.987,-0.001,128.0,2,11,1,0,gas,1
634.551,5.07,88.571,33.974,0.316,1012.2,5.502,72.186,-18.408,1.019,27.119,0.006,112.0,1,11,1,0,humidity,0
1708.106,3.32,55.335,23.316,0.026,1013.7,1.448,49.011,-770.983,-0.14,0.571,-0.007,53.0,2,22,0,0,gas,0
1287.8,55.807,23.506,36.263,0.608,1016.9,1.756,57.101,491.049,1.653,-0.526,0.358,48.0,4,5,0,0,smoke,1
401.547,2.305,92.29,34.894,0.152,1010.4,2.024,60.026,27.635,0.863,18.693,0.008,153.0,1,0,0,0,humidity,0
497.569,4.11,85.475,26.852,0.205,1011.9,1.105,57.414,17.537,2.195,21.749,0.001,51.0,1,5,0,0,humidity,0
765.588,17.789,51.367,27.883,0.488,1012.4,3.306,73.316,-21.663,3.136,-0.512,0.051,6.0,1,19,1,1,smoke,0
2294.691,23.065,33.849,25.661,0.02,1001.7,3.029,73.519,384.255,0.198,1.964,0.003,163.0,2,4,1,0,gas,1
583.493,12.714,56.102,22.002,0.356,1010.3,0.436,50.769,17.855,-1.731,-2.524,0.098,27.0,1,5,0,1,smoke,0
967.987,25.602,50.883,23.066,0.006,1015.4,3.48,72.714,226.887,-1.927,-3.249,0.004,12.0,1,7,1,0,gas,0
703.169,11.989,45.135,25.77,0.436,1010.8,4.762,78.872,-20.29,2.283,-1.384,0.051,83.0,2,18,1,1,smoke,0
762.094,3.255,89.9,32.507,0.091,1010.3,3.893,77.438,-12.566,5.435,23.307,-0.008,207.0,1,6,1,0,humidity,0
2131.376,22.402,49.815,26.857,0.01,1007.9,3.532,75.029,655.433,0.216,-0.633,0.003,90.0,2,13,1,0,gas,1
543.062,5.713,74.817,26.724,0.013,1016.5,1.381,56.19,-6.722,0.358,7.681,-0.002,36.0,1,23,0,1,humidity,0
625.837,6.694,98.769,29.147,0.164,1012.0,3.144,75.703,-27.295,1.486,15.347,-0.009,226.0,1,15,1,0,humidity,0
662.198,4.194,43.152,62.681,0.021,1014.4,7.149,83.071,7.221,5.29,0.478,-0.009,351.0,1,11,1,0,temperature,1
2078.57,4.23,37.722,25.994,0.014,1012.8,1.062,59.424,-729.457,-0.682,2.65,-0.006,72.0,1,22,0,0,gas,0
1591.777,0.49,42.457,34.467,0.478,1017.1,0.56,55.557,265.439,2.134,0.395,0.168,68.0,3,2,0,1,smoke,1
446.67,16.585,48.298,22.473,0.385,1012.1,2.001,55.478,14.134,3.04,2.054,0.186,26.0,1,4,0,1,smoke,0
1787.69,26.316,48.35,26.774,0.017,1005.7,3.663,71.917,416.98,0.125,-3.076,-0.003,222.0,2,18,1,0,gas,1
1321.641,8.472,41.76,26.646,0.021,1015.7,5.482,73.025,159.842,-1.441,1.736,-0.002,11.0,1,12,1,1,gas,0
594.902,5.076,98.28,32.125,0.34,1015.6,2.764,81.009,20.13,1.973,13.524,-0.001,79.0,1,21,1,0,humidity,0
539.28,16.285,44.024,24.861,0.413,1009.5,1.553,53.418,25.325,1.186,-0.1,0.165,59.0,1,4,0,1,smoke,0
363.889,6.487,83.974,25.33,0.009,1013.3,1.44,50.635,0.533,0.72,13.793,0.0,335.0,1,6,0,1,humidity,0
2937.346,4.299,37.6,24.961,0.029,1011.8,3.842,76.918,755.235,0.028,-1.212,-0.0,12.0,1,16,1,1,gas,0
456.218,2.885,44.337,25.155,0.02,1014.1,4.863,76.439,-637.376,0.308,-2.699,-0.002,24.0,1,8,1,1,gas,0
1375.333,19.456,49.31,26.122,0.012,1010.3,5.151,73.022,170.805,-1.351,-0.554,0.007,5.0,1,20,1,0,gas,0
1460.584,15.172,39.998,48.876,0.447,1012.4,3.961,71.69,524.241,7.079,0.047,0.26,144.0,4,18,1,0,smoke,1
609.473,10.959,84.624,28.732,0.017,1012.7,3.942,82.489,3.253,0.247,14.242,-0.004,210.0,1,5,1,1,humidity,0
733.058,11.831,79.631,26.854,0.026,1017.0,3.302,74.3,37.821,0.128,14.61,-0.001,66.0,1,7,1,1,humidity,0
1319.276,9.86,52.623,25.416,0.028,1009.5,3.541,74.858,598.332,-1.0,-0.55,0.004,14.0,1,18,1,0,gas,1
755.71,5.407,86.195,31.521,0.192,1012.0,3.316,74.132,-7.193,0.562,18.525,0.012,80.0,1,16,1,1,humidity,0
741.377,3.513,50.16,60.815,0.024,1007.2,11.071,86.619,-20.884,4.423,-1.371,-0.001,29.0,1,10,1,0,temperature,1
770.446,5.979,91.448,33.215,0.175,1013.4,4.124,82.973,18.316,4.205,3.095,0.007,96.0,2,20,1,0,humidity,0
685.587,12.024,75.252,23.065,0.011,1017.9,4.169,78.277,35.813,0.344,12.508,0.002,108.0,1,17,1,1,humidity,0
554.913,0.18,90.17,28.574,0.196,1014.5,0.951,50.592,16.338,4.627,27.429,-0.001,31.0,2,22,0,0,humidity,0
539.02,2.27,80.751,24.422,0.205,1017.7,1.62,57.518,-21.446,3.011,27.391,0.007,33.0,1,23,0,0,humidity,0
571.764,4.859,93.647,33.747,0.233,1012.9,3.411,80.593,34.235,2.015,16.135,0.004,75.0,1,18,1,0,humidity,0
1703.651,8.631,35.289,35.087,0.691,1011.2,3.964,74.434,223.098,5.506,1.493,0.167,127.0,3,19,1,0,smoke,1
722.63,3.518,81.833,32.051,0.188,1015.0,4.529,71.523,-20.012,1.868,11.341,0.006,170.0,1,14,1,0,humidity,0
667.696,9.972,83.516,22.811,0.027,1016.2,3.726,65.48,32.992,-0.199,15.317,0.004,157.0,1,14,1,1,humidity,0
732.033,8.559,89.233,25.877,0.023,1017.5,4.018,71.171,-49.866,0.315,10.152,0.001,102.0,1,15,1,1,humidity,0
1542.528,31.409,43.446,56.069,0.593,1011.2,4.365,76.997,736.535,4.722,-1.58,0.298,191.0,3,11,1,0,smoke,1
713.706,4.306,91.839,31.7,0.227,1016.0,3.107,72.869,-0.827,5.287,9.458,-0.005,56.0,1,13,1,0,humidity,0
1327.269,12.97,38.767,22.162,0.026,1014.9,2.26,63.409,203.044,-1.961,1.695,-0.007,23.0,2,1,0,0,gas,0
1828.755,49.404,37.03,45.933,0.368,1017.3,4.369,69.677,188.178,4.375,0.505,0.365,40.0,3,17,1,1,smoke,1
587.432,5.924,81.056,26.698,0.169,1010.4,4.007,81.362,-17.46,-1.007,8.691,-0.002,28.0,1,2,1,0,humidity,0
1558.591,1.687,42.88,24.025,0.016,1013.2,1.359,57.332,201.523,0.015,-0.36,-0.0,11.0,1,13,0,0,gas,0
661.105,6.146,80.673,32.088,0.243,1020.5,3.536,71.153,-24.292,2.527,22.802,-0.0,25.0,1,8,1,1,humidity,0
2048.554,5.009,46.594,27.4,0.026,1012.7,5.023,77.036,335.809,0.028,0.854,-0.006,10.0,1,14,1,0,gas,0
526.071,3.622,90.685,32.455,0.166,1016.6,0.582,55.747,14.47,0.57,18.61,-0.004,138.0,1,22,0,0,humidity,0
0.0,7.29,41.604,28.881,0.001,1012.7,3.436,74.685,-856.083,0.091,0.241,0.005,11.0,1,19,1,1,gas,0
0.0,2.332,35.316,24.563,0.014,1015.3,0.224,49.156,-611.073,-0.116,1.441,-0.002,22.0,1,3,0,0,gas,0
1902.202,29.274,50.346,24.878,0.011,1007.1,4.825,72.713,445.314,-0.209,-2.186,-0.004,276.0,3,11,1,0,gas,1
556.854,5.067,34.521,20.791,0.387,1010.2,0.351,47.122,-18.98,3.186,-1.451,0.09,21.0,1,22,0,1,smoke,0
787.303,18.111,44.624,26.641,0.393,1012.1,4.838,72.683,28.605,0.171,0.057,0.148,22.0,1,19,1,1,smoke,0
770.69,25.968,46.445,27.024,0.505,1014.1,4.191,75.819,7.046,1.831,-2.878,0.018,40.0,1,13,1,1,smoke,0
724.558,5.731,90.823,27.452,0.094,1014.2,4.51,69.663,8.887,2.211,16.027,-0.003,113.0,1,17,1,0,humidity,0
1432.41,39.745,42.032,44.552,0.787,1013.5,1.534,51.044,175.759,8.961,-2.474,0.107,513.0,3,15,0,0,smoke,1
650.662,7.035,79.831,24.493,0.015,1018.9,3.917,79.37,3.853,-0.446,12.786,0.011,58.0,2,19,1,1,humidity,0
1407.829,20.943,53.477,25.161,0.022,1009.1,1.299,45.494,293.655,-1.667,-1.03,-0.0,10.0,1,11,0,0,gas,0
676.11,30.94,37.172,24.928,0.362,1008.4,5.076,72.594,7.861,1.981,-1.202,0.119,130.0,1,14,1,1,smoke,0
609.175,5.373,24.812,21.666,0.367,1010.2,1.067,48.097,1.915,1.022,-2.226,0.268,101.0,1,23,0,1,smoke,0
393.887,0.963,50.078,54.082,0.014,1013.6,9.018,59.053,-31.83,1.6,4.235,0.006,121.0,2,5,0,0,temperature,1
695.234,22.92,53.055,26.703,0.339,1014.2,5.483,71.229,-11.672,2.868,0.237,0.026,43.0,1,9,1,1,smoke,0
1894.065,5.442,46.139,25.119,0.011,1016.5,3.608,75.321,-1159.836,0.269,-2.365,-0.009,28.0,2,19,1,0,gas,0
743.1,5.48,58.379,24.337,0.328,1011.6,4.343,73.591,29.368,-0.558,-0.499,0.014,89.0,1,16,1,1,smoke,0
734.082,3.808,90.371,33.403,0.321,1011.3,4.219,72.217,-23.166,3.404,16.497,0.008,97.0,1,3,1,0,humidity,0
1353.405,41.148,39.45,50.173,0.668,1009.4,1.384,52.875,235.966,1.483,-0.058,0.06,67.0,2,5,0,0,smoke,1
650.855,8.697,82.678,19.323,0.011,1015.7,0.071,55.447,27.15,0.393,6.396,-0.001,89.0,1,3,0,1,humidity,0
1481.04,25.685,37.343,26.655,0.038,1011.6,3.759,76.592,16.614,-1.798,-0.841,0.004,18.0,1,15,1,1,gas,0
585.416,1.516,51.166,26.856,0.319,1009.8,0.663,59.184,35.57,1.903,-0.699,0.22,16.0,1,17,0,1,smoke,0
1610.242,36.567,32.177,52.467,0.757,1018.0,3.659,78.263,36.112,3.4,1.214,0.251,62.0,4,10,1,0,smoke,1
797.269,3.519,54.636,52.549,0.02,1012.4,8.269,83.53,-9.996,5.335,-2.898,-0.004,41.0,1,3,1,0,temperature,1
450.122,3.694,81.106,27.26,0.262,1015.1,2.516,58.782,39.846,2.884,18.526,0.001,299.0,1,11,0,0,humidity,0
645.903,3.999,86.304,39.105,0.297,1016.9,3.679,71.132,15.182,3.685,31.965,0.002,35.0,2,11,1,0,humidity,0
726.557,14.011,80.817,27.306,0.029,1009.8,3.767,73.985,-1.747,-0.098,18.896,0.001,179.0,2,10,1,1,humidity,0
1309.195,65.049,34.555,48.593,0.18,1014.9,5.022,76.714,323.791,1.972,1.783,0.156,52.0,3,17,1,0,smoke,1
851.623,-0.005,34.388,26.703,0.016,1007.5,3.386,76.596,282.708,-2.015,-1.028,-0.009,20.0,1,7,1,0,gas,0
0.0,3.759,52.119,26.593,0.031,1014.1,0.173,53.189,734.951,0.083,-1.561,-0.01,6.0,1,13,0,0,gas,0
0.0,4.476,59.122,26.474,0.016,1013.2,3.414,78.286,-971.887,-0.52,-1.296,-0.007,50.0,1,15,1,1,gas,0
2335.977,5.582,46.564,25.711,0.016,1012.7,3.683,72.321,-1249.441,-0.186,0.649,-0.004,10.0,1,10,1,0,gas,0
1496.684,44.678,37.113,53.701,0.44,1009.3,0.948,56.2,390.317,2.071,0.082,0.216,384.0,3,22,0,0,smoke,1
728.26,4.391,43.957,61.936,0.021,1011.2,8.592,96.71,-6.185,10.613,-0.541,0.002,16.0,1,20,1,0,temperature,1
606.065,4.37,94.558,30.199,0.186,1015.6,2.187,75.102,-9.187,4.859,27.652,0.002,134.0,1,18,1,0,humidity,0
639.009,4.962,45.568,54.87,0.017,1014.8,9.545,84.458,-2.675,11.187,1.962,0.005,92.0,1,10,1,0,temperature,1
1381.467,10.324,44.618,23.817,0.024,1012.9,4.767,76.085,247.59,-1.391,-1.03,0.008,43.0,1,5,1,0,gas,0
1374.345,41.216,50.66,56.428,0.353,1012.5,2.652,68.262,262.168,7.379,1.725,0.09,76.0,3,16,1,0,smoke,1
652.083,5.031,88.865,29.973,0.136,1011.1,4.461,74.386,-11.226,1.234,22.862,-0.006,24.0,1,15,1,0,humidity,0
599.16,23.745,50.005,21.537,0.272,1013.2,0.666,50.015,49.263,2.464,-0.167,0.099,24.0,1,2,0,1,smoke,0
627.429,4.425,41.572,24.056,0.455,1013.5,3.371,74.556,-13.159,2.551,0.142,0.096,9.0,1,18,1,1,smoke,0
0.0,3.38,47.18,25.707,0.023,1010.7,3.751,81.763,613.96,0.23,0.023,-0.004,8.0,1,9,1,0,gas,0
1619.031,41.791,40.893,55.822,0.499,1014.3,3.493,78.672,584.538,2.985,1.687,0.196,325.0,3,12,1,0,smoke,1
2394.028,25.98,51.752,22.128,0.028,1011.3,2.253,73.72,192.045,0.283,0.233,-0.001,217.0,2,12,1,0,gas,1
1363.111,35.175,44.041,37.437,0.666,1015.2,0.945,46.032,-31.102,11.189,-1.939,0.06,131.0,3,3,0,0,smoke,1
675.935,6.509,26.148,25.72,0.542,1011.4,3.265,70.683,-8.09,4.992,0.23,0.2,14.0,1,4,1,1,smoke,0
398.765,18.071,30.288,23.273,0.439,1014.4,1.683,51.76,-5.336,2.821,-0.194,0.069,7.0,2,1,0,1,smoke,0
0.0,4.987,41.938,26.861,0.035,1010.7,4.38,73.06,-842.473,0.38,-1.852,0.002,31.0,1,23,1,1,gas,0
874.475,4.041,47.952,26.76,0.025,1013.0,3.279,69.697,159.327,-2.368,2.842,0.004,13.0,1,19,1,0,gas,0
695.941,22.528,47.504,25.765,0.275,1016.2,3.476,75.139,16.182,2.309,-1.533,0.077,16.0,2,20,1,1,smoke,0
605.31,7.907,27.065,21.893,0.355,1015.4,1.221,54.29,1.645,1.237,-1.715,0.064,24.0,1,1,0,1,smoke,0
1608.656,41.711,46.462,65.193,0.264,1018.2,3.567,73.616,446.623,-0.401,-0.267,0.242,60.0,2,6,1,1,smoke,1
647.065,22.659,53.394,26.848,0.294,1016.4,2.348,69.248,26.906,1.698,-1.079,0.123,13.0,1,4,1,1,smoke,0
559.846,2.123,90.469,30.94,0.209,1011.4,0.284,55.532,-3.847,4.859,15.458,0.001,75.0,1,23,0,0,humidity,0
548.142,15.664,52.026,24.177,0.473,1011.1,0.399,60.016,37.559,3.508,-0.28,0.127,11.0,1,4,0,1,smoke,0
512.6,1.847,94.201,25.974,0.131,1017.9,0.09,48.103,16.743,3.758,18.139,-0.004,232.0,1,21,0,0,humidity,0
556.726,5.229,94.792,37.805,0.152,1013.7,3.46,77.225,25.453,2.842,19.397,-0.005,220.0,1,16,1,1,humidity,0
668.661,4.963,80.636,29.993,0.228,1015.6,3.394,70.303,-8.735,2.028,21.355,0.002,239.0,2,17,1,0,humidity,0
455.024,1.651,89.544,26.849,0.263,1008.2,1.544,57.334,-1.384,0.257,14.584,-0.001,215.0,1,4,0,0,humidity,0
1879.748,1.917,39.476,29.361,0.029,1013.9,4.517,77.573,167.509,0.412,-0.046,-0.004,9.0,1,19,1,0,gas,0
560.21,4.062,84.134,29.86,0.141,1011.7,4.134,78.932,6.645,1.406,17.095,-0.004,58.0,2,13,1,0,humidity,0
1557.28,32.955,54.676,24.435,0.02,999.7,3.12,69.307,641.122,0.702,-0.678,0.005,574.0,3,17,1,0,gas,1
594.187,4.46,79.481,32.133,0.191,1013.9,0.978,55.543,5.294,2.933,11.428,0.003,122.0,1,5,0,1,humidity,0
471.026,14.775,39.256,24.223,0.331,1009.4,0.169,57.461,-24.709,1.257,1.963,0.151,17.0,1,2,0,1,smoke,0
717.522,21.347,51.521,26.792,0.371,1011.3,4.322,74.216,12.997,2.042,0.389,0.123,86.0,1,13,1,1,smoke,0
559.726,3.494,86.672,24.623,0.124,1011.6,0.612,48.88,24.49,1.871,30.505,0.001,129.0,1,5,0,0,humidity,0
741.033,6.461,91.49,33.569,0.154,1008.9,3.552,69.551,4.809,2.297,13.345,0.004,26.0,2,10,1,0,humidity,0
553.3,3.466,90.083,26.093,0.158,1010.3,4.328,74.679,-2.564,2.884,13.412,0.0,61.0,1,9,1,0,humidity,0
568.656,11.036,84.209,28.093,0.019,1014.5,3.489,70.463,25.15,0.664,19.512,0.002,198.0,1,10,1,1,humidity,0
2453.686,15.799,49.625,21.971,0.029,1006.4,2.95,75.533,504.31,-0.203,-2.415,-0.003,67.0,2,17,1,0,gas,1
689.493,5.903,80.908,31.312,0.322,1013.4,3.956,77.159,-17.587,2.013,30.902,0.001,72.0,2,16,1,0,humidity,0
694.585,11.445,74.992,27.847,0.031,1015.6,3.641,77.636,-20.115,-0.198,3.757,-0.006,86.0,1,10,1,1,humidity,0
735.075,3.685,57.089,46.858,0.009,1017.2,7.667,79.744,16.043,2.772,2.832,0.007,124.0,2,7,1,0,temperature,1
2610.732,10.097,42.451,28.401,0.02,1012.3,4.219,68.982,455.456,0.169,-2.047,-0.003,80.0,2,9,1,0,gas,1
1193.481,21.713,46.895,25.642,0.019,1017.5,3.67,72.809,202.693,-0.539,-1.815,0.002,12.0,1,18,1,0,gas,0
674.863,11.992,70.642,21.558,0.013,1013.6,1.012,50.303,27.274,0.433,4.909,-0.002,675.0,1,22,0,1,humidity,0
702.917,20.221,31.704,24.807,0.379,1016.5,2.438,73.358,4.859,1.925,-0.196,0.134,79.0,2,13,1,1,smoke,0
620.624,3.436,80.9,25.549,0.151,1011.5,4.042,78.338,-7.241,3.053,21.253,-0.003,38.0,1,17,1,0,humidity,0
662.592,6.916,83.669,31.795,0.203,1015.5,4.626,69.173,15.126,1.472,21.711,0.0,204.0,1,5,1,0,humidity,0
771.387,14.51,46.256,25.734,0.204,1010.1,3.959,78.02,-4.152,0.982,0.258,0.113,22.0,2,17,1,1,smoke,0
793.372,8.655,43.383,21.089,0.015,1015.7,0.913,54.619,336.422,-2.687,1.547,-0.004,19.0,1,23,0,0,gas,0
1150.024,19.222,60.797,27.71,0.032,1008.8,4.457,70.548,264.32,-0.561,0.516,0.006,11.0,1,8,1,0,gas,0
734.957,4.358,85.985,32.175,0.179,1011.0,4.908,75.165,15.778,0.667,25.758,-0.01,82.0,2,18,1,0,humidity,0
731.155,2.414,92.306,30.667,0.189,1010.5,3.761,76.467,-2.525,3.088,22.534,0.006,1490.0,1,10,1,0,humidity,0
1391.216,7.85,38.914,25.891,0.029,1014.6,5.6,75.402,157.51,-1.913,-2.685,-0.0,37.0,1,17,1,0,gas,0
595.347,5.99,87.498,30.934,0.119,1016.2,2.581,56.963,0.12,2.295,16.776,-0.002,141.0,1,3,0,0,humidity,0
619.835,4.957,85.635,30.416,0.147,1015.2,1.692,50.717,-30.042,2.99,19.16,-0.001,136.0,1,3,0,0,humidity,0
520.424,2.88,90.991,26.879,0.142,1012.8,0.935,52.119,7.683,1.991,20.158,-0.001,30.0,1,0,0,0,humidity,0
1233.745,15.71,45.572,27.005,0.022,1014.4,3.57,69.013,335.285,-1.634,-0.376,0.011,67.0,1,7,1,0,gas,0
1925.685,27.555,34.674,23.601,0.003,1006.3,3.965,75.901,114.721,-0.297,1.263,-0.002,378.0,2,11,1,1,gas,1
572.854,19.278,47.831,22.024,0.394,1013.7,0.826,46.888,-0.181,3.202,-0.593,0.197,30.0,1,1,0,1,smoke,0
1359.034,18.767,38.776,25.876,0.014,1011.1,0.333,55.322,-26.562,-0.668,-0.26,-0.001,30.0,1,23,0,0,gas,0
579.923,4.379,58.185,58.654,0.011,1015.9,7.314,75.928,18.668,13.088,-0.058,-0.003,38.0,1,23,0,0,temperature,1
423.653,7.103,75.217,21.614,0.003,1018.8,0.339,60.064,-3.205,-0.304,10.129,-0.005,104.0,1,22,0,1,humidity,0
689.894,5.824,85.823,32.155,0.149,1015.4,3.19,69.982,23.527,1.834,25.197,-0.002,269.0,1,16,1,0,humidity,0
1521.836,7.231,54.33,26.19,0.014,1013.0,0.36,55.561,238.986,-1.92,1.007,0.015,41.0,1,0,0,0,gas,0
605.519,21.522,42.129,22.666,0.375,1009.2,1.4,59.047,10.708,0.591,0.931,0.049,28.0,1,8,0,1,smoke,0
463.253,4.281,82.684,29.196,0.272,1009.9,1.066,61.228,-9.848,-0.767,19.426,0.01,77.0,1,1,0,0,humidity,0
1076.945,21.757,52.793,25.195,0.029,1018.2,3.932,73.166,246.009,-0.366,1.752,0.009,17.0,1,10,1,0,gas,0
1109.924,15.215,28.948,27.392,0.022,1009.9,3.59,81.192,221.248,-1.544,1.278,-0.0,19.0,1,9,1,0,gas,0
642.711,6.616,36.987,25.915,0.629,1012.2,0.677,55.601,-7.59,2.572,-0.114,0.093,9.0,1,22,0,1,smoke,0
626.232,4.313,88.811,30.949,0.145,1012.6,1.114,42.499,-28.662,3.118,20.02,0.001,19.0,1,2,0,1,humidity,0
590.995,10.965,46.024,24.006,0.669,1013.3,3.538,73.288,7.691,0.003,-0.065,0.033,50.0,1,16,1,1,smoke,0
2069.194,2.86,56.231,24.793,0.016,1014.1,4.564,69.832,592.394,0.574,-1.789,0.001,11.0,1,13,1,1,gas,0
1496.732,74.291,38.112,51.42,0.687,1017.4,4.352,69.794,111.811,2.608,0.526,0.086,500.0,3,11,1,0,smoke,1
586.848,5.55,90.754,30.424,0.197,1008.4,0.357,52.882,-13.465,1.919,12.167,-0.002,103.0,1,5,0,1,humidity,0
1256.654,42.557,27.376,55.371,0.407,1011.3,4.453,76.541,34.195,1.577,-0.646,0.159,105.0,4,21,1,0,smoke,1
0.0,4.782,54.791,28.055,0.034,1013.4,3.584,71.259,1168.835,0.216,-0.141,-0.007,37.0,1,6,1,0,gas,0
1247.83,8.296,34.284,24.121,0.008,1007.3,2.598,70.316,198.08,-1.083,-0.785,0.009,24.0,1,13,1,0,gas,0
743.756,12.527,52.688,29.424,0.025,1007.6,4.28,80.599,291.801,-0.941,1.811,0.003,15.0,1,19,1,0,gas,0
0.0,2.554,40.129,23.691,0.016,1011.4,0.224,60.367,-509.946,-0.088,0.338,0.011,11.0,1,0,0,0,gas,0
2708.781,4.329,39.135,24.559,0.016,1014.1,1.349,51.64,-856.692,0.369,-1.06,-0.008,97.0,1,4,0,1,gas,0
708.14,5.718,86.581,31.653,0.178,1010.5,2.354,72.822,17.515,3.326,6.116,-0.002,100.0,1,14,1,0,humidity,0
780.532,6.78,83.298,35.469,0.197,1015.9,4.393,75.478,-21.098,3.013,19.439,-0.001,80.0,1,13,1,0,humidity,0
642.959,8.315,73.792,25.199,0.013,1010.9,1.636,53.648,41.746,0.704,9.645,-0.003,139.0,1,1,0,1,humidity,0
624.053,9.872,86.394,26.579,0.021,1012.8,4.042,77.83,-14.847,-0.26,19.704,-0.003,129.0,1,21,1,1,humidity,0
2076.309,28.022,50.971,21.93,0.01,1007.6,0.381,52.655,448.987,-0.224,-1.545,-0.009,56.0,2,14,0,1,gas,1
655.075,3.445,80.732,30.614,0.172,1013.9,5.943,72.485,-13.35,2.957,17.877,0.006,470.0,1,6,1,1,humidity,0
1355.403,19.677,35.04,22.578,0.015,1005.0,4.846,79.306,327.997,-1.791,2.184,0.006,12.0,1,12,1,0,gas,0
0.0,2.25,45.95,24.536,0.021,1010.9,2.062,57.254,375.705,-0.17,0.303,0.002,22.0,2,1,0,0,gas,0
643.18,9.669,82.55,28.817,0.037,1010.2,4.546,81.58,26.541,0.016,9.959,-0.003,17.0,2,14,1,1,humidity,0
770.94,13.059,65.622,23.378,0.021,1013.8,4.935,74.775,31.17,-0.358,15.155,-0.005,99.0,1,5,1,1,humidity,0
1428.008,52.524,43.888,52.595,0.502,1013.6,5.253,72.225,508.56,4.618,0.597,0.306,91.0,2,7,1,0,smoke,1
678.128,3.66,89.051,26.978,0.127,1016.0,2.955,70.741,37.745,4.109,21.815,-0.002,60.0,1,15,1,0,humidity,0
522.371,7.369,83.65,26.227,0.017,1012.9,0.537,54.525,25.352,0.289,14.264,0.002,50.0,1,3,0,1,humidity,0
0.0,3.637,50.373,26.887,0.012,1011.3,4.295,77.642,364.855,0.743,0.765,-0.0,39.0,2,18,1,0,gas,0
524.468,6.746,49.912,23.308,0.456,1009.0,3.065,57.459,-15.082,0.901,1.613,0.17,20.0,1,2,0,1,smoke,0
1671.257,15.535,52.214,27.93,0.013,1016.2,2.718,75.461,303.104,-1.737,1.363,-0.006,52.0,1,20,1,0,gas,0
2282.662,24.103,42.561,25.227,0.025,1002.9,3.253,82.534,168.566,-0.223,-0.581,0.004,587.0,3,1,1,0,gas,1
1243.435,18.608,28.981,25.386,0.021,1017.6,3.262,76.975,400.285,-0.943,0.412,-0.004,35.0,1,6,1,0,gas,0
614.984,9.65,74.895,25.073,0.015,1012.1,1.401,52.469,19.648,-1.138,20.89,0.007,89.0,1,5,0,1,humidity,0
706.675,14.283,77.313,23.596,0.032,1015.4,4.864,72.83,-30.785,-0.379,8.917,0.004,166.0,1,18,1,1,humidity,0
0.0,4.247,53.053,22.925,0.014,1016.8,0.999,53.365,47.783,0.036,-0.041,-0.001,50.0,1,0,0,0,gas,0
1343.5,25.655,14.887,37.096,0.546,1014.9,0.844,53.539,431.987,9.229,1.986,0.267,130.0,3,5,0,0,smoke,1
844.986,10.144,60.633,23.429,0.01,1011.1,0.33,52.124,236.501,-1.616,-2.145,-0.01,79.0,1,22,0,0,gas,0
574.897,3.173,91.027,20.718,0.087,1012.4,1.296,51.01,-7.311,1.75,10.434,0.005,45.0,1,2,0,0,humidity,0
763.14,3.611,87.417,30.366,0.179,1016.2,3.261,80.36,-5.227,2.241,17.985,0.008,36.0,1,17,1,0,humidity,0
2418.098,28.941,52.42,23.004,0.019,1011.5,4.196,72.978,200.987,0.268,-1.178,0.001,276.0,3,7,1,0,gas,1
707.034,6.921,81.298,31.796,0.153,1018.5,3.534,70.366,-29.754,2.918,12.344,0.004,257.0,1,13,1,0,humidity,0
524.404,3.831,55.251,54.423,0.014,1014.2,8.024,59.078,-5.231,6.74,-0.019,0.005,92.0,2,3,0,0,temperature,1
601.632,5.763,51.834,56.224,0.03,1007.1,7.11,71.46,-26.916,11.264,1.879,-0.009,231.0,2,11,0,0,temperature,1
1630.566,8.904,38.358,28.028,0.013,1014.4,4.313,81.499,301.371,-1.607,-0.747,0.002,9.0,1,7,1,0,gas,0
558.032,2.189,45.744,24.182,0.407,1014.5,0.791,53.284,6.796,1.149,-0.28,0.117,100.0,2,17,0,1,smoke,0
543.766,19.046,43.378,19.541,0.081,1016.8,0.082,60.165,-26.518,2.506,1.911,0.174,10.0,1,2,0,1,smoke,0
0.0,4.909,44.664,25.78,0.036,1008.3,3.495,72.879,620.911,-0.311,-1.557,0.002,14.0,1,7,1,0,gas,0
720.905,10.1,72.794,24.735,0.005,1015.4,3.469,82.455,6.465,-0.052,19.498,0.001,84.0,1,9,1,1,humidity,0
617.889,22.745,43.928,28.466,0.298,1017.5,4.036,72.422,1.192,3.882,-0.984,0.106,65.0,1,11,1,1,smoke,0
1616.8,52.214,39.461,47.814,0.455,1012.3,3.541,75.119,235.406,4.404,4.15,0.1,182.0,3,10,1,0,smoke,1
734.121,19.004,39.658,25.092,0.24,1011.3,5.7,70.986,15.323,1.293,-1.341,0.064,16.0,2,15,1,1,smoke,0
621.753,10.171,71.626,22.381,0.015,1011.4,1.81,54.656,12.209,-0.233,1.805,-0.003,307.0,1,0,0,1,humidity,0
1098.041,5.242,45.51,21.407,0.028,1017.2,0.642,51.706,364.85,-1.65,-0.794,-0.008,42.0,1,9,0,0,gas,0
626.439,2.34,39.504,56.884,0.022,1014.6,14.526,84.936,-27.368,9.041,-1.271,-0.006,118.0,1,10,1,0,temperature,1
673.797,3.475,73.78,29.114,0.016,1013.5,4.162,81.574,4.269,0.162,13.983,-0.002,23.0,2,20,1,1,humidity,0
523.002,1.706,39.908,45.979,0.024,1009.9,11.553,63.149,30.549,3.27,1.656,-0.001,111.0,2,1,0,0,temperature,1
2395.257,4.766,45.071,24.599,0.031,1018.6,3.008,78.87,-856.374,-0.552,0.931,-0.008,37.0,1,18,1,0,gas,0
690.838,1.209,91.103,24.253,0.22,1009.2,1.665,56.485,-25.01,0.154,22.83,0.003,60.0,1,23,0,0,humidity,0
1367.268,12.116,45.425,24.589,0.028,1015.2,3.25,83.137,233.667,-1.617,0.512,-0.006,11.0,1,9,1,0,gas,0
652.951,14.48,61.186,26.376,0.532,1008.7,2.456,75.631,16.565,1.69,1.224,0.164,16.0,1,15,1,1,smoke,0
610.212,8.631,80.067,19.382,0.019,1007.3,2.009,59.23,-13.177,0.203,18.187,0.004,95.0,1,16,0,1,humidity,0
1099.57,22.765,43.586,25.45,0.011,1008.6,2.886,76.733,366.983,-1.327,0.122,-0.004,95.0,1,10,1,0,gas,1
665.905,7.293,87.991,34.598,0.199,1012.7,3.244,75.713,-12.642,2.442,18.051,0.003,20.0,1,1,1,0,humidity,0
1242.226,16.124,41.838,26.369,0.028,1010.0,4.842,74.566,113.0,-1.28,1.559,0.014,38.0,1,11,1,0,gas,0
1635.544,10.826,32.955,54.773,0.688,1016.4,3.963,80.665,428.623,7.755,0.036,0.278,107.0,4,12,1,0,smoke,1
580.464,13.296,54.337,21.566,0.35,1008.4,2.612,52.729,-12.956,0.253,-0.716,0.168,15.0,1,1,0,1,smoke,0
1110.265,18.228,49.091,29.665,0.01,1013.9,3.443,71.143,410.86,-1.467,1.408,0.002,48.0,1,1,1,0,gas,0
572.755,6.869,83.189,24.344,0.041,1013.7,0.681,57.434,32.057,-0.213,13.305,0.006,140.0,1,9,0,1,humidity,0
2628.784,4.479,52.157,24.777,0.015,1016.1,3.129,81.705,353.928,0.034,-1.467,-0.005,20.0,2,13,1,0,gas,0
876.169,15.721,35.57,36.04,0.642,1006.5,1.605,50.386,387.286,11.278,0.476,0.135,84.0,2,2,0,0,smoke,1
1802.171,18.139,41.582,56.102,0.407,1012.7,0.304,57.41,497.547,5.295,3.098,0.185,112.0,2,16,0,0,smoke,1
2574.642,1.653,51.225,26.457,0.015,1012.6,3.06,78.643,999.39,0.005,1.24,0.001,66.0,1,13,1,0,gas,0
1203.009,14.629,36.699,26.375,0.015,1011.6,0.335,51.871,260.29,-1.24,-2.167,0.006,35.0,1,4,0,1,gas,0
0.0,6.252,36.376,20.722,0.028,1014.3,0.589,54.264,735.616,0.116,0.516,0.002,49.0,1,22,0,0,gas,0
802.483,11.759,49.844,23.306,0.018,1012.7,3.103,71.939,208.831,-1.759,-1.218,0.001,31.0,1,13,1,0,gas,0
574.554,16.015,45.695,22.999,0.293,1018.4,2.115,57.264,-18.433,3.806,-2.615,0.043,19.0,1,5,0,1,smoke,0
1467.924,8.335,42.442,22.325,0.027,1015.2,2.513,68.606,359.017,-2.3,0.898,0.001,39.0,1,19,1,0,gas,0
1159.009,17.185,46.686,23.834,0.013,1014.2,4.086,76.08,100.369,-1.784,0.71,-0.002,24.0,1,14,1,1,gas,0
1199.811,16.153,31.068,23.645,0.033,1013.8,5.091,68.924,200.124,-1.724,-0.953,-0.003,20.0,1,3,1,0,gas,0
603.619,5.94,80.185,28.943,0.155,1009.7,1.488,58.586,-18.043,3.522,15.841,0.004,69.0,1,12,0,0,humidity,0
1130.976,22.663,51.643,25.151,0.02,1012.8,5.328,75.08,275.793,-0.96,-0.361,0.0,19.0,1,21,1,0,gas,0
578.112,12.361,47.465,20.827,0.124,1013.1,1.559,57.352,-26.048,3.586,0.788,-0.011,43.0,2,9,0,1,smoke,0
1631.894,17.11,39.208,57.521,0.767,1014.6,0.511,55.83,149.606,4.774,1.131,0.26,126.0,2,1,0,0,smoke,1
1345.125,11.571,41.614,25.613,0.017,1009.6,4.025,78.901,237.397,-1.307,1.142,-0.0,11.0,2,12,1,0,gas,0
516.273,5.714,82.094,19.218,0.02,1014.2,1.668,61.076,1.073,-0.342,3.624,0.004,101.0,2,1,0,1,humidity,0
1594.814,4.512,35.689,25.236,0.016,1010.5,3.045,81.145,601.066,0.567,2.246,0.005,8.0,1,13,1,0,gas,0
1756.89,40.526,34.764,51.765,0.296,1010.7,1.688,57.381,527.059,2.038,0.064,0.089,171.0,3,22,0,0,smoke,1
587.696,13.425,47.348,24.277,0.226,1012.6,0.099,51.082,-25.377,1.783,2.639,0.132,7.0,1,4,0,1,smoke,0
1919.888,3.995,48.837,27.609,0.003,1013.8,0.438,51.864,-553.888,-0.108,-1.23,0.003,10.0,1,18,0,0,gas,0
541.045,1.921,86.347,32.644,0.294,1015.9,0.182,54.005,-5.607,4.649,20.998,0.009,294.0,1,2,0,0,humidity,0
0.0,4.501,35.868,27.139,0.032,1010.2,2.704,74.492,-320.648,-0.129,-2.571,-0.003,25.0,1,8,1,0,gas,0
1618.391,21.292,34.523,25.724,0.007,1012.9,5.438,71.89,432.537,-2.206,-0.964,0.003,15.0,1,11,1,0,gas,0
1417.507,14.27,46.095,23.687,0.027,1014.3,2.454,75.497,118.186,-1.833,1.705,0.001,6.0,1,17,1,0,gas,0
662.993,6.726,84.039,28.71,0.273,1014.1,6.14,75.101,-5.265,3.115,15.366,-0.001,99.0,1,6,1,0,humidity,0
1274.473,16.264,44.524,19.549,0.019,1012.5,1.146,62.796,292.367,-1.674,0.439,0.005,35.0,1,2,0,0,gas,0
546.166,7.472,81.937,26.022,0.027,1010.2,0.564,56.165,0.358,0.584,8.758,0.003,75.0,1,0,0,1,humidity,0
581.52,0.684,87.562,23.885,0.229,1010.5,2.19,50.413,25.307,3.537,16.331,0.002,67.0,1,0,0,0,humidity,0
644.905,12.999,49.959,30.516,0.355,1014.1,2.196,77.284,26.855,0.173,-1.818,0.127,9.0,1,22,1,1,smoke,0
460.866,4.503,41.908,47.724,0.013,1010.4,9.502,64.376,3.228,9.803,-1.593,-0.002,443.0,1,17,0,0,temperature,1
1634.014,12.557,36.393,21.55,0.001,1015.2,0.966,56.838,148.881,-0.941,0.107,-0.005,41.0,1,22,0,0,gas,0
641.099,32.141,58.406,26.635,0.285,1015.5,5.155,78.957,-13.893,1.775,1.284,0.193,19.0,2,23,1,1,smoke,0
0.0,5.836,43.235,27.165,0.02,1019.9,0.736,52.684,-581.536,-0.242,-1.066,0.0,12.0,1,16,0,0,gas,0
608.594,12.867,45.936,22.962,0.259,1016.8,2.34,52.863,23.161,-0.113,1.149,0.166,4.0,1,0,0,1,smoke,0
646.733,4.575,43.567,68.184,0.01,1014.4,10.356,93.759,-2.463,4.32,-0.474,0.0,916.0,2,4,1,0,temperature,1
727.653,4.22,93.811,34.16,0.243,1014.3,4.218,73.0,-18.288,2.636,24.429,-0.001,14.0,1,6,1,0,humidity,0
1539.309,53.458,28.737,36.007,0.574,1019.0,4.021,74.526,465.809,0.279,-0.205,0.145,123.0,4,17,1,0,smoke,1
657.514,5.813,90.668,28.741,0.327,1018.6,3.859,74.566,-23.34,1.546,23.928,0.003,137.0,1,15,1,0,humidity,0
538.816,4.499,87.759,31.92,0.062,1015.7,0.662,52.163,17.207,0.541,18.544,-0.001,30.0,1,21,0,0,humidity,0
1636.034,17.524,27.872,60.956,0.677,1013.4,1.878,56.691,578.962,3.366,-0.728,0.221,115.0,2,22,0,0,smoke,1
1591.41,2.698,53.833,23.631,0.027,1019.6,0.022,50.109,628.791,-0.834,0.921,-0.001,33.0,1,18,0,0,gas,0
677.39,11.346,77.196,25.842,0.043,1011.9,2.758,73.908,21.142,0.537,10.283,-0.008,217.0,1,11,1,1,humidity,0
612.592,3.028,92.835,34.59,0.279,1013.6,2.49,71.927,20.74,1.738,9.112,0.007,93.0,1,23,1,0,humidity,0
504.802,6.919,35.979,21.125,0.309,1015.2,1.878,54.583,2.03,0.814,-2.913,0.213,18.0,2,0,0,1,smoke,0
715.609,2.77,92.615,27.17,0.156,1016.2,4.332,75.167,19.29,3.527,22.564,-0.001,155.0,1,15,1,0,humidity,0
597.737,5.371,90.442,29.678,0.093,1014.4,2.945,74.22,-3.301,5.198,11.781,-0.008,42.0,1,15,1,0,humidity,0
445.125,20.446,40.392,24.968,0.339,1012.8,1.22,48.176,-3.054,1.239,0.329,0.128,12.0,1,2,0,1,smoke,0
548.505,24.569,49.912,24.06,0.354,1011.9,1.344,51.433,-43.674,1.02,-0.899,0.094,29.0,1,3,0,1,smoke,0
1448.015,26.302,41.712,63.367,0.563,1011.8,3.114,70.482,395.539,0.989,0.064,0.29,49.0,3,8,1,0,smoke,1
426.809,10.204,51.457,23.547,0.411,1015.2,0.354,56.935,15.179,0.886,-1.076,0.199,23.0,1,2,0,1,smoke,0
509.538,0.896,77.554,28.829,0.217,1011.7,0.257,55.016,-15.789,-1.269,23.757,-0.004,52.0,1,3,0,0,humidity,0
598.764,7.784,90.279,35.825,0.185,1017.6,3.73,76.223,-17.099,2.624,34.101,-0.004,13.0,1,10,1,0,humidity,0
2082.752,29.235,31.854,49.445,0.327,1009.9,5.203,76.219,170.76,6.13,1.944,0.169,233.0,2,15,1,0,smoke,1
1516.096,2.691,43.441,24.152,0.022,1015.5,3.256,75.333,-871.405,0.167,-1.029,0.001,27.0,1,6,1,1,gas,0
614.47,22.447,43.298,22.043,0.524,1010.4,1.089,52.145,-9.789,1.072,-2.706,0.072,29.0,1,4,0,1,smoke,0
0.0,4.381,51.549,26.571,0.018,1012.0,5.117,74.342,272.646,0.324,-1.292,0.002,21.0,1,14,1,0,gas,0
0.0,6.931,44.454,27.155,0.024,1010.4,4.049,75.12,-240.03,-0.128,0.717,-0.001,14.0,1,8,1,1,gas,0
1168.884,29.168,19.065,43.611,0.435,1012.0,1.229,55.028,495.954,4.024,0.709,0.1,88.0,3,4,0,0,smoke,1
1233.192,16.466,50.753,26.61,0.033,1010.9,5.019,72.989,370.32,-2.853,0.985,0.007,50.0,1,12,1,0,gas,0
2514.634,9.638,32.677,21.592,0.018,1012.3,1.476,54.221,250.288,0.04,-0.73,0.002,399.0,3,1,0,0,gas,1
491.227,2.292,85.238,25.641,0.235,1015.3,0.922,62.847,-7.818,0.7,15.428,0.001,21.0,1,23,0,0,humidity,0
526.875,8.142,88.552,21.305,0.031,1012.0,2.03,54.032,41.057,0.003,10.223,-0.003,80.0,1,0,0,1,humidity,1
1576.585,41.3,23.668,44.213,0.359,1012.2,4.172,76.582,566.413,12.658,-1.828,0.24,187.0,4,15,1,0,smoke,1
561.759,7.458,79.156,23.685,0.016,1010.1,0.913,54.255,-31.031,0.471,17.647,-0.002,126.0,2,23,0,1,humidity,0
1917.118,26.221,39.658,56.895,0.643,1014.9,0.824,53.59,396.435,6.768,1.722,0.158,91.0,2,5,0,0,smoke,1
1094.674,16.144,53.009,28.586,0.024,1014.8,3.975,68.49,240.784,-1.205,1.046,-0.013,44.0,1,8,1,0,gas,0
569.824,4.581,80.153,29.592,0.193,1004.9,4.084,81.491,4.641,4.595,14.814,0.007,12.0,1,13,1,0,humidity,0
2261.734,22.939,56.169,26.781,0.017,1012.8,1.74,53.863,184.96,0.241,-0.086,0.015,189.0,2,10,0,0,gas,1
656.251,4.061,89.547,35.71,0.141,1016.0,4.259,77.343,32.618,3.632,16.459,0.009,7.0,1,7,1,0,humidity,0
1685.791,11.722,53.291,27.014,0.019,1012.5,5.043,78.386,427.932,-1.081,0.118,0.001,263.0,1,20,1,0,gas,0
662.267,9.29,77.179,23.959,0.024,1013.5,3.472,72.586,-1.622,-0.207,18.253,0.009,65.0,1,17,1,1,humidity,0
553.605,23.217,44.985,21.285,0.182,1014.2,1.459,56.983,1.633,2.293,1.395,0.119,30.0,1,2,0,1,smoke,0
582.554,6.461,89.441,29.295,0.264,1016.7,1.457,53.582,15.143,4.628,22.681,-0.005,45.0,1,1,0,0,humidity,0
591.217,3.802,82.066,34.857,0.17,1019.3,4.517,74.881,-4.072,3.108,12.157,-0.008,81.0,1,0,1,0,humidity,0
672.785,10.913,69.572,25.48,0.021,1013.9,2.535,73.521,-37.44,0.224,15.769,-0.0,170.0,2,6,1,1,humidity,0
845.317,19.443,40.524,21.059,0.001,1015.0,2.017,50.148,129.652,-1.696,0.331,0.002,13.0,1,2,0,0,gas,0
1157.808,14.937,38.869,21.133,0.021,1012.0,0.54,58.573,-60.658,-1.236,-0.395,0.009,47.0,1,4,0,0,gas,0
1920.112,16.206,50.327,23.37,0.008,1009.9,2.66,76.248,429.978,-0.395,0.392,0.005,27.0,2,10,1,0,gas,1
635.826,7.254,73.646,30.131,0.021,1018.1,2.645,73.269,-24.517,-0.086,16.09,0.005,122.0,1,20,1,1,humidity,0
632.408,6.17,86.129,33.79,0.14,1016.6,3.591,77.966,-2.55,2.304,32.326,0.0,45.0,1,8,1,0,humidity,0
3069.04,3.204,32.514,21.154,0.025,1012.7,1.033,56.312,981.384,-0.379,1.503,0.013,209.0,1,13,0,0,gas,0
691.987,4.323,49.577,50.081,0.019,1015.7,9.044,89.853,20.073,5.913,-4.462,-0.003,370.0,2,7,1,0,temperature,1
639.078,20.698,38.733,25.162,0.316,1011.6,3.515,79.443,-18.133,-0.243,-1.933,0.14,34.0,2,20,1,1,smoke,0
596.624,4.109,44.842,62.29,0.006,1012.7,9.52,67.567,-35.161,5.106,-0.35,-0.008,136.0,1,5,0,1,temperature,1
503.174,2.273,55.821,60.415,0.036,1014.9,7.257,75.517,-7.75,6.678,-2.388,-0.005,95.0,2,23,0,0,temperature,1
0.0,3.371,40.762,21.972,0.007,1013.8,0.718,59.088,1303.596,-0.346,-1.367,-0.005,127.0,1,10,0,0,gas,0
761.806,21.891,45.857,27.743,0.295,1011.5,3.732,75.834,10.347,3.811,1.4,0.082,40.0,1,5,1,1,smoke,0
538.712,5.059,87.719,24.122,0.243,1009.6,0.988,59.424,-7.313,4.633,10.996,0.002,47.0,1,13,0,0,humidity,0
482.371,9.561,70.813,20.882,0.026,1012.4,0.048,57.378,-8.029,-0.135,16.957,-0.008,31.0,1,11,0,1,humidity,0
464.945,7.034,71.984,24.966,0.018,1012.6,1.848,55.875,-1.694,-0.492,3.987,0.003,191.0,1,22,0,1,humidity,0
636.937,12.068,90.992,24.061,0.008,1008.8,4.393,71.311,-22.373,-0.681,22.242,0.001,266.0,1,12,1,1,humidity,0
648.299,6.332,91.577,33.286,0.248,1012.6,4.419,81.526,0.212,2.638,14.164,-0.005,56.0,2,8,1,1,humidity,0
0.0,1.921,54.55,27.189,0.032,1012.6,0.526,56.097,1140.828,0.308,-1.669,0.001,22.0,1,1,0,0,gas,0
457.889,7.577,80.87,22.341,0.03,1014.7,2.765,59.932,-11.847,0.08,11.664,-0.007,295.0,1,21,0,1,humidity,0
1197.284,15.121,47.775,25.416,0.02,1014.1,3.254,75.932,263.761,-1.476,0.981,0.005,109.0,1,16,1,1,gas,0
1828.099,30.263,46.179,65.31,0.428,1005.5,3.935,83.752,50.152,8.267,-1.94,0.356,44.0,3,20,1,0,smoke,1
652.121,7.693,81.012,24.317,0.021,1011.0,3.439,76.06,10.351,0.44,6.016,0.005,139.0,1,0,1,1,humidity,0
623.231,6.74,86.77,28.797,0.137,1012.4,4.918,69.216,0.056,3.511,21.643,-0.01,424.0,1,13,1,0,humidity,0
627.441,25.49,49.751,25.145,0.388,1014.0,4.957,76.167,12.025,2.374,1.225,0.122,22.0,1,20,1,1,smoke,0
1218.76,24.863,43.159,23.599,0.018,1010.8,3.537,77.926,546.043,-2.049,1.272,-0.009,9.0,1,13,1,0,gas,0
2078.497,12.95,28.081,61.691,0.621,1004.5,4.606,75.385,368.564,8.083,-1.112,0.366,100.0,3,18,1,0,smoke,1
731.521,7.746,39.79,66.73,0.021,1011.7,9.604,81.726,5.248,2.613,-0.128,0.006,124.0,2,15,1,0,temperature,1
645.552,3.538,95.353,32.249,0.195,1011.7,5.703,71.405,10.047,-1.081,13.981,-0.002,102.0,1,10,1,0,humidity,0
1169.373,15.503,40.147,20.441,0.015,1013.9,0.337,60.231,-18.292,-2.196,0.115,-0.003,16.0,2,20,0,0,gas,0
752.309,19.205,35.713,26.067,0.357,1013.1,4.282,65.527,-1.187,1.602,-0.82,0.004,11.0,1,5,1,1,smoke,0
1005.738,13.068,52.383,23.121,0.02,1012.4,1.164,60.304,423.384,-1.735,-0.133,0.001,35.0,1,0,0,0,gas,0
649.326,18.368,27.023,26.127,0.237,1016.8,4.246,74.074,-25.14,2.22,0.548,0.093,20.0,1,17,1,1,smoke,0
688.516,16.631,38.679,25.537,0.578,1013.7,3.321,82.013,9.339,-0.266,0.999,0.077,56.0,1,18,1,1,smoke,0
0.0,4.468,31.606,23.048,0.02,1013.6,5.434,77.577,799.706,0.202,-0.366,-0.001,66.0,1,9,1,1,gas,0
1450.428,30.692,23.822,55.783,0.754,1010.4,2.253,55.799,291.706,3.074,1.186,0.216,58.0,2,5,0,0,smoke,1
2577.707,5.664,35.186,26.016,0.002,1009.2,4.523,69.544,343.628,0.736,-0.373,-0.002,50.0,3,15,1,0,gas,1
640.225,3.692,87.5,30.782,0.103,1010.3,4.458,76.347,22.322,2.038,18.679,0.004,47.0,2,4,1,0,humidity,0
649.821,10.029,81.321,23.236,0.021,1013.6,5.431,78.715,39.799,-0.115,16.085,0.002,135.0,1,13,1,1,humidity,0
604.472,2.28,88.701,27.405,0.146,1009.7,0.064,55.197,-19.856,5.886,23.951,0.003,69.0,1,23,0,0,humidity,0
605.867,19.271,51.942,28.541,0.334,1013.1,4.475,75.05,27.311,1.485,2.033,0.189,59.0,1,6,1,1,smoke,0
675.666,4.856,85.4,33.579,0.157,1010.1,3.411,68.242,-10.673,3.629,8.229,0.002,26.0,1,6,1,1,humidity,0
702.178,6.93,51.826,52.002,0.028,1010.5,8.093,85.383,14.757,7.021,-0.617,-0.001,735.0,2,14,1,0,temperature,1
730.258,6.793,42.669,28.647,0.354,1009.9,3.965,80.788,2.348,1.302,1.444,0.1,51.0,1,7,1,1,smoke,0
610.822,6.046,92.237,29.782,0.077,1015.2,0.397,60.539,6.196,4.464,15.095,0.002,188.0,1,5,0,0,humidity,0
618.044,2.726,44.341,55.575,0.018,1021.4,9.282,85.024,-8.137,12.06,0.168,-0.001,575.0,1,3,1,0,temperature,1
500.543,4.941,86.396,22.289,0.004,1013.1,0.413,53.402,26.932,-0.814,12.124,0.005,123.0,1,0,0,1,humidity,0
695.967,9.625,42.835,25.83,0.317,1011.7,4.218,77.271,-29.178,2.78,3.221,0.117,9.0,1,11,1,1,smoke,0
598.857,13.484,42.364,24.111,0.292,1011.8,4.756,72.106,5.072,0.819,0.705,0.058,13.0,1,14,1,1,smoke,0
2866.176,4.491,53.776,23.254,0.001,1011.6,3.049,70.151,-926.567,0.214,-4.797,0.005,31.0,1,13,1,0,gas,0
663.359,9.294,29.795,21.706,0.235,1010.0,4.731,70.554,-21.329,2.876,-1.737,0.107,27.0,1,7,1,1,smoke,0
1260.606,14.129,42.669,28.845,0.042,1014.1,3.541,75.758,157.654,-0.973,-0.641,0.003,3.0,1,9,1,0,gas,0
758.339,4.704,86.304,28.252,0.071,1016.7,5.189,74.14,-15.424,3.518,26.855,-0.006,204.0,1,18,1,0,humidity,0
707.531,2.556,87.978,30.077,0.191,1013.1,5.798,79.047,-26.222,1.475,27.259,0.005,48.0,1,7,1,0,humidity,0
738.241,4.255,85.494,32.09,0.265,1013.8,3.933,76.093,-5.437,2.715,26.674,0.003,38.0,1,21,1,0,humidity,0
454.972,11.478,66.943,22.334,0.024,1010.7,0.741,51.535,6.763,-0.473,17.539,-0.002,65.0,1,3,0,1,humidity,0
630.773,4.104,81.411,23.025,0.136,1011.1,1.285,51.157,-20.782,2.381,20.343,-0.003,206.0,1,13,0,0,humidity,0
2387.937,21.549,47.335,24.046,0.014,1008.8,0.243,57.291,180.384,-0.202,0.801,-0.006,352.0,2,0,0,0,gas,1
680.448,10.836,98.506,25.124,0.025,1011.9,4.403,78.952,7.658,-0.65,17.928,0.004,395.0,2,3,1,1,humidity,0
468.211,2.086,82.814,27.953,0.172,1010.3,1.959,55.201,-12.489,1.127,21.736,0.009,37.0,2,19,0,0,humidity,0
1021.751,14.607,37.583,24.876,0.007,1015.3,3.382,71.771,66.647,-1.589,1.128,-0.003,29.0,1,20,1,0,gas,0
764.48,8.701,55.472,28.647,0.297,1014.8,3.721,74.709,3.956,2.516,1.448,0.221,15.0,1,20,1,1,smoke,0
0.0,4.54,38.69,22.453,0.004,1014.0,3.083,77.138,-590.039,0.428,0.817,0.01,11.0,1,21,1,0,gas,0
775.778,7.854,83.106,27.14,0.011,1008.2,3.621,71.678,41.801,-0.22,10.511,-0.002,49.0,1,9,1,1,humidity,0
698.058,11.714,85.701,27.281,0.028,1012.2,4.567,73.64,31.632,-0.518,10.142,0.0,255.0,1,11,1,1,humidity,0
1880.603,5.661,49.673,26.688,0.042,1013.5,3.676,76.163,-805.036,-0.291,0.449,0.002,16.0,2,13,1,0,gas,0
717.966,0.064,88.974,30.15,0.117,1017.3,4.004,82.134,-2.629,2.886,13.062,-0.0,147.0,1,6,1,0,humidity,0
1008.311,6.241,40.876,20.793,0.015,1010.3,1.609,53.601,252.554,-1.059,-1.636,0.011,89.0,1,3,0,0,gas,0
1508.215,12.293,41.296,28.856,0.007,1014.2,4.172,85.734,326.062,-0.562,-2.414,0.001,87.0,1,0,1,0,gas,0
719.595,9.374,25.415,22.86,0.362,1009.0,4.083,73.78,10.567,3.211,0.259,0.206,36.0,1,20,1,1,smoke,0
758.062,12.468,46.66,26.338,0.309,1010.7,4.023,73.495,4.114,1.284,-2.57,0.126,23.0,1,9,1,1,smoke,0
1775.587,20.866,29.937,55.047,0.457,1012.5,1.313,53.026,488.091,6.077,-0.915,0.003,131.0,4,3,0,0,smoke,1
967.908,6.846,36.366,26.01,0.015,1015.1,3.99,73.555,157.321,-1.096,-0.379,-0.005,19.0,1,10,1,0,gas,0
534.579,13.25,40.884,23.453,0.346,1012.3,0.702,60.824,-2.652,1.611,-1.449,0.129,13.0,1,5,0,1,smoke,0
699.219,8.942,57.967,28.398,0.018,1013.8,2.876,81.5,195.165,-2.911,-1.052,0.002,32.0,1,13,1,0,gas,0
709.517,14.018,74.877,25.259,0.029,1013.6,4.062,79.17,38.104,-0.089,8.817,-0.008,183.0,1,9,1,1,humidity,0
2594.947,4.25,51.384,26.021,0.012,1005.7,5.178,75.817,414.393,-0.172,-2.889,-0.002,4.0,1,16,1,0,gas,0
1549.736,31.837,43.458,47.381,0.487,1011.6,0.224,60.879,445.129,5.61,0.781,0.188,37.0,4,15,0,0,smoke,1
721.004,4.692,88.474,30.411,0.119,1017.1,3.803,79.604,-5.082,0.815,12.281,-0.0,60.0,1,17,1,0,humidity,0
1510.394,9.51,45.461,29.634,0.021,1015.2,3.812,75.206,272.615,-1.789,-1.138,-0.002,26.0,1,17,1,0,gas,0
560.792,18.998,52.055,21.201,0.375,1013.1,1.608,52.792,28.476,2.621,-3.81,0.122,27.0,1,5,0,1,smoke,0
693.736,11.565,72.996,26.051,0.016,1013.9,3.608,83.144,3.38,0.289,4.634,-0.0,206.0,1,18,1,1,humidity,0
1108.326,9.417,54.703,22.507,0.01,1014.0,1.062,54.649,107.272,-2.174,-4.018,-0.004,48.0,1,4,0,1,gas,0
633.995,9.449,85.907,36.343,0.226,1007.6,1.966,70.9,8.363,-0.51,19.369,0.002,78.0,1,16,1,0,humidity,0
646.468,11.085,79.764,23.871,0.028,1009.9,3.828,72.972,-13.483,0.161,13.591,0.006,328.0,1,12,1,1,humidity,0
625.824,4.725,87.632,30.66,0.172,1011.6,2.987,75.117,-15.8,4.043,19.362,-0.004,64.0,1,16,1,0,humidity,0
644.568,15.067,33.537,24.531,0.321,1012.6,2.983,78.997,-26.04,3.359,-2.463,0.155,38.0,1,21,1,1,smoke,0
1772.667,7.17,39.599,24.905,0.012,1012.7,4.479,78.082,470.454,-0.333,-0.583,-0.003,5.0,1,6,1,0,gas,0
712.538,22.323,52.681,25.531,0.217,1010.4,4.137,78.059,30.011,3.934,1.427,0.104,17.0,1,9,1,1,smoke,0
1214.329,14.63,43.48,25.249,0.03,1008.2,3.596,72.653,393.084,-1.501,-1.421,0.002,10.0,2,8,1,0,gas,0
666.915,22.194,53.386,25.81,0.439,1015.7,4.711,73.022,-15.721,1.666,1.943,0.132,7.0,1,21,1,1,smoke,0
2229.67,13.272,45.37,24.92,0.024,1006.2,4.247,72.71,126.442,0.386,-0.451,0.003,221.0,2,7,1,0,gas,1
664.127,10.709,82.035,26.675,0.012,1015.9,3.118,75.524,-40.108,0.363,10.186,-0.001,32.0,1,17,1,1,humidity,0
752.422,4.379,86.774,31.462,0.156,1013.1,4.892,75.132,-2.456,0.635,18.326,0.002,24.0,1,8,1,0,humidity,0
625.247,16.984,49.413,25.295,0.556,1015.6,3.637,74.467,18.333,1.435,2.814,0.086,10.0,1,12,1,1,smoke,0
0.0,4.122,60.932,20.552,0.02,1014.5,4.705,74.851,-659.823,0.192,1.512,-0.007,11.0,1,18,1,1,gas,0
519.222,6.703,90.611,26.627,0.167,1014.6,0.093,53.717,-26.375,7.036,12.164,0.001,74.0,1,11,0,1,humidity,0
572.114,11.017,41.584,27.019,0.368,1011.9,2.313,75.687,-13.663,1.773,0.023,0.121,9.0,2,10,1,1,smoke,0
694.819,5.51,92.023,28.501,0.255,1013.7,3.687,67.154,-2.224,0.846,16.082,0.008,22.0,1,14,1,0,humidity,0
664.628,17.975,44.09,28.766,0.288,1015.6,4.227,66.054,-0.718,2.283,-2.353,-0.035,49.0,1,16,1,1,smoke,0
1112.602,27.022,53.165,23.81,0.03,1012.4,5.11,79.419,400.305,-1.553,-0.042,-0.005,29.0,1,6,1,0,gas,0
598.27,5.015,75.028,21.694,0.011,1013.6,0.187,57.057,19.213,-0.788,11.33,0.006,286.0,1,21,0,1,humidity,0
2149.142,26.018,40.364,22.155,0.013,1003.3,1.944,52.997,328.844,0.536,2.784,-0.004,31.0,3,22,0,0,gas,1
1188.341,14.78,40.392,26.638,0.014,1011.5,3.17,76.675,336.312,-2.63,-0.601,-0.001,17.0,1,14,1,0,gas,0
2270.886,6.368,31.598,27.12,0.019,1013.0,3.482,80.18,-1033.901,-0.248,-1.596,-0.0,29.0,1,12,1,0,gas,0
516.074,8.201,49.883,21.224,0.447,1012.1,0.887,47.557,-13.527,0.834,-2.364,0.12,25.0,1,20,0,1,smoke,0
646.974,13.864,39.629,25.337,0.306,1011.2,3.467,73.166,2.426,3.193,1.898,0.158,19.0,1,11,1,1,smoke,0
1242.848,10.653,56.108,27.97,0.005,1018.4,3.776,74.036,368.995,-1.526,-0.073,-0.01,21.0,1,19,1,0,gas,0
526.207,22.983,53.164,23.858,0.383,1013.3,0.828,64.601,-31.088,2.855,-1.146,0.18,51.0,1,23,0,1,smoke,0
689.64,3.82,85.556,31.516,0.11,1009.4,3.95,72.233,5.498,4.868,14.849,-0.003,21.0,1,14,1,0,humidity,0
554.771,5.239,88.163,26.39,0.178,1012.1,6.274,80.747,2.391,5.934,30.319,-0.002,80.0,1,19,1,1,humidity,0
1292.383,18.4,41.526,17.613,0.013,1011.1,0.443,56.301,213.33,-2.371,-0.98,-0.01,46.0,1,22,0,1,gas,0
493.448,7.914,36.412,20.87,0.48,1010.8,0.111,59.34,-16.665,0.725,-0.927,0.233,58.0,1,22,0,1,smoke,0
444.39,3.918,85.946,25.84,0.303,1012.4,0.096,59.667,5.595,3.324,11.864,0.004,27.0,1,22,0,0,humidity,0
1911.838,18.275,37.358,21.193,0.004,1007.0,0.836,63.216,-8.156,0.018,0.561,-0.003,101.0,3,5,0,0,gas,1
1672.355,19.338,41.285,25.351,0.007,1008.6,1.399,51.151,136.232,-0.196,-0.651,0.001,202.0,2,3,0,1,gas,1
508.156,0.565,88.351,27.345,0.288,1016.3,1.299,63.923,24.292,2.834,10.307,-0.0,40.0,1,4,0,1,humidity,0
645.608,12.81,51.647,25.384,0.534,1013.0,3.859,77.422,15.33,3.168,1.144,0.052,302.0,2,15,1,1,smoke,0
1066.938,12.569,45.248,21.601,0.013,1008.2,3.027,52.801,102.522,-1.354,0.925,0.003,13.0,1,2,0,0,gas,0
2410.265,-0.559,51.003,26.202,0.021,1002.5,0.952,54.993,660.726,0.139,-0.136,-0.01,654.0,2,2,0,0,gas,1
591.156,1.875,83.859,30.039,0.154,1012.6,3.299,50.368,-19.943,2.593,26.657,0.006,52.0,1,4,0,0,humidity,0
2261.708,4.355,45.913,25.66,0.025,1016.3,4.921,81.614,-892.972,0.432,0.24,-0.0,17.0,1,9,1,0,gas,0
634.259,7.63,84.888,34.689,0.162,1013.9,4.715,80.386,-34.431,3.649,12.499,0.001,73.0,1,20,1,0,humidity,0
1861.911,33.961,22.727,40.693,0.483,1012.9,2.666,68.315,413.031,6.053,-2.232,0.237,198.0,2,9,1,0,smoke,1
1992.18,16.969,32.344,27.771,0.019,1005.5,4.86,64.577,468.016,0.009,-0.628,0.011,234.0,3,6,1,0,gas,1
2533.661,4.996,35.887,22.737,0.012,1015.9,1.73,50.691,-912.743,1.012,0.58,-0.004,20.0,1,4,0,0,gas,0
1205.319,8.178,61.346,28.638,0.022,1014.4,3.145,75.957,195.124,-1.973,0.094,0.003,42.0,1,21,1,0,gas,0
3044.833,3.22,44.969,22.844,0.018,1013.9,1.6,57.631,635.665,-0.093,-2.385,-0.005,12.0,1,4,0,1,gas,0
2000.048,23.769,54.358,26.736,0.021,1006.2,3.97,76.095,763.254,-0.194,-2.099,0.002,61.0,3,3,1,0,gas,1
1275.986,19.381,49.418,23.682,0.023,1008.4,4.201,74.371,469.134,-0.986,1.611,-0.001,63.0,1,19,1,0,gas,0
531.788,12.513,83.313,20.64,0.001,1015.4,0.757,51.435,13.875,-0.253,12.602,-0.005,55.0,1,14,0,1,humidity,0
604.892,28.437,25.37,22.299,0.276,1012.1,2.941,79.308,-24.988,1.249,-0.853,0.129,19.0,2,8,1,1,smoke,0
1057.878,10.679,29.394,41.349,0.451,1012.6,1.252,54.736,646.244,11.197,2.408,0.249,261.0,2,0,0,0,smoke,1
687.691,27.258,56.158,26.783,0.592,1011.5,3.852,72.579,2.629,1.339,-0.781,0.122,169.0,1,21,1,1,smoke,0
738.708,20.752,44.13,19.692,0.28,1011.2,0.606,50.272,20.558,3.391,-0.942,0.045,26.0,2,21,0,1,smoke,0
2876.224,26.869,49.214,25.108,0.024,1008.5,4.987,75.324,265.543,-0.188,1.222,0.013,292.0,3,17,1,0,gas,1
511.677,10.297,51.969,25.837,0.51,1015.0,4.1,69.565,-24.52,1.81,2.382,0.173,32.0,1,14,1,1,smoke,0
1411.458,59.232,41.624,57.104,0.576,1014.3,2.208,47.592,109.058,6.739,-3.013,0.346,189.0,4,22,0,0,smoke,1
1245.575,57.619,21.348,40.632,0.383,1017.5,1.492,50.715,56.626,8.795,1.291,0.184,352.0,2,5,0,0,smoke,1
633.168,10.302,35.266,27.179,0.34,1017.3,3.428,74.981,-13.751,3.719,1.041,0.065,6.0,1,11,1,1,smoke,0
758.102,13.399,71.762,28.813,0.009,1012.6,2.518,76.445,-15.364,-0.366,6.186,0.002,66.0,1,9,1,1,humidity,0
664.302,4.716,43.831,56.017,0.037,1008.9,9.934,81.387,18.756,8.775,0.886,-0.006,189.0,2,17,1,0,temperature,1
1554.698,46.25,22.889,53.259,0.328,1014.7,3.717,78.521,476.909,4.074,0.637,0.096,1237.0,3,22,1,0,smoke,1
619.372,5.07,85.149,29.485,0.241,1015.7,3.687,76.808,-3.774,0.808,6.078,-0.004,62.0,1,14,1,0,humidity,0
1311.75,12.23,38.276,26.882,0.025,1011.8,4.46,83.891,476.868,-1.152,1.694,-0.005,87.0,1,6,1,0,gas,0
484.256,1.426,82.484,22.621,0.131,1014.0,0.186,56.437,0.92,0.43,25.24,-0.001,122.0,1,0,0,0,humidity,0
659.984,4.494,72.866,25.661,0.246,1011.7,4.809,83.686,5.599,3.498,24.26,-0.006,36.0,2,16,1,0,humidity,0
500.815,6.687,39.616,56.942,0.002,1011.2,8.849,67.784,-9.889,6.396,2.575,0.009,284.0,2,1,0,0,temperature,1
612.881,12.551,52.118,21.303,0.503,1014.0,1.17,55.078,-2.679,1.557,-1.826,0.163,9.0,1,2,0,1,smoke,0
543.857,9.405,87.896,24.27,0.003,1015.1,0.005,55.007,16.604,0.168,6.468,-0.004,51.0,1,5,0,1,humidity,0
601.785,4.859,26.282,56.942,0.04,1008.9,9.682,82.271,-12.5,4.709,1.661,-0.003,63.0,2,19,1,0,temperature,1
1677.234,31.518,55.395,22.503,0.019,1002.3,3.064,66.239,489.852,0.26,-1.671,-0.009,269.0,3,11,1,0,gas,1
565.8,2.892,74.969,30.266,0.027,1011.2,3.422,70.295,-36.589,-0.414,13.893,0.01,177.0,1,12,1,1,humidity,0
573.521,1.85,39.57,54.46,0.005,1016.2,6.96,71.604,32.402,5.351,0.424,0.005,112.0,2,3,0,0,temperature,1
538.2,4.761,90.65,19.592,0.027,1013.1,0.459,57.039,-18.969,0.413,17.297,0.017,17.0,1,0,0,1,humidity,0
539.281,3.437,55.939,49.581,0.004,1010.1,8.924,65.326,-27.503,10.946,-2.13,-0.004,185.0,2,5,0,0,temperature,1
697.695,10.981,87.77,29.612,0.023,1016.7,4.587,68.275,32.529,0.347,8.467,0.009,123.0,1,20,1,1,humidity,0
530.572,-1.644,50.81,19.479,0.273,1010.6,0.023,51.898,-15.821,2.447,0.759,0.147,7.0,1,12,0,1,smoke,0
652.282,5.173,88.483,30.473,0.125,1012.3,4.262,79.964,12.826,2.145,15.211,-0.003,55.0,1,22,1,0,humidity,0
2215.179,27.267,39.114,25.688,0.002,1009.2,3.766,77.665,372.004,-0.839,-0.892,-0.001,421.0,3,7,1,0,gas,1
516.993,14.572,41.661,26.602,0.319,1010.3,1.721,46.782,-7.494,-0.596,-0.542,0.167,36.0,1,5,0,1,smoke,0
466.662,21.153,54.149,24.966,0.314,1013.6,1.748,57.425,15.863,3.641,0.017,0.07,72.0,1,22,0,1,smoke,0
606.221,19.432,46.773,23.498,0.449,1014.0,5.626,71.785,15.385,0.946,1.918,0.186,20.0,1,12,1,1,smoke,0
763.656,7.195,81.092,31.996,0.218,1014.4,3.711,77.265,-21.897,1.788,20.138,-0.0,68.0,1,6,1,0,humidity,0
656.804,5.96,51.28,61.565,0.017,1016.8,8.523,83.532,-39.338,3.596,0.675,0.002,39.0,2,18,1,0,temperature,1
435.881,7.342,33.311,20.033,0.381,1014.8,0.352,53.871,-11.769,-0.071,-0.711,0.22,35.0,1,17,0,1,smoke,0
459.96,4.849,39.934,56.19,0.015,1014.7,8.77,59.228,-3.348,2.06,0.31,0.007,262.0,1,3,0,0,temperature,1
1820.033,33.003,19.307,52.37,0.31,1011.1,4.491,72.642,329.546,6.737,-0.582,0.255,404.0,4,8,1,0,smoke,1
506.37,15.197,57.524,20.594,0.497,1016.8,2.049,57.022,-13.892,5.111,-0.785,0.21,9.0,1,22,0,1,smoke,0
675.005,24.044,39.011,24.867,0.272,1010.1,3.903,67.234,44.179,2.117,1.327,0.189,11.0,1,9,1,1,smoke,0
411.211,8.202,78.1,22.681,0.019,1013.8,0.83,54.222,30.017,-0.224,24.09,0.0,181.0,1,3,0,1,humidity,0
2250.063,24.155,42.858,22.806,0.017,1005.5,0.464,59.879,238.334,-0.155,0.989,0.005,72.0,2,2,0,0,gas,1
959.071,22.7,51.407,25.709,0.03,1011.5,4.504,67.178,223.13,-1.443,-1.239,0.007,12.0,1,18,1,0,gas,0
2172.076,21.592,42.471,24.656,0.037,1003.2,1.892,57.452,678.977,0.11,-1.35,-0.015,104.0,3,3,0,0,gas,1
686.447,4.831,82.423,29.638,0.028,1015.1,4.968,80.897,14.25,0.037,11.874,-0.006,99.0,1,14,1,1,humidity,0
1677.246,31.743,39.677,47.271,0.624,1011.2,2.643,70.883,452.589,5.686,0.442,0.273,128.0,2,9,1,0,smoke,1
718.98,2.829,81.685,30.285,0.279,1011.8,3.537,70.72,-35.741,3.421,21.679,-0.0,70.0,2,11,1,1,humidity,0
557.451,15.486,48.434,23.008,0.379,1014.6,3.101,72.344,0.219,0.233,0.31,0.237,24.0,1,15,1,1,smoke,0
1354.444,45.942,37.791,32.056,0.546,1016.2,4.027,77.542,158.887,6.39,0.27,0.165,104.0,4,8,1,0,smoke,1
1414.399,12.723,45.066,25.246,0.011,1017.4,4.441,78.955,263.215,-1.457,1.091,-0.004,67.0,1,16,1,0,gas,0
2104.206,22.637,27.745,63.63,0.474,1017.6,3.181,73.473,480.358,7.642,0.24,0.266,18.0,2,7,1,0,smoke,1
1455.867,21.919,47.608,28.444,0.016,1014.8,5.523,68.539,306.09,-0.911,0.237,-0.004,19.0,1,12,1,1,gas,0
565.1,1.535,79.833,28.249,0.264,1013.8,2.865,59.117,-4.416,3.421,17.146,0.005,352.0,1,3,0,0,humidity,0
651.947,2.668,91.734,31.62,0.204,1009.4,3.234,71.759,26.239,3.536,27.736,0.001,149.0,1,0,1,0,humidity,0
644.344,2.408,91.021,32.926,0.22,1008.9,1.665,54.617,-30.283,4.292,21.1,0.001,161.0,1,1,0,0,humidity,0
738.235,14.398,45.519,27.039,0.193,1014.0,3.641,71.434,16.8,1.37,-3.386,0.06,29.0,1,16,1,1,smoke,0
614.65,4.341,84.727,31.461,0.231,1014.1,4.308,79.558,9.272,0.326,19.357,0.013,779.0,1,8,1,0,humidity,0
1889.961,36.557,37.728,55.488,0.477,1010.1,3.912,77.179,350.316,2.611,1.92,0.203,320.0,4,11,1,0,smoke,1
1833.549,15.065,44.247,28.033,0.019,1002.7,2.91,79.531,477.378,0.022,-1.178,-0.001,40.0,3,11,1,0,gas,1
681.908,14.694,46.091,23.393,0.302,1006.7,4.937,70.251,-22.994,-1.183,-2.304,0.204,10.0,1,16,1,1,smoke,0
1451.237,5.965,49.34,24.874,0.023,1013.5,4.295,70.616,239.576,-1.331,-1.159,-0.003,9.0,1,14,1,0,gas,0
587.185,13.078,61.75,25.823,0.255,1013.3,3.533,71.495,16.721,1.691,-2.742,0.139,13.0,1,12,1,1,smoke,0
642.712,3.737,84.086,30.621,0.232,1016.3,0.442,56.01,-15.374,2.097,17.321,-0.001,122.0,1,7,0,0,humidity,0
1499.618,13.984,41.617,27.034,0.002,1009.5,5.549,74.771,312.148,-0.758,-1.333,0.011,9.0,1,7,1,0,gas,0
2116.393,17.595,53.724,25.526,0.045,999.1,3.926,68.282,314.263,0.066,-1.269,-0.003,190.0,2,5,1,0,gas,1
723.024,4.582,84.075,25.728,0.212,1016.1,3.26,73.614,-0.944,0.575,7.524,-0.0,81.0,1,3,1,0,humidity,0
1027.846,12.715,46.433,27.882,0.012,1010.5,3.846,76.425,213.924,-0.159,-3.113,0.004,16.0,1,14,1,0,gas,0
549.224,3.274,44.421,51.238,0.026,1009.6,9.129,59.781,-9.51,9.169,3.831,-0.006,72.0,2,11,0,0,temperature,1
1589.045,31.268,49.3,58.144,0.532,1013.6,1.23,51.693,270.766,2.107,-3.195,0.168,117.0,4,3,0,0,smoke,1
471.372,9.264,77.849,25.956,0.036,1008.2,2.489,53.606,10.331,0.521,21.91,-0.002,156.0,1,22,0,1,humidity,0
454.767,11.245,44.617,18.663,0.423,1019.4,0.119,52.666,17.046,2.962,-1.137,0.078,225.0,1,1,0,1,smoke,0
570.963,16.174,54.267,21.901,0.259,1012.8,1.836,61.845,21.64,-0.106,-1.962,0.043,52.0,2,1,0,1,smoke,0
1895.957,2.444,48.455,20.595,0.028,1014.9,1.954,52.749,-285.941,-0.005,2.305,-0.005,60.0,1,3,0,1,gas,0
643.448,25.221,47.679,25.897,0.266,1011.3,2.921,54.552,-27.109,-0.41,2.102,0.076,23.0,1,13,0,1,smoke,0
459.8,10.555,81.994,27.029,0.017,1010.2,0.622,57.053,15.029,0.102,12.703,-0.004,143.0,1,23,0,1,humidity,0
1181.345,18.824,57.628,29.457,0.017,1008.3,4.996,74.61,332.785,-1.897,-1.858,-0.002,22.0,1,14,1,0,gas,0
667.317,13.203,80.036,27.783,0.032,1008.1,3.682,71.389,-5.932,0.281,14.245,-0.004,108.0,2,13,1,1,humidity,0
721.138,17.149,44.501,26.55,0.221,1012.9,3.011,70.458,13.476,2.963,-1.315,0.269,55.0,1,9,1,1,smoke,0
887.567,14.162,54.205,25.903,0.01,1011.9,4.544,84.61,164.155,-2.048,1.757,-0.003,9.0,1,11,1,0,gas,0
731.801,23.996,53.954,26.554,0.433,1009.7,3.201,77.625,-16.139,1.604,0.668,0.086,7.0,2,4,1,1,smoke,0
667.18,14.286,58.609,29.305,0.295,1014.3,5.642,80.422,3.075,3.993,0.003,0.133,20.0,1,14,1,1,smoke,0
1693.061,6.799,34.439,24.275,0.025,1013.1,3.938,75.402,-417.624,-0.052,0.689,-0.002,12.0,1,18,1,0,gas,0
583.08,19.65,42.358,26.697,0.499,1013.3,3.783,78.658,18.036,0.259,-0.382,0.075,100.0,2,16,1,1,smoke,0
678.912,14.799,47.592,30.168,0.293,1015.3,3.686,81.147,-12.411,1.98,-0.135,0.189,18.0,1,20,1,1,smoke,0
521.495,22.143,44.553,23.804,0.294,1006.8,0.934,56.542,16.405,1.975,-2.505,0.094,18.0,1,5,0,1,smoke,0
619.742,5.414,80.472,23.891,0.014,1012.8,1.626,55.732,-5.957,1.052,20.724,0.003,35.0,1,13,0,1,humidity,0
683.371,10.517,87.061,21.854,0.033,1008.7,4.255,77.074,5.08,-0.017,13.792,-0.0,381.0,1,8,1,1,humidity,0
535.893,10.678,81.181,25.628,0.023,1018.2,0.768,53.578,17.596,-0.024,8.603,0.011,97.0,1,5,0,1,humidity,0
1218.714,20.748,41.087,21.02,0.025,1004.4,3.298,71.152,222.97,-1.166,0.872,0.007,26.0,2,22,1,0,gas,0
658.769,9.836,84.7,29.984,0.037,1014.1,4.38,70.133,-27.369,0.706,9.15,0.008,42.0,1,20,1,1,humidity,0
1330.092,14.644,50.012,27.638,0.016,1015.7,3.972,73.566,352.267,-2.277,3.188,0.002,20.0,1,2,1,0,gas,0
921.438,13.712,61.41,22.083,0.025,1011.4,1.12,52.683,342.287,-2.277,-0.519,0.001,131.0,1,11,0,0,gas,0
1150.179,6.435,44.735,24.845,0.029,1014.1,1.632,54.416,454.389,-2.099,-1.761,0.003,25.0,1,0,0,0,gas,0
1889.691,26.609,56.725,21.248,0.022,1002.4,1.149,67.934,370.43,-0.323,-1.148,0.006,85.0,2,0,0,0,gas,1
585.935,5.192,85.715,28.138,0.156,1012.1,5.314,79.746,-17.738,0.433,8.514,-0.0,197.0,2,13,1,0,humidity,0
577.198,3.112,92.921,31.444,0.251,1009.5,0.177,53.28,16.092,0.226,31.001,0.004,98.0,1,5,0,0,humidity,0
599.954,2.714,85.509,28.724,0.082,1009.8,0.713,57.838,22.572,1.789,8.181,-0.001,457.0,1,3,0,0,humidity,0
840.19,11.312,24.931,40.48,0.784,1020.5,2.796,51.733,437.179,6.203,0.461,0.133,57.0,3,4,0,0,smoke,1
1127.245,17.983,67.963,26.611,0.011,1014.1,3.89,71.143,168.568,-1.621,1.551,-0.007,31.0,1,15,1,0,gas,0
1261.22,24.239,59.256,24.666,0.023,1015.7,3.676,78.54,275.864,-0.744,-0.68,0.001,32.0,1,16,1,0,gas,0
1851.809,24.247,47.815,20.002,0.022,1014.7,2.242,55.775,234.201,-0.85,0.87,0.0,99.0,2,3,0,0,gas,1
2023.975,4.474,51.905,28.453,0.017,1013.4,3.963,72.516,424.666,-0.052,-1.355,-0.003,46.0,1,15,1,0,gas,0
737.94,3.841,96.408,34.318,0.224,1012.4,3.262,77.27,5.684,2.258,19.996,-0.0,59.0,1,8,1,0,humidity,0
662.496,16.359,53.709,24.298,0.523,1015.5,3.054,79.567,-12.325,-0.709,-0.125,0.126,19.0,1,6,1,1,smoke,0
1263.298,19.382,30.981,23.866,0.01,1015.9,4.297,80.686,240.394,-2.195,-1.072,0.001,62.0,1,19,1,0,gas,0
608.927,18.422,52.143,24.455,0.441,1016.1,4.61,73.563,1.401,-0.685,0.6,0.085,15.0,1,12,1,1,smoke,0
469.625,17.456,34.845,20.452,0.433,1017.7,0.853,51.383,-21.201,3.126,1.168,0.155,32.0,1,10,0,1,smoke,0
441.805,2.153,95.102,24.938,0.219,1015.2,1.285,56.141,9.693,3.64,23.046,-0.002,267.0,1,1,0,0,humidity,0
614.148,16.616,31.016,20.933,0.308,1013.9,1.178,56.552,-57.126,-0.266,-1.19,0.102,21.0,1,19,0,1,smoke,0
498.671,0.29,80.312,30.649,0.17,1016.9,2.863,58.299,0.193,5.745,13.305,0.007,87.0,2,3,0,0,humidity,0
1312.173,11.668,51.225,23.672,0.004,1015.7,4.549,73.829,96.06,-2.254,1.343,0.001,22.0,1,11,1,0,gas,0
1944.746,36.074,37.828,37.799,0.821,1012.4,0.684,57.036,293.41,11.131,0.849,0.082,290.0,4,6,0,0,smoke,1
516.167,12.838,42.263,20.687,0.247,1012.1,2.377,56.881,-19.307,2.749,-1.638,0.175,59.0,1,5,0,1,smoke,0
665.355,13.999,37.371,27.396,0.382,1011.7,1.488,49.563,-34.022,1.183,0.819,0.122,17.0,1,23,0,1,smoke,0
622.914,11.723,81.039,25.905,0.02,1014.3,3.395,74.396,7.867,0.059,10.734,-0.005,147.0,1,21,1,1,humidity,0
750.664,7.755,89.843,30.512,0.032,1011.3,2.872,72.146,12.241,6.265,17.364,-0.007,49.0,2,11,1,0,humidity,0
545.892,29.096,36.861,27.097,0.2,1014.2,4.821,70.667,-3.027,-1.768,0.241,0.0,4.0,1,14,1,1,smoke,0
575.642,17.579,48.259,21.392,0.312,1012.4,0.797,56.517,15.178,2.128,1.898,0.099,47.0,2,1,0,1,smoke,0
622.54,3.33,86.074,29.918,0.171,1015.9,3.703,71.9,-4.216,2.984,21.461,0.005,52.0,2,12,1,1,humidity,0
546.011,8.865,78.271,20.293,0.031,1008.7,0.575,52.424,-5.552,0.047,19.063,-0.006,280.0,1,7,0,1,humidity,0
602.246,10.245,60.908,24.559,0.365,1017.8,3.557,68.062,-0.693,2.375,-3.138,0.109,102.0,1,13,1,1,smoke,0
420.64,1.112,41.835,47.948,0.041,1010.3,6.385,69.574,7.856,7.063,-1.337,0.007,278.0,1,1,0,0,temperature,1
1671.263,6.042,34.932,25.792,0.017,1015.2,4.318,63.137,198.852,-0.803,-0.482,-0.001,20.0,1,19,1,0,gas,0
1450.084,9.529,37.484,20.147,0.014,1009.9,0.291,50.122,126.095,-1.247,-0.255,0.012,267.0,1,4,0,0,gas,0
687.927,7.344,88.467,31.216,0.197,1015.1,3.653,64.947,0.573,2.122,11.187,-0.004,79.0,1,12,1,0,humidity,0
953.492,13.049,43.632,25.182,0.029,1013.0,3.482,77.858,180.125,-2.465,1.351,0.006,39.0,1,19,1,0,gas,0
641.333,24.239,41.773,25.993,0.417,1015.7,4.49,71.063,-2.659,1.756,2.263,0.198,25.0,1,20,1,1,smoke,0
749.224,5.054,88.819,28.293,0.163,1012.2,4.02,68.007,6.674,2.916,23.0,-0.002,68.0,1,18,1,0,humidity,0
2006.911,1.989,30.83,24.118,0.022,1010.6,1.692,55.627,307.906,-0.263,1.352,-0.005,66.0,3,0,0,0,gas,1
652.445,4.076,89.44,31.371,0.306,1009.8,3.522,71.341,7.1,1.159,18.099,0.002,104.0,1,19,1,1,humidity,0
488.33,6.477,86.898,28.339,0.191,1007.6,4.139,72.616,-2.145,6.866,20.78,0.003,194.0,1,10,1,0,humidity,0
574.286,2.912,84.021,25.099,0.234,1015.1,1.973,46.16,4.057,3.006,14.553,-0.001,20.0,1,22,0,0,humidity,0
1303.423,51.618,32.63,53.84,0.552,1011.4,1.519,54.646,50.617,3.009,-1.48,0.225,59.0,2,3,0,0,smoke,1
645.709,14.111,76.931,25.476,0.021,1008.5,3.931,71.639,3.723,-0.749,18.164,-0.006,67.0,2,19,1,1,humidity,0
547.304,0.927,88.925,27.605,0.232,1010.4,0.585,54.242,8.878,4.695,22.199,0.002,33.0,1,2,0,0,humidity,0
1136.109,12.933,34.49,23.889,0.026,1013.2,2.336,49.935,77.888,-1.655,1.359,0.003,18.0,1,15,0,0,gas,0
1338.377,2.751,57.24,24.908,0.0,1012.9,0.179,52.986,256.995,0.519,1.303,0.0,28.0,1,22,0,1,gas,0
1274.003,4.927,34.98,25.143,0.02,1006.9,3.908,75.212,1460.598,-0.096,1.484,-0.003,12.0,1,7,1,0,gas,0
665.811,8.282,88.63,29.785,0.022,1013.2,3.917,69.922,10.313,0.044,12.241,0.004,23.0,1,15,1,1,humidity,0
627.649,7.407,86.484,31.357,0.186,1013.7,4.74,72.845,16.795,0.422,11.962,0.002,172.0,1,21,1,0,humidity,0
702.524,3.47,84.659,27.81,0.161,1017.7,5.35,69.386,8.012,4.244,5.202,0.008,78.0,1,20,1,1,humidity,0
701.68,4.049,84.103,32.427,0.275,1014.4,2.866,75.162,-0.807,1.751,8.708,-0.004,269.0,2,1,1,0,humidity,1
733.825,19.097,38.955,29.791,0.312,1014.6,2.586,79.76,-8.077,5.855,-1.309,0.093,128.0,1,15,1,1,smoke,0
1703.25,29.482,33.969,50.329,0.727,1014.1,3.872,79.051,447.038,4.061,-0.471,0.117,91.0,3,7,1,0,smoke,1
705.786,4.737,90.872,33.568,0.207,1008.3,4.637,80.912,-4.594,1.581,21.126,-0.003,84.0,1,20,1,0,humidity,0
470.679,4.398,75.417,21.037,0.009,1016.2,2.021,54.859,9.018,0.365,7.664,-0.004,98.0,2,19,0,1,humidity,0
551.866,10.835,65.785,22.118,0.03,1010.6,0.285,65.157,-16.825,0.276,11.854,-0.002,88.0,1,22,0,1,humidity,0
1120.126,26.428,47.419,23.389,0.014,1011.0,3.062,74.77,449.188,-2.321,-0.493,0.0,34.0,1,7,1,0,gas,0
1670.234,12.954,45.262,24.531,0.024,1013.7,3.241,76.57,302.754,-0.495,-1.264,0.003,25.0,1,12,1,0,gas,0
1938.542,1.601,36.405,23.282,0.001,1013.3,0.493,51.876,-709.592,0.01,-1.647,-0.003,14.0,1,16,0,0,gas,0
552.983,9.588,90.19,22.012,0.011,1007.5,0.53,54.908,8.645,0.996,16.593,-0.005,166.0,2,5,0,1,humidity,0
693.087,12.732,76.497,28.443,0.047,1010.3,3.961,75.827,-28.151,-0.7,3.154,-0.003,91.0,1,14,1,1,humidity,0
515.127,11.63,81.175,22.702,0.028,1014.5,4.22,73.45,-2.811,-0.345,13.852,-0.01,136.0,1,4,1,1,humidity,0
627.96,10.088,72.157,24.316,0.025,1012.6,0.54,51.96,-3.513,0.297,18.657,0.008,80.0,1,0,0,1,humidity,0
2454.661,6.043,47.832,24.4,0.021,1015.5,3.299,70.424,-228.375,0.109,-1.372,-0.002,25.0,1,16,1,0,gas,1
1685.414,21.268,52.918,59.189,0.52,1015.3,4.593,75.758,396.21,7.303,0.862,0.135,194.0,4,15,1,0,smoke,1
681.292,26.554,43.724,21.284,0.396,1009.1,0.612,56.161,33.472,1.899,-0.783,0.095,31.0,1,0,0,1,smoke,0
703.112,4.998,41.194,55.14,0.026,1015.1,6.935,81.451,4.958,7.862,-3.101,0.003,196.0,2,11,1,0,temperature,1
594.167,6.6,81.788,24.023,0.029,1013.3,0.48,55.731,-8.416,0.436,9.185,-0.005,84.0,1,23,0,1,humidity,0
1779.467,3.698,36.025,21.68,0.041,1017.5,3.384,72.55,624.543,-0.226,-0.589,0.003,30.0,1,21,1,1,gas,0
592.679,9.523,32.307,23.568,0.431,1013.6,1.033,62.604,-8.81,3.776,-0.539,0.079,2.0,1,11,0,1,smoke,0
658.554,3.639,34.527,64.171,0.023,1007.8,12.184,90.736,-13.44,3.88,0.764,0.001,134.0,1,17,1,0,temperature,1
682.61,7.086,77.012,24.481,0.004,1018.5,4.134,78.098,-14.577,0.521,19.195,-0.011,196.0,1,9,1,1,humidity,0
1610.801,19.589,44.321,60.18,0.293,1012.2,1.595,47.773,357.964,5.72,-0.147,0.09,177.0,4,2,0,1,smoke,1
1202.717,17.706,44.46,50.55,0.495,1012.0,3.07,77.291,447.025,6.744,-0.994,0.222,322.0,2,9,1,0,smoke,1
763.695,5.663,80.648,28.722,0.021,1013.8,4.481,78.765,-12.727,-0.583,7.212,0.005,56.0,1,5,1,1,humidity,0
1090.92,7.442,48.93,50.693,0.556,1012.6,4.013,77.991,241.576,6.48,-0.71,0.135,72.0,4,20,1,0,smoke,0
1305.699,3.799,54.723,25.372,0.003,1018.4,1.211,61.212,327.77,-1.288,-0.962,-0.007,24.0,1,3,0,0,gas,0
1335.962,10.069,37.71,23.621,0.014,1013.6,4.353,76.045,273.979,-0.531,-0.633,0.007,49.0,1,8,1,0,gas,0
1034.684,13.652,44.719,28.232,0.012,1011.0,4.231,77.582,288.174,-2.129,1.61,0.005,23.0,1,15,1,0,gas,0
602.95,3.876,80.322,24.129,0.016,1015.3,2.303,55.161,-16.877,0.343,15.61,-0.001,181.0,1,5,0,1,humidity,0
680.602,5.571,35.588,24.162,0.189,1008.5,6.871,76.763,8.654,1.878,2.095,0.085,9.0,1,0,1,1,smoke,0
665.298,7.987,76.851,25.104,0.028,1017.4,4.02,74.456,10.558,0.076,10.586,0.002,42.0,1,16,1,1,humidity,0
0.0,5.126,45.793,25.172,0.004,1015.7,4.023,73.918,-724.496,-0.606,0.001,0.003,25.0,1,10,1,0,gas,0
681.065,12.635,83.658,27.304,0.018,1009.2,2.973,77.268,-23.439,0.074,14.129,0.003,138.0,1,20,1,1,humidity,0
2759.355,5.675,48.654,22.012,0.023,1013.9,5.268,71.873,-345.879,0.064,0.638,0.005,19.0,1,8,1,0,gas,0
666.893,5.605,80.207,32.755,0.048,1012.5,5.119,71.012,29.897,1.748,12.467,0.003,372.0,1,8,1,0,humidity,0
553.385,1.245,39.184,58.911,0.003,1018.1,6.489,80.337,-3.31,4.017,-1.224,-0.002,103.0,1,22,0,0,temperature,1
1693.745,23.574,17.633,38.52,0.388,1017.4,0.484,49.338,450.257,6.575,0.019,0.156,228.0,4,2,0,0,smoke,1
567.688,4.665,95.951,32.299,0.247,1013.3,3.352,69.788,4.577,0.861,25.674,-0.005,202.0,1,7,1,0,humidity,0
664.072,31.079,37.481,28.147,0.49,1007.7,3.084,73.952,11.619,3.31,0.314,0.155,10.0,1,18,1,1,smoke,0
2564.237,0.668,37.952,26.426,0.023,1008.8,0.377,56.512,-822.238,-0.846,0.392,0.001,25.0,1,18,0,0,gas,0
1669.126,4.424,24.731,22.07,0.017,1011.9,2.373,62.831,-90.383,-0.333,0.339,0.002,24.0,1,3,0,0,gas,0
510.879,6.564,80.93,21.456,0.027,1011.6,0.459,55.896,-5.759,-0.014,22.529,0.008,106.0,1,17,0,1,humidity,0
564.303,5.115,37.042,55.752,0.012,1017.3,6.233,61.215,10.454,-1.593,0.975,0.004,161.0,1,12,0,0,temperature,1
0.0,4.485,48.922,25.842,0.026,1014.5,3.743,72.386,410.376,-0.219,-2.174,-0.007,12.0,2,20,1,0,gas,1
971.383,18.046,41.723,26.854,0.022,1015.1,3.575,81.994,115.229,-2.108,-0.366,0.002,33.0,1,9,1,0,gas,0
603.685,2.671,89.104,35.558,0.19,1013.8,4.271,80.221,32.165,2.703,22.579,-0.003,335.0,1,13,1,0,humidity,0
664.023,5.932,87.381,27.355,0.197,1009.2,4.791,71.043,27.347,2.899,16.396,0.001,20.0,1,15,1,0,humidity,0
564.638,20.885,43.281,27.86,0.021,1014.6,5.196,69.895,305.509,-2.15,2.838,0.002,10.0,1,3,1,1,gas,0
601.313,18.556,48.285,25.669,0.281,1013.1,4.118,77.777,-18.601,1.435,-2.681,0.062,49.0,1,20,1,1,smoke,0
597.713,21.089,43.95,27.001,0.489,1013.7,5.241,77.612,-13.403,1.666,-0.945,0.063,115.0,1,14,1,1,smoke,0
709.086,17.513,46.541,27.721,0.342,1011.5,7.348,69.692,0.544,1.255,-1.517,-0.003,34.0,1,11,1,1,smoke,0
753.906,7.656,37.247,27.746,0.433,1013.8,4.328,80.332,-8.786,2.46,2.203,0.081,258.0,1,15,1,1,smoke,0
1974.941,6.273,36.549,21.333,0.032,1007.3,0.522,57.845,268.756,0.887,1.761,0.0,88.0,2,3,0,0,gas,1
2477.092,4.521,46.194,26.804,0.031,1006.4,3.993,70.848,-843.984,0.028,0.63,-0.002,14.0,1,7,1,0,gas,0
727.081,22.299,35.99,26.328,0.215,1006.8,3.716,82.364,-7.352,1.169,-0.026,0.172,14.0,1,20,1,1,smoke,0
705.913,4.629,89.871,28.526,0.101,1015.8,3.489,65.595,-8.666,6.189,13.815,-0.002,42.0,1,3,1,0,humidity,0
658.483,6.301,88.29,25.752,0.219,1022.1,5.143,82.687,16.734,2.749,10.334,0.0,109.0,1,4,1,0,humidity,0
1877.297,3.89,46.736,24.742,0.024,1013.1,3.719,74.174,695.432,0.413,0.034,-0.003,15.0,1,10,1,0,gas,0
616.193,7.45,86.657,29.787,0.202,1006.5,3.963,71.544,34.124,2.417,15.141,-0.009,17.0,1,11,1,0,humidity,0
747.246,3.808,90.062,34.858,0.171,1014.0,3.161,72.616,-9.8,3.405,16.855,-0.009,76.0,1,21,1,0,humidity,0
0.0,5.388,49.049,25.746,0.011,1014.9,2.433,74.347,-639.846,0.233,-0.504,0.002,9.0,1,15,1,0,gas,0
1386.775,14.176,38.288,25.495,0.015,1009.5,4.716,77.656,440.504,-0.876,-1.017,0.007,30.0,1,16,1,0,gas,0
0.0,3.753,45.479,23.87,0.026,1013.7,3.91,76.73,-1240.229,0.044,-0.582,0.002,26.0,2,11,1,0,gas,0
626.431,11.503,57.212,27.078,0.342,1012.2,3.942,76.843,-17.531,3.536,0.23,0.084,13.0,1,8,1,1,smoke,0
645.518,12.801,79.266,28.872,0.018,1013.1,3.431,67.094,-7.894,0.204,9.313,0.004,154.0,2,12,1,1,humidity,0
671.937,9.798,37.139,24.976,0.331,1012.3,4.085,63.525,-7.271,3.018,-2.723,0.078,233.0,1,0,1,1,smoke,0
573.798,13.521,85.616,28.024,0.027,1010.1,3.664,79.206,-13.779,-0.194,19.477,-0.002,30.0,2,11,1,1,humidity,0
724.855,2.989,54.533,46.319,0.019,1013.2,7.376,61.888,12.397,3.401,1.639,0.008,111.0,1,3,0,0,temperature,1
571.288,3.259,89.968,28.508,0.154,1013.6,1.157,47.764,32.971,3.471,15.251,0.001,70.0,1,7,0,0,humidity,0
1123.683,12.725,44.467,23.482,0.018,1013.5,0.89,54.933,340.194,-2.223,-0.895,-0.001,58.0,1,5,0,0,gas,0
1569.786,39.767,29.579,52.898,0.469,1006.2,3.305,73.279,-30.395,7.54,3.415,0.293,67.0,3,15,1,0,smoke,1
1650.625,57.763,54.902,49.769,0.348,1016.1,5.07,75.636,504.167,-0.031,0.253,0.108,100.0,4,11,1,1,smoke,0
575.569,1.72,83.769,24.705,0.198,1012.8,0.739,54.59,-29.939,1.962,8.901,0.001,209.0,1,14,0,0,humidity,0
565.18,18.843,55.05,22.728,0.347,1018.1,1.155,56.308,31.642,1.028,0.071,0.138,52.0,1,1,0,1,smoke,0
679.384,6.485,89.112,30.808,0.223,1013.8,3.431,69.026,-19.42,3.255,11.881,-0.003,472.0,1,18,1,0,humidity,0
447.224,25.621,54.857,21.593,0.378,1013.0,1.812,54.928,-45.234,-0.765,0.334,0.068,15.0,1,4,0,1,smoke,0
619.985,6.829,38.768,27.217,0.49,1013.1,5.607,76.17,-2.559,1.819,-0.269,0.047,19.0,1,16,1,1,smoke,0
0.0,4.216,46.214,28.343,0.038,1013.8,4.865,75.305,116.619,0.388,-0.954,0.002,115.0,2,17,1,0,gas,0
671.641,1.663,86.078,30.527,0.243,1013.7,2.655,76.135,-13.798,1.74,12.872,-0.002,175.0,1,10,1,0,humidity,0
570.5,7.219,41.185,48.107,0.031,1015.2,9.802,80.442,8.84,7.109,-0.878,-0.002,118.0,2,13,1,0,temperature,1
510.191,7.015,85.81,27.433,0.026,1014.5,0.148,60.479,-29.374,0.162,14.975,-0.0,34.0,1,23,0,1,humidity,0
713.367,4.433,87.136,31.459,0.195,1015.4,3.891,78.489,-19.886,1.732,20.231,-0.004,262.0,1,17,1,0,humidity,0
1424.048,13.288,47.244,25.95,0.031,1015.1,3.426,74.23,306.397,-1.898,0.7,0.003,211.0,2,20,1,0,gas,0
1160.455,41.712,42.789,49.961,0.601,1012.6,1.979,53.868,303.051,7.746,-0.626,0.24,117.0,3,3,0,0,smoke,1
515.52,10.834,83.171,24.333,0.023,1014.2,2.055,57.801,4.968,0.435,12.018,-0.005,74.0,2,4,0,1,humidity,0
563.875,1.254,91.697,29.964,0.166,1015.8,2.385,50.444,6.186,2.015,10.162,-0.006,30.0,1,0,0,1,humidity,1
1390.057,8.55,44.035,20.811,0.032,1015.4,1.932,50.375,129.17,-0.737,0.582,-0.01,17.0,1,8,0,0,gas,0
667.748,5.521,78.384,29.658,0.021,1004.3,5.048,77.002,-3.399,0.258,17.082,-0.002,89.0,2,7,1,1,humidity,0
651.242,8.983,83.498,24.817,0.012,1013.1,3.394,70.536,-4.31,-0.456,5.206,-0.002,138.0,1,7,1,1,humidity,0
573.736,2.106,89.569,24.873,0.3,1009.8,0.036,58.008,17.22,4.307,19.357,0.002,77.0,1,0,0,0,humidity,0
654.469,20.827,41.549,26.203,0.356,1014.0,3.639,78.546,31.639,3.36,0.87,0.114,48.0,1,11,1,1,smoke,0
550.834,3.699,56.039,58.032,0.017,1008.6,5.553,78.864,-9.625,8.33,-0.719,0.005,49.0,1,10,0,0,temperature,1
764.505,4.085,50.955,59.083,0.014,1018.9,12.506,78.426,-0.415,4.056,-2.68,-0.005,906.0,2,11,1,0,temperature,1
109.392,2.95,40.569,21.938,0.026,1015.9,1.184,44.423,1173.636,-0.023,-2.015,0.002,28.0,1,23,0,0,gas,0
1387.949,27.908,30.24,56.831,0.647,1009.7,0.009,56.833,290.701,3.158,0.259,0.24,24.0,4,2,0,0,smoke,1
549.381,1.159,94.282,26.446,0.229,1014.3,0.614,54.682,3.041,3.268,19.46,-0.007,160.0,1,1,0,0,humidity,0
1338.025,10.445,51.307,20.68,0.024,1012.9,0.123,56.741,235.195,-1.738,1.782,0.0,9.0,1,13,0,0,gas,0
2401.586,26.731,56.116,22.698,0.019,1005.3,5.024,73.133,370.459,0.024,-0.421,-0.001,84.0,3,19,1,1,gas,1
709.734,7.129,74.873,27.269,0.014,1015.1,5.859,70.039,31.066,-0.007,-1.042,0.009,171.0,1,20,1,1,humidity,0
854.256,6.62,44.469,25.163,0.026,1008.5,3.779,67.271,292.051,-2.018,0.601,-0.004,23.0,1,6,1,0,gas,0
502.545,24.251,44.671,23.761,0.276,1005.5,1.032,49.927,12.108,2.824,-0.195,0.202,7.0,1,23,0,1,smoke,0
2887.721,5.298,54.025,25.579,0.018,1013.0,4.475,72.837,714.708,-0.222,0.933,0.005,63.0,1,8,1,0,gas,0
1738.625,30.385,25.105,52.655,0.428,1006.0,2.177,58.107,518.09,8.569,-1.284,0.413,121.0,2,2,0,0,smoke,1
611.771,21.215,44.851,26.463,0.297,1009.5,3.433,81.313,-9.858,1.705,-0.019,0.128,31.0,1,10,1,1,smoke,0
539.532,15.066,40.694,24.948,0.484,1014.0,3.373,71.906,15.583,1.647,-0.773,-0.016,19.0,1,10,1,1,smoke,0
1444.379,18.386,44.598,50.072,0.531,1018.5,0.37,57.369,216.674,9.81,0.858,0.192,38.0,3,4,0,0,smoke,1
1268.743,35.481,26.683,49.568,0.376,1012.5,0.947,52.715,346.211,6.206,-0.279,0.235,163.0,3,1,0,1,smoke,1
588.91,23.256,49.82,24.464,0.512,1012.7,0.499,57.998,-0.126,2.884,0.383,0.142,15.0,1,23,0,1,smoke,0
650.6,23.164,43.342,23.824,0.41,1015.2,0.749,44.81,-19.539,3.471,2.285,0.182,12.0,1,4,0,1,smoke,0
527.753,3.097,47.52,52.902,0.025,1008.7,12.593,68.539,8.22,7.727,0.371,-0.0,213.0,1,22,0,0,temperature,1
596.807,5.135,50.815,61.621,0.0,1014.0,11.989,89.133,14.639,6.281,-1.006,0.003,137.0,2,2,1,0,temperature,1
1705.417,26.363,47.026,25.484,0.022,999.4,4.267,75.413,246.953,0.034,-0.465,0.004,111.0,3,17,1,0,gas,1
669.988,13.362,52.976,27.621,0.288,1008.8,3.009,81.487,2.325,0.845,2.403,0.126,52.0,1,2,1,1,smoke,0
745.067,3.735,88.485,34.025,0.17,1011.0,4.945,70.851,-9.379,-0.52,7.985,-0.004,32.0,2,4,1,0,humidity,0
675.468,5.082,89.913,32.961,0.24,1012.9,2.953,73.213,3.417,2.281,9.78,0.004,52.0,1,20,1,0,humidity,0
1308.97,32.565,43.686,44.039,0.592,1013.1,1.158,59.239,274.859,4.032,0.683,0.132,105.0,3,9,0,0,smoke,1
592.165,13.0,42.875,26.715,0.384,1010.2,3.567,72.007,-11.537,2.001,2.29,0.162,13.0,1,7,1,1,smoke,0
577.171,4.599,91.241,32.05,0.254,1012.7,3.875,69.522,-12.404,-0.559,4.665,-0.004,36.0,1,7,1,0,humidity,0
1431.957,14.267,35.926,23.502,0.02,1011.5,1.755,50.207,383.028,-0.679,0.906,-0.001,11.0,1,23,0,0,gas,0
560.148,28.804,65.634,23.019,0.328,1014.7,0.789,59.462,1.328,1.887,2.101,0.132,46.0,1,3,0,1,smoke,0
559.222,19.8,47.726,22.646,0.396,1016.8,0.306,60.999,25.507,0.886,2.107,0.152,75.0,1,23,0,1,smoke,0
556.352,2.001,81.783,29.206,0.129,1015.9,1.71,58.429,-16.953,3.136,-2.049,-0.004,47.0,1,1,0,0,humidity,0
677.701,23.325,43.991,28.426,0.295,1011.9,4.298,77.685,6.918,2.435,-1.095,0.043,43.0,1,16,1,1,smoke,0
1305.247,8.765,51.941,23.523,0.039,1014.6,1.291,59.682,171.187,-2.489,-0.57,-0.0,10.0,2,16,0,0,gas,1
665.812,15.993,42.479,20.305,0.334,1017.5,3.818,72.225,-12.496,3.829,-1.456,0.135,22.0,2,19,1,1,smoke,0
618.5,8.408,69.603,27.933,0.022,1016.5,4.027,77.315,-9.511,0.628,6.135,0.007,35.0,2,11,1,1,humidity,0
589.992,4.744,37.901,51.278,0.007,1013.1,9.989,98.759,24.971,9.544,0.688,-0.001,675.0,1,21,1,0,temperature,1
626.846,14.472,32.47,24.929,0.373,1012.9,3.816,77.007,-12.922,0.691,-2.744,0.062,20.0,1,18,1,1,smoke,0
565.717,4.677,78.186,23.372,0.041,1015.3,1.285,55.376,7.135,0.747,8.812,-0.005,6.0,1,4,0,1,humidity,0
508.531,1.344,94.511,24.13,0.112,1008.8,1.836,50.512,16.538,3.179,16.233,0.0,33.0,1,0,0,0,humidity,0
637.503,4.222,80.99,33.208,0.13,1013.0,4.707,71.923,15.336,1.972,14.651,0.005,225.0,1,21,1,0,humidity,0
680.025,4.116,83.761,33.394,0.19,1013.2,4.197,77.991,-9.758,1.019,22.293,-0.008,394.0,1,18,1,0,humidity,0
542.274,26.501,33.374,25.205,0.301,1012.1,0.042,56.035,15.948,4.369,-1.396,0.188,98.0,1,5,0,1,smoke,0
546.563,3.181,90.03,27.158,0.168,1011.0,1.311,51.742,33.5,2.663,19.348,-0.005,77.0,1,5,0,0,humidity,0
1265.299,15.269,40.217,30.007,0.032,1014.1,4.138,75.672,184.87,-0.804,1.115,0.007,21.0,1,7,1,0,gas,0
761.6,25.061,51.676,28.321,0.401,1011.7,5.488,78.988,0.506,1.979,2.259,0.097,16.0,1,17,1,1,smoke,0
1082.71,-6.235,57.083,26.998,0.01,1009.4,1.654,80.699,73.906,-1.118,-0.57,0.001,51.0,2,10,1,0,gas,0
470.337,14.866,52.361,22.113,0.256,1012.9,2.591,56.151,-27.805,1.726,0.426,0.126,50.0,2,0,0,1,smoke,0
0.0,4.648,43.781,22.717,0.015,1013.4,4.161,70.996,-849.965,-1.2,2.386,-0.003,19.0,1,15,1,0,gas,0
602.585,5.706,90.188,26.843,0.192,1012.5,1.892,73.523,46.698,1.738,8.504,-0.005,49.0,1,19,1,0,humidity,0
653.551,3.624,85.797,24.741,0.185,1012.3,3.927,74.012,-7.246,2.472,21.158,0.003,77.0,1,18,1,0,humidity,0
1445.46,64.062,22.251,41.083,0.572,1009.7,5.72,76.7,301.103,7.861,0.492,0.236,182.0,4,5,1,0,smoke,1
0.0,4.071,50.635,26.407,0.02,1017.8,2.971,76.347,-525.126,-0.062,1.728,0.003,14.0,1,20,1,0,gas,0
957.027,18.738,56.804,25.671,0.037,1014.1,3.972,71.103,435.801,-1.051,-1.68,0.003,61.0,2,15,1,0,gas,0
752.896,5.341,92.927,32.38,0.1,1013.4,4.704,75.959,-2.12,2.618,22.641,-0.001,183.0,1,10,1,0,humidity,0
631.949,6.154,86.297,34.66,0.107,1013.8,4.526,69.865,-31.642,2.514,27.664,-0.003,85.0,1,16,1,0,humidity,0
618.414,7.617,91.876,22.969,0.028,1012.9,5.44,73.082,-11.828,-0.24,20.86,-0.008,98.0,1,7,1,1,humidity,0
731.244,24.332,46.515,24.952,0.249,1011.3,4.655,77.152,44.579,1.166,0.814,0.149,17.0,2,10,1,1,smoke,0
597.686,3.999,83.746,23.204,0.027,1013.9,1.536,52.963,-13.475,0.177,15.418,-0.002,205.0,1,11,0,1,humidity,0
1502.31,39.513,45.229,56.163,0.747,1016.7,3.414,72.049,250.796,7.657,-0.553,0.117,350.0,4,10,1,0,smoke,1
1422.602,17.302,40.22,26.643,0.028,1012.2,2.929,76.229,244.968,-1.127,-2.777,-0.004,4.0,1,6,1,0,gas,0
798.332,9.442,82.489,24.669,0.022,1012.0,4.193,73.717,-21.285,0.765,11.373,-0.004,53.0,1,16,1,1,humidity,0
592.549,8.436,89.221,27.479,0.02,1015.7,4.204,75.796,-3.661,0.249,18.869,0.006,193.0,1,8,1,1,humidity,0
1853.488,26.795,54.604,43.573,0.498,1008.6,0.732,49.547,648.96,6.605,0.772,0.283,234.0,3,3,0,0,smoke,1
502.111,1.06,56.75,48.29,0.033,1014.7,10.355,74.501,-7.626,15.344,2.073,-0.009,196.0,1,23,0,0,temperature,1
2419.317,12.461,42.099,22.885,0.027,1009.0,2.439,50.013,313.156,-0.204,0.58,-0.006,303.0,3,1,0,0,gas,1
547.02,1.353,90.67,25.583,0.194,1018.4,0.535,48.686,-6.625,3.065,16.296,-0.002,146.0,1,3,0,1,humidity,0
698.494,6.277,88.16,33.042,0.119,1012.8,4.754,77.217,-29.064,4.215,14.76,-0.01,80.0,1,13,1,0,humidity,0
656.784,6.503,87.475,31.11,0.342,1016.7,3.52,76.182,-5.589,3.323,19.162,0.001,139.0,1,15,1,0,humidity,0
1765.481,6.075,42.929,23.438,0.017,1013.9,4.039,77.587,613.21,-0.275,0.922,-0.001,44.0,1,11,1,0,gas,0
653.028,4.209,87.794,32.855,0.198,1005.6,4.995,74.383,-0.099,2.178,20.111,0.003,30.0,1,15,1,0,humidity,0
645.599,4.639,89.682,29.72,0.232,1014.3,2.919,76.738,0.665,0.718,23.323,-0.003,33.0,1,12,1,0,humidity,0
496.963,3.884,86.126,23.199,0.233,1014.0,1.82,55.94,-26.717,4.006,20.915,-0.007,90.0,1,1,0,0,humidity,0
977.927,24.449,26.541,26.856,0.022,1011.4,3.852,74.703,390.292,-1.924,-1.889,-0.006,7.0,1,17,1,0,gas,0
610.339,8.143,90.68,31.103,0.187,1014.4,5.111,74.21,-21.989,2.29,12.583,-0.002,244.0,1,21,1,0,humidity,0
2022.356,1.658,31.452,22.34,0.027,1014.6,0.588,59.229,393.738,0.203,1.323,-0.0,18.0,1,23,0,0,gas,0
610.797,9.076,88.794,24.918,0.003,1010.5,0.73,60.248,3.325,0.672,13.687,-0.002,70.0,1,17,0,1,humidity,0
612.644,9.418,59.072,19.586,0.354,1012.5,1.409,59.116,16.484,2.989,-1.655,0.168,31.0,1,1,0,1,smoke,0
644.64,22.886,51.378,26.032,0.09,1012.3,3.595,68.566,-6.924,0.635,-2.174,0.182,12.0,1,13,1,1,smoke,0
751.936,18.902,25.527,20.419,0.026,1013.0,0.079,59.646,95.781,-1.95,1.612,0.002,51.0,1,19,0,0,gas,0
0.0,5.637,41.552,25.956,0.017,1002.7,4.278,73.912,-514.555,-0.524,1.344,0.005,2.0,1,5,1,0,gas,0
470.909,11.012,51.926,20.64,0.33,1014.2,0.703,59.203,-14.954,0.545,1.188,0.102,16.0,1,0,0,1,smoke,0
676.314,15.905,37.186,25.684,0.008,1013.2,1.721,57.324,236.005,-1.581,-0.106,-0.003,78.0,1,18,0,0,gas,0
527.895,2.334,92.954,25.079,0.13,1005.8,0.171,53.325,14.977,0.111,26.881,0.004,49.0,2,22,0,0,humidity,0
522.671,1.772,43.527,60.33,0.018,1014.4,5.959,66.504,12.657,8.369,0.149,0.001,174.0,2,23,0,0,temperature,1
1972.76,5.089,64.135,24.379,0.0,1016.9,3.253,71.237,521.071,0.506,-0.164,0.006,52.0,1,0,1,0,gas,0
1483.757,39.911,22.689,49.397,0.559,1010.8,4.782,78.971,471.779,6.33,-0.851,0.264,186.0,3,8,1,0,smoke,1
2849.823,0.693,63.86,22.001,0.026,1015.0,1.462,51.883,-48.426,0.379,-0.667,-0.004,46.0,1,15,0,0,gas,0
739.008,10.693,75.371,24.101,0.027,1015.8,4.189,68.237,34.539,-0.397,6.012,-0.001,54.0,2,18,1,1,humidity,0
1974.296,1.903,43.985,28.286,0.013,1014.2,0.132,60.228,761.93,0.097,-0.291,-0.007,13.0,1,3,0,0,gas,0
1261.239,-0.917,37.634,26.739,0.026,1012.0,4.239,73.697,190.472,-1.267,-1.036,-0.001,100.0,1,14,1,0,gas,0
554.744,4.185,80.169,26.966,0.258,1014.6,0.742,52.383,27.843,5.271,30.723,0.004,8.0,1,3,0,0,humidity,1
652.315,8.899,88.021,23.269,0.026,1016.3,3.27,75.166,-11.447,-0.113,14.113,0.005,68.0,1,14,1,1,humidity,1
629.836,29.69,37.865,26.636,0.332,1007.0,4.189,82.598,-10.728,-0.218,-1.098,0.128,10.0,1,12,1,1,smoke,1
481.74,11.311,55.704,21.104,0.415,1017.2,0.74,46.979,5.958,2.754,2.197,0.17,57.0,1,22,0,1,smoke,0
1837.44,7.168,45.083,25.689,0.018,1015.3,3.388,72.077,917.428,-0.005,2.048,0.008,51.0,1,4,1,0,gas,0
2475.015,33.864,43.628,26.626,0.02,1011.6,4.768,72.391,375.892,0.007,1.744,0.002,188.0,3,16,1,0,gas,1
555.624,27.791,41.268,21.404,0.241,1012.4,3.156,54.19,0.479,1.571,1.276,0.108,141.0,1,3,0,1,smoke,0
608.073,7.451,58.47,26.664,0.371,1012.4,4.766,74.495,2.514,0.046,0.506,0.166,18.0,1,18,1,1,smoke,0
723.212,21.645,27.88,24.907,0.413,1009.3,4.198,78.669,9.041,1.23,0.963,0.1,27.0,1,7,1,1,smoke,0
631.383,9.201,73.289,23.162,0.036,1014.1,3.357,78.915,13.93,0.456,6.16,-0.001,24.0,1,12,1,1,humidity,0
2110.007,48.983,46.265,42.018,0.499,1011.8,3.499,73.694,763.523,2.944,0.22,0.154,100.0,3,2,1,0,smoke,1
1398.963,6.169,25.609,28.73,0.036,1013.5,3.099,73.877,500.437,-1.279,-1.229,-0.005,312.0,1,11,1,1,gas,0
777.053,10.503,51.541,26.333,0.29,1003.5,4.455,75.324,-28.745,0.114,0.078,0.108,7.0,2,2,1,1,smoke,0
2486.85,-0.971,41.833,26.254,0.014,1003.4,1.314,55.383,517.286,-0.363,-0.835,-0.001,60.0,3,23,0,0,gas,1
582.137,0.912,96.311,28.047,0.238,1016.9,0.291,66.007,-1.048,1.311,17.504,0.005,172.0,2,22,0,0,humidity,0
1204.14,21.706,43.12,22.191,0.03,1012.2,1.422,54.536,196.361,-0.459,3.622,-0.004,20.0,1,3,0,1,gas,0
650.435,9.477,52.903,24.233,0.425,1014.9,4.855,78.9,-27.543,-0.059,-1.169,0.029,15.0,2,23,1,1,smoke,0
509.241,16.036,51.918,21.405,0.254,1014.6,0.621,53.016,35.238,2.774,-0.835,0.199,26.0,1,4,0,1,smoke,0
582.643,17.26,48.086,21.091,0.458,1018.3,0.885,47.643,24.686,3.995,-1.261,0.051,7.0,1,5,0,1,smoke,0
485.05,3.118,85.963,22.577,0.031,1013.4,2.005,54.391,-15.4,-0.609,8.129,-0.007,182.0,1,21,0,1,humidity,0
810.613,17.686,46.208,26.886,0.237,1012.2,3.951,82.579,17.113,-1.169,-0.918,0.147,69.0,1,10,1,1,smoke,0
1353.023,27.76,31.301,41.3,0.439,1015.9,4.567,64.395,50.514,5.166,-3.232,0.164,43.0,2,11,1,0,smoke,1
713.891,17.031,41.553,26.985,0.255,1019.8,2.54,71.0,-18.052,1.837,0.871,0.13,10.0,1,17,1,1,smoke,0
662.208,6.126,80.369,31.577,0.215,1012.8,4.471,74.352,12.538,2.634,8.202,-0.006,72.0,1,8,1,0,humidity,0
522.247,3.209,62.591,49.289,0.017,1014.7,4.705,62.179,-21.011,5.736,-0.306,-0.009,99.0,1,22,0,1,temperature,1
534.037,7.978,74.424,23.89,0.019,1011.1,0.197,58.543,7.516,0.365,13.907,0.001,272.0,1,7,0,1,humidity,0
601.58,5.018,88.62,31.68,0.183,1012.5,2.806,68.953,19.423,1.153,24.406,0.002,53.0,1,14,1,1,humidity,0
511.084,5.205,95.387,26.959,0.322,1021.1,1.021,56.726,-3.844,1.555,15.466,0.001,130.0,1,11,0,0,humidity,0
1421.17,26.789,34.259,45.703,0.671,1014.6,0.325,53.887,190.316,6.487,-0.664,0.133,79.0,2,0,0,0,smoke,1
594.341,15.892,73.036,24.252,0.03,1011.8,4.339,71.604,14.195,0.006,8.208,0.002,76.0,1,21,1,1,humidity,0
953.081,3.829,56.934,24.576,0.017,1019.2,0.341,53.758,436.011,-1.973,0.517,0.003,38.0,1,3,0,0,gas,0
649.688,6.951,53.459,24.665,0.307,1015.7,0.447,55.218,-27.862,3.151,-2.164,0.197,22.0,1,21,0,1,smoke,0
1066.998,30.222,33.175,41.291,0.402,1012.2,3.749,71.141,269.906,5.567,-1.385,0.135,96.0,3,2,1,0,smoke,1
645.019,7.713,78.421,23.994,0.027,1013.6,0.66,58.443,-13.029,0.204,18.305,0.008,31.0,1,6,0,1,humidity,0
468.513,8.735,76.279,25.079,0.007,1015.2,0.343,53.404,-1.596,-0.208,12.954,0.0,1800.0,1,1,0,1,humidity,0
1563.63,56.343,20.853,52.825,0.583,1012.7,4.741,73.358,292.934,7.914,1.611,0.156,185.0,2,6,1,0,smoke,1
2149.215,47.5,51.062,23.141,0.031,1008.7,3.989,72.205,229.036,-0.5,-1.356,-0.002,311.0,2,7,1,0,gas,1
1066.866,12.22,40.47,25.522,0.016,1012.6,0.097,51.605,205.332,-0.487,-1.391,0.004,21.0,2,23,0,0,gas,0
625.813,10.996,83.77,25.563,0.001,1018.2,3.194,83.038,19.083,-0.401,17.532,0.0,103.0,1,1,1,1,humidity,0
656.253,9.448,73.299,25.958,0.008,1013.2,5.216,76.491,4.36,0.051,8.76,-0.002,174.0,1,6,1,1,humidity,0
498.622,3.565,81.655,27.108,0.115,1008.6,0.034,47.788,1.31,5.609,21.346,-0.003,26.0,1,22,0,0,humidity,0
1179.29,13.503,27.963,48.428,0.568,1006.0,4.853,76.841,471.89,8.663,-1.309,0.241,164.0,4,8,1,0,smoke,1
697.126,3.467,85.102,30.121,0.186,1021.9,3.846,77.164,28.24,0.919,23.543,0.011,415.0,2,21,1,1,humidity,0
971.738,27.43,37.891,25.977,0.012,1017.6,1.176,57.608,276.557,-1.694,0.226,-0.007,124.0,1,1,0,0,gas,0
1602.272,10.935,27.596,42.217,0.521,1009.8,1.572,57.126,636.129,9.167,4.244,0.182,34.0,3,10,0,0,smoke,1
0.0,3.341,29.805,22.262,0.017,1013.0,0.345,55.485,926.851,0.126,0.749,-0.006,22.0,2,3,0,0,gas,0
624.093,2.869,95.654,29.035,0.347,1012.8,4.664,88.544,30.013,4.316,14.34,0.005,36.0,1,7,1,0,humidity,0
0.0,4.481,59.437,24.636,0.027,1011.4,2.069,80.425,-475.921,0.401,-0.286,0.005,68.0,1,20,1,0,gas,0
0.0,0.388,45.347,22.279,0.034,1010.7,1.385,53.891,-469.384,-0.396,-0.35,0.004,22.0,1,2,0,0,gas,0
1091.982,5.675,48.615,22.07,0.012,1011.7,3.728,72.999,214.109,-1.809,-0.703,-0.007,28.0,1,13,1,0,gas,0
448.429,7.984,83.034,25.61,0.016,1011.7,1.17,50.882,-23.791,0.156,2.493,0.001,120.0,1,3,0,1,humidity,0
589.697,3.371,47.247,49.623,0.025,1012.9,6.044,85.733,1.04,10.527,0.418,-0.002,53.0,2,14,1,0,temperature,1
636.094,5.637,89.051,27.502,0.223,1011.4,3.395,76.264,6.113,1.658,26.929,-0.008,33.0,1,17,1,0,humidity,0
569.898,6.275,79.919,24.983,0.012,1014.6,1.87,45.985,1.763,0.421,12.676,0.003,28.0,1,1,0,1,humidity,0
1392.765,17.385,46.466,26.761,0.01,1015.9,0.521,58.84,342.007,-1.16,-3.958,-0.009,18.0,1,13,0,1,gas,0
676.948,12.039,42.333,26.67,0.323,1013.2,2.816,75.268,-10.161,5.047,-0.875,0.176,11.0,2,11,1,1,smoke,0
726.797,16.29,47.341,24.819,0.382,1015.3,4.317,80.206,21.225,2.418,-0.696,-0.02,4.0,1,4,1,1,smoke,0
1274.872,19.649,28.161,42.524,0.529,1014.2,4.241,73.716,350.987,3.28,-0.787,0.265,77.0,3,8,1,0,smoke,1
637.559,20.058,49.089,25.83,0.251,1014.4,4.057,64.226,14.831,0.632,0.226,0.155,35.0,1,12,1,1,smoke,0
697.695,3.853,86.678,26.105,0.166,1012.8,4.349,75.805,-6.011,4.876,19.43,0.006,71.0,1,18,1,0,humidity,0
769.848,6.067,88.739,25.363,0.119,1017.5,5.115,72.991,33.985,2.576,23.324,0.002,52.0,1,10,1,0,humidity,0
633.413,15.84,45.37,25.653,0.387,1012.7,5.218,72.215,-20.701,3.138,-0.383,0.157,74.0,1,9,1,1,smoke,0
547.012,3.303,87.278,22.843,0.119,1012.1,1.614,54.879,14.741,3.605,18.183,0.002,27.0,2,3,0,0,humidity,0
1184.016,14.135,51.678,26.625,0.019,1013.6,4.431,72.43,227.774,-1.692,0.824,-0.004,32.0,1,15,1,0,gas,0
1158.223,13.678,47.092,25.083,0.013,1014.7,3.379,64.597,353.734,-1.061,0.062,-0.003,8.0,1,18,1,0,gas,0
1013.076,22.47,49.875,25.051,0.025,1013.3,1.118,61.729,214.801,-0.904,1.301,-0.008,30.0,1,22,0,0,gas,0
2372.905,20.602,62.911,23.857,0.026,1009.7,0.639,50.416,233.677,0.269,-2.082,-0.003,59.0,3,4,0,0,gas,1
824.257,3.937,82.761,31.672,0.124,1016.0,4.317,75.75,-0.82,3.87,7.816,-0.009,45.0,1,16,1,1,humidity,0
1801.664,21.16,43.821,20.637,0.012,1014.4,1.038,57.465,317.24,-1.447,-0.928,-0.009,2.0,1,22,0,0,gas,0
757.545,25.079,41.768,25.222,0.207,1014.0,5.369,74.732,5.142,1.034,3.457,0.141,14.0,1,21,1,1,smoke,0
2436.808,33.873,35.301,29.519,0.017,1010.5,2.934,76.103,299.514,0.169,1.281,0.011,152.0,3,10,1,0,gas,1
1241.311,24.802,37.214,47.949,0.329,1014.8,0.029,51.441,473.916,4.197,0.925,0.311,224.0,2,2,0,0,smoke,1
541.191,3.25,95.085,29.853,0.245,1012.1,0.326,50.84,-21.837,2.425,27.646,-0.009,210.0,1,23,0,0,humidity,0
644.339,5.707,84.236,28.166,0.23,1012.9,3.839,70.894,-1.989,3.0,12.373,-0.0,72.0,2,22,1,0,humidity,0
703.31,2.992,80.927,37.12,0.089,1021.7,4.959,73.164,0.078,0.881,19.471,0.01,101.0,1,17,1,0,humidity,0
1023.998,19.926,48.299,23.162,0.022,1014.3,1.267,58.054,420.0,-2.01,2.302,0.01,26.0,1,23,0,0,gas,1
1085.871,28.784,41.032,23.982,0.024,1015.6,3.261,73.19,128.111,-1.402,-1.694,-0.003,12.0,1,2,1,0,gas,0
1295.284,35.353,28.529,46.12,0.393,1013.3,0.058,58.56,106.59,6.494,-0.753,0.269,141.0,3,13,0,0,smoke,1
743.206,8.421,87.298,26.357,0.017,1011.7,3.994,77.5,-14.03,-0.494,6.285,0.003,30.0,1,6,1,1,humidity,0
1816.621,54.13,21.307,42.503,0.699,1008.9,4.102,73.958,-26.921,8.112,0.801,0.073,225.0,3,9,1,0,smoke,1
568.907,24.281,47.36,28.01,0.186,1013.4,4.474,71.335,0.887,2.443,0.79,0.066,55.0,1,11,1,1,smoke,0
601.693,13.646,39.048,23.668,0.571,1011.2,3.38,75.518,-11.041,3.913,0.796,0.094,46.0,1,19,1,1,smoke,0
684.299,4.085,94.271,38.094,0.099,1012.2,4.767,73.392,2.602,4.385,14.285,-0.003,47.0,1,21,1,0,humidity,0
2060.62,3.463,46.582,24.759,0.034,1018.7,4.714,71.803,702.864,-0.365,-0.245,-0.001,19.0,1,9,1,0,gas,0
717.433,5.478,91.09,26.088,0.287,1011.1,3.858,73.839,17.442,3.755,12.83,-0.006,216.0,2,19,1,0,humidity,0
459.846,2.207,83.254,30.387,0.207,1011.1,1.244,58.842,8.136,2.388,17.801,-0.007,117.0,1,22,0,0,humidity,0
964.983,12.838,48.183,21.81,0.04,1008.4,0.561,56.498,48.302,-1.281,-1.078,0.004,27.0,1,9,0,0,gas,0
698.82,3.608,40.229,46.094,0.02,1016.7,7.431,89.151,2.914,2.671,0.97,0.001,37.0,1,21,1,0,temperature,1
691.656,2.819,83.751,30.245,0.319,1011.9,3.315,69.102,-3.514,3.319,25.897,0.004,61.0,1,13,1,0,humidity,0
1285.292,17.862,44.866,24.678,0.033,1011.4,3.434,74.359,150.413,-2.129,1.326,0.002,66.0,1,15,1,0,gas,0
1452.767,5.667,49.359,28.199,0.023,1010.1,2.975,78.174,226.424,-1.783,0.7,-0.006,56.0,1,12,1,0,gas,0
544.683,1.978,36.645,59.437,0.019,1009.3,8.175,63.057,-5.127,4.558,0.951,0.003,149.0,2,5,0,0,temperature,1
671.087,9.41,31.245,19.08,0.227,1013.8,1.404,55.713,-14.492,2.892,1.534,0.155,68.0,2,4,0,1,smoke,0
1533.453,45.925,30.761,52.778,0.527,1009.9,3.341,67.659,388.798,3.936,-4.312,0.252,155.0,4,16,1,0,smoke,1
501.691,12.974,41.724,24.967,0.538,1012.4,2.054,52.677,11.67,1.661,-2.618,0.043,33.0,2,17,0,1,smoke,0
575.873,7.954,71.118,25.89,0.029,1014.6,3.726,81.499,-38.187,0.47,23.275,-0.0,168.0,1,11,1,1,humidity,0
1568.728,52.396,19.648,46.172,0.53,1012.9,0.848,56.754,487.323,6.987,-2.469,0.148,204.0,2,2,0,0,smoke,1
629.616,11.962,92.47,22.689,0.009,1008.9,4.634,74.463,10.431,-0.55,15.183,-0.001,36.0,1,7,1,1,humidity,0
1391.923,2.469,44.14,22.063,0.02,1012.1,0.218,55.433,359.541,-1.751,-0.277,-0.003,10.0,1,7,0,0,gas,0
718.714,6.41,80.663,25.74,0.148,1007.3,3.915,74.222,-5.244,1.895,15.607,0.002,348.0,1,7,1,0,humidity,0
1378.818,21.497,36.665,24.392,0.015,1012.8,2.6,74.144,190.188,-1.025,-0.157,0.005,14.0,1,4,1,0,gas,0
514.545,4.278,86.22,24.46,0.122,1012.5,0.309,54.662,-5.826,1.54,13.713,-0.002,46.0,1,22,0,0,humidity,0
572.759,26.962,42.54,23.559,0.476,1007.0,1.172,55.007,-38.824,-0.177,-2.379,0.13,9.0,1,0,0,1,smoke,0
1382.827,19.96,38.502,24.808,0.04,1013.5,3.015,73.964,500.25,-2.179,-0.618,-0.001,143.0,1,9,1,0,gas,0
886.698,22.602,44.61,28.345,0.016,1008.9,4.892,72.07,317.56,-0.379,-0.632,-0.005,24.0,1,11,1,0,gas,0
1320.897,13.604,34.85,25.019,0.011,1012.5,0.592,55.164,95.127,-0.839,-1.919,-0.003,8.0,1,3,0,0,gas,0
1418.865,4.477,48.281,26.477,0.027,1010.2,5.458,73.181,536.278,0.146,2.974,0.002,23.0,2,18,1,0,gas,0
1175.111,26.554,41.491,51.554,0.573,1013.5,4.184,70.493,272.871,11.372,0.567,0.318,61.0,4,1,1,0,smoke,1
656.721,5.211,88.177,32.975,0.144,1011.5,3.96,70.11,-4.079,-0.405,9.475,0.001,30.0,1,10,1,0,humidity,0
625.112,7.869,84.788,24.378,0.001,1013.6,4.816,70.988,-7.782,0.21,9.923,-0.005,134.0,2,11,1,1,humidity,0
794.424,21.938,47.208,24.702,0.446,1011.1,4.518,74.816,-40.953,1.443,-1.623,0.019,35.0,1,12,1,1,smoke,0
1736.75,6.93,42.355,24.719,0.011,1009.8,4.609,78.643,786.0,-0.092,1.245,0.001,43.0,1,16,1,0,gas,0
564.719,5.842,93.056,29.005,0.161,1012.0,3.294,70.847,3.712,0.518,13.384,0.001,41.0,1,11,1,1,humidity,0
602.336,7.544,77.817,21.597,0.022,1009.5,0.922,53.863,3.56,0.107,12.325,0.009,115.0,1,22,0,1,humidity,0
1484.867,10.623,35.305,20.602,0.02,1008.7,0.55,57.199,380.658,0.336,3.026,0.001,91.0,2,3,0,0,gas,1
1404.66,9.788,43.168,25.255,0.028,1013.4,3.598,72.132,180.368,-1.42,0.08,-0.0,28.0,1,20,1,0,gas,0
1108.952,3.333,38.941,25.284,0.013,1016.1,0.13,55.662,240.333,-1.876,0.027,-0.002,22.0,1,22,0,0,gas,0
682.043,10.625,75.619,23.86,0.015,1013.9,3.324,71.462,11.081,-0.308,7.483,0.001,108.0,1,19,1,1,humidity,1
1623.991,36.408,42.864,48.269,0.461,1016.5,4.202,75.167,554.352,9.642,0.037,0.167,22.0,2,7,1,0,smoke,1
2665.542,0.071,50.792,20.316,0.017,1009.3,0.727,52.952,-521.372,0.958,-0.869,-0.006,42.0,1,23,0,0,gas,0
669.922,17.326,53.146,25.014,0.469,1012.7,3.372,70.244,-26.584,5.225,-0.594,0.075,37.0,1,15,1,1,smoke,0
1544.796,6.248,33.655,26.151,0.02,1017.5,4.226,76.714,976.473,-0.488,-2.138,-0.008,24.0,2,13,1,0,gas,0
939.679,18.71,50.267,24.623,0.03,1015.1,1.248,52.17,280.541,-2.062,0.56,0.004,14.0,2,22,0,0,gas,0
678.673,20.374,48.357,24.808,0.237,1011.7,5.081,75.259,23.639,2.672,-0.567,0.131,16.0,1,14,1,1,smoke,0
2049.741,32.249,51.153,27.737,0.02,1004.2,5.045,72.659,507.719,0.21,-0.979,-0.004,103.0,2,16,1,0,gas,1
0.0,2.224,44.668,24.663,0.025,1010.6,0.111,51.827,-270.774,-0.156,-2.129,0.002,85.0,1,4,0,0,gas,0
0.0,4.618,45.76,27.576,0.02,1013.9,5.192,78.09,-606.25,0.158,1.122,-0.001,16.0,1,6,1,0,gas,0
696.914,24.052,52.294,25.478,0.57,1016.4,3.353,72.367,18.291,3.912,1.581,0.169,76.0,1,16,1,1,smoke,0
1266.416,15.861,41.756,22.087,0.029,1013.5,1.861,52.717,214.861,-0.951,1.756,0.002,28.0,1,22,0,0,gas,0
1141.177,17.753,49.948,61.823,0.537,1014.0,4.821,69.531,290.363,9.233,0.015,0.217,209.0,4,12,1,0,smoke,1
604.87,12.029,75.37,26.326,0.008,1014.9,4.688,72.697,8.372,0.289,10.278,0.0,39.0,1,18,1,1,humidity,0
565.59,5.158,88.286,31.969,0.115,1016.9,0.966,54.997,-10.951,4.319,12.157,0.004,77.0,2,16,0,0,humidity,0
0.0,4.95,46.822,25.737,0.014,1011.9,4.332,74.698,-879.597,-0.208,1.739,0.004,14.0,1,10,1,0,gas,0
614.052,8.126,76.557,25.701,0.007,1015.4,4.685,75.733,6.455,0.449,15.838,0.005,75.0,1,11,1,1,humidity,0
667.874,8.723,94.499,26.008,0.026,1008.7,4.153,76.189,46.32,-0.493,5.237,0.004,20.0,1,19,1,1,humidity,1
667.925,5.488,82.651,29.156,0.207,1011.0,4.057,84.992,-0.334,0.519,15.666,0.0,278.0,1,14,1,0,humidity,0
1464.002,15.045,49.818,27.818,0.017,1010.3,3.645,71.077,176.15,-1.758,-1.593,0.0,53.0,1,13,1,0,gas,0
483.117,18.772,41.127,22.786,0.129,1015.9,0.913,58.935,-20.921,0.73,1.51,0.16,18.0,1,5,0,1,smoke,0
648.146,12.84,54.028,27.316,0.474,1010.6,4.854,74.2,-1.343,2.189,0.094,0.27,5.0,1,12,1,1,smoke,0
695.186,6.764,77.357,31.592,0.307,1012.8,3.301,77.43,-21.058,1.986,26.08,0.007,81.0,1,12,1,0,humidity,0
750.942,1.38,90.297,32.181,0.187,1013.9,4.985,72.49,-1.559,3.077,22.605,-0.0,353.0,1,20,1,0,humidity,0
1095.598,52.197,44.725,57.353,0.396,1017.5,0.553,47.129,743.575,8.293,-1.48,0.1,70.0,2,13,0,0,smoke,1
1377.431,25.61,49.587,21.915,0.009,1010.3,0.59,55.688,476.679,-1.401,-1.182,0.005,18.0,1,3,0,0,gas,0
2288.878,39.713,52.29,25.287,0.052,1000.3,2.347,73.704,309.279,-0.386,-1.479,0.003,110.0,3,22,1,0,gas,0
1417.273,16.86,54.592,24.881,0.014,1013.8,1.251,55.426,140.225,-0.187,2.927,0.005,58.0,2,0,0,0,gas,0
673.113,4.162,89.579,28.956,0.245,1012.7,3.095,78.821,-11.091,1.106,27.25,-0.003,119.0,1,12,1,0,humidity,0
689.348,5.842,88.302,32.71,0.178,1010.7,4.545,78.104,-8.922,-0.864,2.848,0.0,16.0,1,11,1,0,humidity,0
762.66,3.028,84.243,30.455,0.156,1010.5,3.696,71.304,1.902,-2.356,23.77,-0.006,43.0,1,14,1,0,humidity,0
627.107,5.016,48.572,62.493,0.021,1009.6,6.006,73.169,12.688,3.43,-1.328,-0.001,767.0,1,13,1,0,temperature,1
1223.514,13.393,47.331,25.81,0.034,1011.4,0.378,55.827,281.013,-1.102,0.226,0.004,31.0,1,17,0,0,gas,0
1583.177,63.116,37.023,48.893,0.359,1015.6,3.185,75.803,306.48,5.842,1.908,0.284,272.0,3,6,1,0,smoke,1
714.503,24.347,39.959,26.385,0.3,1016.6,3.347,70.28,19.887,2.598,2.484,0.216,31.0,2,21,1,1,smoke,0
1209.079,18.512,36.554,26.956,0.022,1015.1,5.961,74.466,218.509,-1.386,2.361,-0.006,21.0,1,7,1,0,gas,0
1144.753,6.699,51.373,30.026,0.037,1019.1,4.327,70.191,218.89,-1.082,2.001,0.007,19.0,1,13,1,1,gas,0
607.698,4.547,81.534,28.996,0.032,1012.8,3.067,81.096,-15.739,0.571,17.514,-0.005,114.0,1,11,1,1,humidity,0
2074.459,36.141,29.914,26.063,0.014,1011.2,4.277,75.546,271.738,-0.082,1.912,0.006,40.0,3,18,1,0,gas,1
624.342,2.871,85.483,27.015,0.342,1013.0,0.582,51.538,7.307,3.349,30.921,-0.0,74.0,2,4,0,0,humidity,0
1729.973,12.278,40.116,54.736,0.7,1010.3,4.382,67.831,384.724,10.842,-1.49,0.161,213.0,3,23,1,0,smoke,1
704.867,5.201,87.755,25.561,0.164,1014.9,4.869,73.54,2.011,1.37,19.467,-0.009,91.0,1,11,1,1,humidity,0
591.523,3.816,87.734,30.863,0.111,1008.1,0.833,56.479,-14.66,4.194,11.016,-0.01,157.0,1,5,0,0,humidity,0
739.358,4.796,82.93,26.645,0.322,1013.7,3.772,78.358,-16.177,3.223,15.836,0.004,10.0,2,21,1,0,humidity,0
718.218,20.98,50.884,23.663,0.326,1012.9,3.809,80.328,-26.119,1.652,-0.17,-0.017,14.0,1,16,1,1,smoke,0
560.913,3.57,87.939,25.552,0.232,1013.9,1.86,43.716,6.699,3.716,17.894,-0.002,139.0,1,22,0,0,humidity,0
515.38,4.569,31.666,51.265,0.002,1012.1,5.756,74.821,-32.704,4.815,-2.316,-0.001,130.0,2,3,0,0,temperature,1
2330.425,2.23,46.443,23.3,0.011,1014.6,0.304,56.122,1143.233,0.347,0.595,0.006,80.0,1,12,0,0,gas,0
506.862,2.857,77.65,23.671,0.01,1012.4,0.039,48.135,-24.379,-0.396,4.079,0.003,20.0,1,0,0,1,humidity,0
0.0,3.701,41.407,27.239,0.04,1013.9,4.544,74.876,827.794,-0.754,1.824,-0.007,1.0,1,21,1,0,gas,0
587.192,4.543,78.316,28.391,0.175,1007.4,4.093,71.024,8.353,0.377,18.336,0.005,62.0,1,16,1,0,humidity,0
1367.505,31.823,48.985,26.415,0.009,1012.4,3.989,73.418,228.352,-2.265,-1.913,-0.003,42.0,1,19,1,0,gas,0
1736.455,8.111,35.669,29.198,0.017,1014.7,5.167,74.909,495.184,-0.471,0.19,-0.003,21.0,1,10,1,0,gas,0
1153.438,15.302,58.7,25.927,0.019,1009.7,3.631,74.673,76.289,-1.363,1.782,-0.005,16.0,1,8,1,0,gas,0
1853.026,0.555,29.796,23.56,0.032,1012.7,2.388,53.59,486.658,0.713,0.121,-0.0,20.0,1,1,0,0,gas,0
2154.434,23.347,47.266,26.143,0.028,1002.3,4.131,69.432,100.583,-0.019,0.826,-0.008,144.0,3,17,1,0,gas,1
727.776,7.066,82.948,20.407,0.025,1012.2,3.734,77.177,-28.924,-0.097,14.14,-0.007,49.0,1,14,1,1,humidity,0
1207.483,50.259,30.985,48.626,0.777,1012.0,0.538,59.845,430.328,9.149,1.915,0.243,15.0,2,23,0,0,smoke,1
1914.832,1.948,40.15,25.157,0.011,1011.9,0.897,55.7,-383.402,0.06,1.055,-0.004,57.0,1,12,0,0,gas,0
675.691,3.682,94.16,27.213,0.21,1013.2,0.696,53.261,55.438,1.441,14.791,-0.009,46.0,1,8,0,1,humidity,1
674.16,4.35,91.463,34.271,0.183,1014.1,4.927,81.494,-41.537,2.914,9.348,-0.002,40.0,1,19,1,0,humidity,0
668.995,16.764,42.02,27.699,0.199,1010.5,4.407,79.631,6.085,6.382,2.457,0.086,7.0,1,0,1,1,smoke,0
1433.537,3.03,50.515,21.844,0.035,1010.4,0.245,61.217,273.34,-0.759,-0.787,0.004,29.0,1,15,0,0,gas,0
730.192,4.888,89.699,31.705,0.141,1010.5,3.193,78.334,12.054,1.86,16.556,-0.005,158.0,1,20,1,0,humidity,0
1176.173,24.875,38.62,25.911,0.017,1011.8,3.415,81.111,325.741,-2.542,0.758,-0.002,22.0,1,17,1,0,gas,0
697.343,2.857,78.762,29.382,0.133,1013.3,4.787,78.585,-18.299,3.969,22.001,0.001,75.0,1,6,1,0,humidity,0
1927.585,4.601,46.442,24.465,0.024,1015.0,2.944,73.977,-941.289,-0.459,1.491,-0.005,26.0,2,3,1,0,gas,0
734.427,13.771,79.587,27.412,0.032,1012.2,5.21,76.248,17.191,-0.52,17.864,-0.009,42.0,1,16,1,1,humidity,0
738.055,3.604,89.703,29.549,0.147,1009.1,3.711,72.885,12.102,1.06,7.734,0.005,104.0,1,7,1,0,humidity,0
671.331,10.397,39.444,24.148,0.356,1009.6,4.026,76.095,-19.068,3.369,-0.281,0.102,33.0,1,20,1,1,smoke,0
1095.019,15.69,42.462,28.537,0.031,1020.1,3.175,78.127,350.339,-1.926,-2.224,-0.007,90.0,2,15,1,0,gas,0
1673.373,29.383,35.448,59.19,0.591,1010.8,1.541,54.28,184.262,5.659,4.293,0.208,191.0,3,22,0,0,smoke,1
644.477,5.773,86.734,23.293,0.021,1014.5,0.642,58.557,10.617,-0.005,14.66,-0.007,60.0,1,23,0,1,humidity,0
503.547,8.887,40.729,21.823,0.404,1010.0,0.483,61.888,24.288,0.507,-1.758,0.046,50.0,1,22,0,1,smoke,0
623.355,24.481,51.992,26.675,0.583,1013.4,5.142,77.58,-6.434,3.287,-0.013,0.159,22.0,2,8,1,1,smoke,0
551.983,6.595,87.662,28.014,0.221,1011.6,2.415,73.428,18.947,1.816,14.771,-0.002,79.0,1,18,1,0,humidity,0
1299.315,10.84,48.036,25.882,0.03,1007.2,3.592,69.847,28.475,-1.098,0.897,-0.0,8.0,1,15,1,0,gas,0
557.975,1.636,91.395,28.132,0.106,1008.9,1.329,58.685,10.744,3.326,22.899,0.004,80.0,2,16,0,0,humidity,0
538.514,0.797,83.896,29.662,0.295,1015.4,1.248,55.982,-7.846,3.323,16.985,-0.008,256.0,1,2,0,0,humidity,0
593.49,21.942,53.961,20.696,0.501,1015.7,1.75,53.196,-36.055,1.476,-1.079,0.09,32.0,1,14,0,1,smoke,0
1233.994,8.25,51.957,25.96,0.009,1010.1,4.413,73.345,207.476,-1.563,2.05,0.012,13.0,2,20,1,0,gas,0
575.467,8.56,82.251,22.119,0.019,1012.7,2.279,54.408,3.796,0.099,16.129,0.001,43.0,1,4,0,1,humidity,0
761.685,6.643,90.059,29.497,0.236,1015.1,3.747,74.858,4.705,1.622,28.378,0.011,42.0,1,19,1,0,humidity,1
609.268,17.494,59.338,28.182,0.357,1017.7,3.854,76.862,21.03,-0.564,-1.931,0.217,11.0,2,15,1,1,smoke,0
1100.903,20.923,52.478,25.157,0.015,1013.8,4.162,75.247,111.539,-1.524,-2.42,-0.001,81.0,1,11,1,0,gas,0
615.803,6.537,87.877,22.592,0.019,1009.4,1.048,57.475,-1.399,0.134,16.76,-0.007,71.0,1,2,0,1,humidity,0
934.838,2.927,52.743,27.023,0.022,1013.0,4.194,69.023,175.129,-1.73,-1.703,-0.002,3.0,1,9,1,0,gas,0
1361.683,4.039,38.348,28.626,0.01,1013.2,4.901,75.952,-296.338,-0.329,0.082,0.006,24.0,1,22,1,0,gas,0
1727.706,27.504,44.294,25.963,0.005,1007.0,0.218,56.637,393.483,0.157,0.124,0.001,105.0,2,16,0,0,gas,1
1421.811,13.607,31.749,24.493,0.008,1012.4,0.718,55.324,325.561,-1.282,1.217,0.005,13.0,1,3,0,0,gas,0
512.957,9.023,43.827,22.258,0.473,1010.0,0.971,57.614,20.881,1.644,2.303,0.156,13.0,1,1,0,1,smoke,0
715.244,14.552,44.523,27.276,0.222,1018.7,4.247,71.816,2.647,1.444,0.324,0.163,16.0,1,14,1,1,smoke,0
595.557,6.022,84.316,22.103,0.055,1010.4,0.51,55.315,-17.201,0.192,12.274,0.008,174.0,1,1,0,1,humidity,0
615.207,13.734,36.407,24.478,0.411,1013.7,3.248,79.336,40.988,3.637,2.214,0.092,14.0,1,7,1,1,smoke,0
667.147,11.974,45.659,27.197,0.269,1010.9,5.093,75.907,27.232,2.01,0.659,0.056,20.0,1,10,1,1,smoke,0
1394.267,44.079,48.152,46.447,0.629,1014.5,4.919,75.286,282.394,3.544,-2.685,0.199,879.0,4,21,1,0,smoke,1
660.1,14.109,48.279,27.51,0.593,1008.8,3.312,82.529,-3.551,5.87,-0.556,0.144,12.0,1,8,1,1,smoke,0
0.0,3.961,55.383,25.818,0.026,1014.0,5.1,77.616,-1154.838,0.56,-1.424,-0.003,2.0,1,14,1,0,gas,0
561.111,2.944,81.951,24.111,0.278,1014.8,2.829,58.156,-21.98,3.425,15.905,-0.004,40.0,1,22,0,0,humidity,0
1203.195,16.144,41.307,26.461,0.02,1013.3,2.91,67.808,457.334,-0.646,0.335,0.002,117.0,1,21,1,0,gas,0
733.263,14.02,47.966,25.973,0.425,1014.5,3.729,71.999,5.363,2.916,1.204,0.06,6.0,1,6,1,1,smoke,0
630.643,20.537,29.836,24.773,0.298,1012.5,4.682,69.304,-24.436,0.406,-0.393,0.056,18.0,1,9,1,1,smoke,1
727.728,5.34,81.994,27.618,0.036,1014.1,4.031,75.089,-50.041,0.137,12.531,-0.006,46.0,1,8,1,1,humidity,0
664.174,2.736,43.143,63.466,0.022,1013.0,4.8,64.011,5.225,4.167,-2.369,0.008,83.0,1,2,0,0,temperature,1
1092.623,9.056,45.965,25.852,0.035,1011.7,0.506,57.183,216.608,-1.204,-1.534,-0.009,103.0,1,5,0,0,gas,0
539.116,14.169,40.708,20.503,0.33,1014.9,1.216,57.868,37.624,1.395,3.629,0.203,33.0,1,22,0,1,smoke,0
1861.882,45.262,32.761,45.901,0.466,1016.3,3.826,80.244,352.328,9.313,-0.473,0.193,27.0,4,10,1,0,smoke,1
672.146,14.192,39.909,25.61,0.437,1009.9,3.191,71.962,30.11,4.007,-1.337,0.02,16.0,2,14,1,1,smoke,0
493.467,14.338,41.15,21.303,0.485,1010.6,1.101,61.362,-28.682,0.604,-0.028,0.127,6.0,1,5,0,1,smoke,0
1527.309,22.189,32.315,23.15,0.028,1008.0,1.38,53.234,499.604,-0.427,-1.191,0.004,105.0,3,23,0,0,gas,1
1817.285,5.118,53.675,27.091,0.027,1009.0,3.665,73.627,-536.126,-0.213,-2.25,0.0,17.0,1,8,1,0,gas,0
578.225,0.634,88.276,28.68,0.14,1005.8,0.259,55.498,29.802,4.371,22.397,0.001,78.0,2,4,0,0,humidity,0
689.781,7.167,77.187,27.679,0.225,1014.1,5.043,69.943,5.587,4.625,13.399,-0.004,93.0,1,21,1,0,humidity,0
1914.861,11.632,49.325,24.8,0.02,1011.2,4.019,74.63,282.848,-1.135,-1.543,0.001,21.0,1,6,1,0,gas,0
599.887,10.23,87.184,26.712,0.014,1010.4,5.467,76.749,9.296,0.165,15.439,-0.004,51.0,1,8,1,1,humidity,0
643.026,14.625,33.613,25.145,0.475,1011.8,2.919,72.872,-13.216,1.093,0.978,0.088,27.0,2,20,1,1,smoke,0
737.394,7.496,89.015,30.051,0.151,1010.5,5.791,72.265,7.093,4.944,17.66,0.01,76.0,1,14,1,0,humidity,0
472.204,8.13,34.17,27.418,0.557,1007.7,1.104,60.017,40.858,2.701,0.595,0.033,41.0,1,22,0,1,smoke,0
740.396,13.781,32.659,27.145,0.439,1013.6,3.082,78.055,-2.981,0.966,-0.584,0.065,16.0,1,20,1,1,smoke,0
1263.027,17.325,41.324,22.686,0.027,1012.5,2.083,51.044,269.757,-2.673,1.83,-0.003,12.0,1,23,0,0,gas,0
742.605,14.371,45.199,23.361,0.36,1011.8,2.455,76.166,-12.732,3.578,-0.2,0.08,19.0,1,11,1,1,smoke,0
2106.122,13.958,43.641,22.545,0.007,1009.6,0.717,55.849,771.648,0.326,-1.77,0.0,1042.0,2,0,0,0,gas,1
545.476,16.842,51.787,24.853,0.273,1016.5,1.141,52.363,7.184,1.58,0.795,0.224,17.0,1,3,0,1,smoke,0
1437.739,7.83,60.923,40.571,0.604,1012.0,0.238,56.124,62.623,11.319,-0.888,0.223,140.0,2,3,0,0,smoke,1
947.571,62.76,30.588,45.724,0.631,1020.2,3.344,76.438,190.971,2.457,0.03,0.305,41.0,4,6,1,1,smoke,1
2079.985,4.563,35.76,26.557,0.028,1008.3,4.902,71.513,-736.996,-0.28,-1.473,0.003,30.0,1,8,1,0,gas,0
637.876,5.928,78.791,34.158,0.292,1008.9,3.547,80.424,-22.808,-0.187,20.001,0.008,305.0,1,14,1,1,humidity,0
911.678,0.008,38.654,21.515,0.029,1017.5,0.694,53.939,335.716,-3.112,-0.522,0.013,146.0,2,23,0,0,gas,0
1822.808,54.427,34.427,61.13,0.713,1017.2,4.435,81.71,232.365,8.064,-1.236,0.019,45.0,4,16,1,0,smoke,1
0.0,5.401,26.475,26.178,0.025,1013.9,4.879,69.921,-322.784,0.367,0.462,0.002,107.0,1,11,1,0,gas,0
497.008,3.455,43.902,46.266,0.011,1017.0,8.337,63.91,31.854,3.446,-1.637,0.007,176.0,2,8,0,0,temperature,1
573.139,14.667,31.756,27.799,0.31,1017.7,3.338,80.874,20.66,-1.616,0.592,0.118,77.0,2,7,1,1,smoke,0
762.492,2.903,76.353,32.834,0.2,1015.7,3.019,76.964,36.059,0.99,25.864,-0.0,454.0,2,21,1,0,humidity,0
2627.824,2.672,39.568,22.993,0.022,1013.8,0.992,54.263,629.633,0.214,1.087,0.015,62.0,1,4,0,0,gas,0
682.155,6.68,90.822,30.747,0.262,1011.2,4.018,78.057,29.22,4.242,35.246,-0.002,282.0,1,20,1,0,humidity,0
510.946,13.824,48.304,26.139,0.414,1017.2,3.038,63.623,-24.48,0.437,-1.358,0.019,17.0,1,3,0,1,smoke,0
1277.513,19.027,37.429,37.29,0.61,1013.8,0.301,56.398,583.88,10.031,-2.574,0.386,45.0,4,18,0,0,smoke,1
1560.222,5.56,53.51,43.609,0.35,1013.4,1.374,54.311,341.278,8.888,-1.739,0.084,199.0,2,2,0,0,smoke,1
1457.578,32.528,22.555,54.152,0.523,1010.0,3.684,75.597,526.18,12.617,1.464,0.227,196.0,2,8,1,0,smoke,1
554.225,4.308,30.706,39.569,0.014,1017.6,6.853,69.709,10.253,8.177,1.646,0.0,129.0,1,0,0,0,temperature,1
620.502,2.777,92.312,28.739,0.175,1011.0,3.891,81.627,-2.144,2.222,17.426,-0.001,196.0,1,11,1,0,humidity,0
567.522,20.951,29.205,22.158,0.523,1012.0,1.354,56.838,24.47,4.969,1.058,0.087,6.0,1,20,0,1,smoke,0
602.737,3.871,47.368,47.802,0.02,1015.2,6.656,63.898,-34.416,10.85,-1.229,0.001,92.0,1,22,0,0,temperature,1
728.811,6.237,41.275,57.907,0.01,1017.6,12.758,94.298,-21.298,1.842,1.015,-0.008,55.0,2,9,1,0,temperature,1
484.449,2.584,95.461,25.905,0.132,1012.4,2.074,63.44,-4.998,-0.884,26.898,-0.001,49.0,1,8,0,0,humidity,0
632.522,9.999,66.267,23.447,0.026,1010.6,4.769,72.896,1.845,0.923,14.962,-0.001,550.0,1,10,1,1,humidity,0
2030.156,39.884,49.34,22.045,0.017,1007.7,3.505,74.866,208.916,0.49,1.601,0.007,115.0,3,13,1,0,gas,1
653.132,13.397,45.449,22.997,0.506,1009.5,0.646,56.499,28.588,3.163,0.828,0.122,8.0,2,10,0,1,smoke,0
1371.162,2.627,51.204,23.166,0.006,1014.7,1.858,55.424,300.278,-0.37,-1.057,-0.0,39.0,1,16,0,0,gas,0
558.729,1.353,94.715,26.235,0.192,1018.7,0.703,57.939,-25.928,2.71,12.027,0.009,47.0,1,22,0,1,humidity,1
1416.557,10.489,48.548,27.698,0.01,1012.6,3.035,72.607,223.305,-2.265,-0.715,0.003,39.0,1,9,1,1,gas,0
651.119,9.195,88.83,25.302,0.025,1008.7,3.566,74.312,-19.018,-0.074,15.279,-0.001,28.0,2,15,1,1,humidity,0
1374.244,32.754,33.536,46.843,0.47,1009.0,2.667,56.549,321.739,5.19,0.749,0.02,63.0,2,1,0,0,smoke,1
960.908,13.967,40.405,26.353,0.026,1012.8,0.921,49.616,148.771,-1.552,-0.397,-0.003,7.0,1,21,0,0,gas,0
1550.761,14.497,40.915,24.26,0.004,1011.6,4.583,84.238,212.235,-2.209,-0.067,-0.01,29.0,1,10,1,0,gas,0
576.208,18.109,49.66,22.083,0.313,1013.0,1.518,57.155,-22.755,1.431,1.733,0.067,44.0,1,10,0,1,smoke,0
510.628,4.286,77.002,27.954,0.019,1013.3,0.558,54.214,21.361,-0.318,14.396,0.005,214.0,1,3,0,1,humidity,0
2055.465,2.571,56.215,25.56,0.029,1015.2,0.187,51.799,566.934,0.294,0.352,-0.001,23.0,1,4,0,0,gas,0
668.899,6.92,88.587,24.218,0.019,1016.9,4.513,73.754,-17.669,0.082,12.125,-0.006,28.0,1,18,1,1,humidity,0
734.239,26.677,34.318,26.908,0.4,1009.2,4.164,76.011,-18.757,2.253,-0.345,0.089,20.0,1,16,1,1,smoke,0
549.769,5.655,81.413,23.593,0.03,1011.3,1.035,51.447,-22.737,0.314,14.649,-0.006,28.0,1,4,0,1,humidity,0
662.151,24.633,46.183,25.649,0.345,1013.7,2.934,66.883,-12.804,-0.492,-1.563,0.027,12.0,1,18,1,1,smoke,0
612.165,5.118,85.3,28.322,0.206,1015.0,4.004,74.961,18.272,3.568,13.123,0.006,65.0,1,16,1,0,humidity,0
1057.639,17.381,46.882,24.984,0.03,1014.5,4.892,76.338,270.333,-2.356,-1.258,0.0,16.0,1,12,1,0,gas,0
513.306,1.818,85.344,25.917,0.23,1012.4,1.779,49.969,14.674,1.446,22.584,0.001,111.0,1,23,0,0,humidity,0
682.928,7.736,87.008,28.729,0.018,1008.7,2.906,79.078,-29.112,-0.49,1.111,-0.001,91.0,1,20,1,1,humidity,0
2001.172,31.589,48.925,27.284,0.019,1007.1,5.013,71.132,362.336,-0.468,0.318,0.001,201.0,2,11,1,0,gas,1
1957.68,4.052,36.419,26.839,0.033,1006.9,4.298,78.56,-604.754,0.352,3.635,-0.001,46.0,1,15,1,0,gas,0
2612.242,4.411,45.88,22.851,0.024,1010.9,1.466,50.734,401.883,-0.323,4.051,-0.006,165.0,1,3,0,0,gas,0
1683.935,3.192,45.555,23.605,0.02,1019.4,1.437,55.923,309.649,0.075,2.133,0.004,20.0,1,8,0,0,gas,0
1678.524,27.45,36.857,30.612,0.496,1014.2,4.348,75.385,218.777,5.207,0.627,0.282,156.0,3,17,1,0,smoke,1
1548.585,28.777,52.5,21.171,0.011,1002.2,3.493,56.302,156.392,-0.356,0.146,-0.003,40.0,2,7,0,0,gas,1
2545.598,16.139,31.101,26.974,0.008,1012.5,4.459,74.747,127.887,-0.712,-0.823,0.004,51.0,2,23,1,0,gas,1
1165.337,14.815,38.522,51.449,0.368,1011.8,4.922,67.871,449.962,10.54,0.502,0.289,86.0,3,0,1,0,smoke,1
1944.792,2.52,38.298,22.04,0.007,1012.0,0.868,60.266,-591.275,-0.037,0.467,-0.003,44.0,1,1,0,0,gas,0
1985.45,22.027,44.38,39.391,0.34,1014.4,0.671,53.052,500.117,7.342,1.848,0.098,218.0,4,14,0,0,smoke,1
691.077,13.714,56.116,27.919,0.193,1010.9,4.869,73.592,-20.637,2.483,-3.621,0.165,28.0,1,9,1,1,smoke,0
758.334,25.176,38.986,26.584,0.263,1012.6,3.206,76.528,27.913,0.733,-1.45,0.103,45.0,1,21,1,1,smoke,0
595.273,4.439,94.643,27.807,0.098,1009.2,4.056,70.065,-0.271,3.612,12.566,-0.005,73.0,1,15,1,0,humidity,0
982.186,5.377,41.5,23.705,0.013,1015.8,0.976,58.428,-452.193,0.116,1.669,-0.004,41.0,1,22,0,0,gas,0
572.552,17.702,33.506,25.861,0.517,1011.7,1.829,57.544,0.651,2.231,1.98,0.018,22.0,1,1,0,1,smoke,0
2503.843,4.583,52.17,26.495,0.005,1010.5,4.748,74.087,470.003,0.468,-1.247,0.007,22.0,1,15,1,0,gas,0
638.878,10.081,78.495,24.285,0.018,1013.6,4.922,71.187,2.099,0.053,3.1,-0.001,159.0,2,10,1,1,humidity,0
1677.141,37.834,54.068,46.873,0.624,1011.7,4.752,76.194,434.09,1.822,0.658,0.303,402.0,4,16,1,0,smoke,1
623.646,2.307,93.297,22.845,0.113,1010.9,0.696,53.126,14.197,1.952,18.646,-0.003,11.0,2,5,0,0,humidity,0
1020.234,13.188,38.798,22.282,0.02,1009.7,1.226,49.335,126.802,-1.896,0.126,-0.003,14.0,1,1,0,1,gas,0
1439.142,17.973,45.935,25.852,0.021,1016.4,4.297,79.076,-62.752,-1.694,-0.188,0.006,18.0,1,21,1,0,gas,0
2083.479,16.862,32.562,27.5,0.026,1013.3,4.361,77.966,324.414,-0.264,-2.108,-0.004,263.0,3,18,1,0,gas,1
1790.688,39.718,36.85,52.389,0.385,1012.6,1.893,54.546,216.435,1.187,1.189,0.393,56.0,2,20,0,0,smoke,1
585.049,3.815,91.046,29.915,0.175,1008.2,1.514,55.708,3.517,3.888,17.807,0.008,176.0,1,4,0,1,humidity,0
657.94,12.772,34.239,24.935,0.406,1013.7,2.919,72.611,43.131,1.027,0.59,0.099,44.0,1,16,1,1,smoke,0
995.388,19.289,41.016,25.087,0.043,1013.4,3.599,72.412,244.671,-1.144,1.596,0.002,14.0,2,20,1,0,gas,0
566.787,3.054,94.956,27.922,0.151,1011.4,0.472,48.892,11.204,0.538,9.107,-0.002,268.0,1,5,0,0,humidity,0
584.886,9.802,79.096,28.149,0.015,1008.8,5.723,73.584,-20.026,-0.319,14.232,0.006,25.0,1,12,1,1,humidity,0
642.592,7.92,84.703,32.741,0.168,1019.5,2.865,82.104,-13.049,2.485,10.345,0.001,101.0,1,9,1,0,humidity,0
662.544,11.558,74.861,28.684,0.013,1015.8,2.87,70.792,31.589,0.999,19.732,-0.007,22.0,1,0,1,1,humidity,0
472.875,4.162,89.34,30.867,0.122,1013.1,2.057,53.941,-18.213,3.173,26.899,-0.007,102.0,1,14,0,0,humidity,0
705.742,9.591,82.088,23.378,0.036,1010.2,4.999,75.932,15.03,-0.758,5.045,-0.009,165.0,1,8,1,1,humidity,0
478.634,0.246,88.064,30.192,0.204,1012.4,1.075,54.507,-4.331,1.389,32.121,-0.005,194.0,1,10,0,0,humidity,0
694.834,2.896,84.587,29.689,0.261,1013.3,4.848,82.727,-2.946,0.856,16.858,-0.002,30.0,1,5,1,0,humidity,0
1823.643,36.217,32.821,26.052,0.018,1003.8,4.866,69.294,180.903,-0.32,3.489,0.004,93.0,3,3,1,1,gas,1
1109.546,-8.055,48.694,23.294,0.023,1010.8,1.294,55.614,162.215,-1.662,-0.664,-0.006,18.0,1,3,0,0,gas,0
801.947,8.958,86.055,26.666,0.032,1015.2,4.063,71.906,3.439,-0.042,15.213,0.003,133.0,1,19,1,1,humidity,0
1770.035,23.521,41.957,25.292,0.041,1008.0,1.265,57.875,570.932,-0.377,0.9,0.003,268.0,3,22,0,0,gas,1
1639.468,14.125,42.277,26.043,0.032,1007.0,5.152,78.63,203.041,-3.045,0.526,0.001,26.0,1,12,1,0,gas,0
627.347,15.89,45.887,26.675,0.198,1010.2,3.203,77.716,10.528,4.393,0.66,0.095,18.0,1,11,1,1,smoke,0
2423.52,3.815,49.452,26.068,0.028,1010.9,5.908,68.476,657.11,-0.176,0.784,-0.001,54.0,1,12,1,0,gas,0
1522.251,15.049,40.659,20.403,0.0,1015.1,1.075,49.392,175.198,-1.506,1.088,0.001,32.0,1,8,0,0,gas,0
1190.055,9.264,42.901,26.88,0.008,1009.0,4.856,67.232,294.096,-1.412,0.762,-0.002,44.0,1,11,1,0,gas,0
665.914,13.444,82.137,25.637,0.012,1013.3,5.13,70.255,-49.519,-0.338,17.656,0.001,53.0,1,6,1,1,humidity,0
1195.786,14.83,37.954,21.761,0.038,1015.6,4.92,74.347,17.004,-1.323,1.625,-0.006,8.0,1,17,1,1,gas,0
1469.291,2.922,31.797,25.384,0.026,1016.6,4.024,79.642,491.827,-0.202,-0.34,-0.004,37.0,1,16,1,0,gas,1
0.0,4.085,44.476,24.331,0.02,1016.5,2.999,73.202,-1487.75,-0.467,-0.375,0.0,30.0,1,10,1,0,gas,0
568.387,1.956,89.27,31.304,0.166,1014.5,1.67,56.542,4.444,2.989,15.506,-0.008,67.0,1,15,0,0,humidity,0
723.275,4.115,90.8,27.29,0.241,1014.5,0.7,59.549,-13.633,0.257,19.702,-0.002,288.0,1,3,0,0,humidity,0
551.968,3.347,93.298,27.555,0.108,1014.2,1.14,48.306,-24.839,2.377,9.772,-0.001,81.0,2,3,0,0,humidity,0
664.214,6.212,95.055,34.114,0.196,1014.9,5.071,69.846,-29.375,4.855,24.687,-0.012,71.0,1,8,1,0,humidity,0
2190.175,24.304,59.599,23.136,0.019,1006.3,0.107,53.705,393.639,0.409,-0.692,-0.008,292.0,3,23,0,0,gas,1
526.96,7.376,79.528,24.255,0.024,1016.8,0.495,54.167,-34.665,0.091,11.547,0.009,68.0,1,8,0,1,humidity,0
830.513,22.631,42.883,25.044,0.326,1012.8,3.162,77.737,25.401,-0.286,-1.224,0.134,26.0,1,17,1,1,smoke,0
637.408,4.749,83.82,33.481,0.211,1011.9,5.096,76.867,-37.202,2.882,15.227,0.003,100.0,1,12,1,0,humidity,0
761.518,21.417,41.771,25.725,0.238,1018.4,3.449,73.956,-9.808,2.931,1.708,0.125,6.0,1,11,1,1,smoke,0
0.0,5.872,27.452,29.015,0.021,1015.5,4.697,80.011,-498.648,-0.604,1.618,0.002,46.0,1,21,1,0,gas,0
679.793,3.612,89.877,29.126,0.068,1012.2,4.87,70.119,-41.654,1.348,20.542,0.0,142.0,1,21,1,0,humidity,0
707.502,5.497,84.356,31.246,0.249,1009.4,3.626,72.924,12.115,0.614,10.581,-0.0,196.0,2,13,1,0,humidity,0
681.834,2.324,78.45,23.117,0.297,1010.5,1.179,57.601,-3.274,0.972,13.166,-0.004,74.0,1,19,0,0,humidity,0
553.249,0.841,90.788,28.385,0.246,1013.2,0.925,55.647,-14.148,2.378,16.251,0.01,127.0,1,14,0,0,humidity,0
650.652,6.907,81.939,27.487,0.129,1014.2,3.46,69.081,7.872,3.204,15.813,0.0,26.0,1,9,1,0,humidity,0
654.891,12.576,52.403,20.251,0.294,1015.2,1.52,58.172,8.414,2.141,-1.087,0.038,46.0,2,4,0,1,smoke,0
455.678,0.837,88.844,24.983,0.219,1018.1,0.512,51.3,11.402,6.579,11.266,-0.002,170.0,1,5,0,0,humidity,0
1928.422,0.97,36.975,23.175,0.02,1010.6,0.42,58.414,-327.401,0.535,-0.46,0.002,33.0,1,23,0,0,gas,0
446.52,11.695,33.053,21.343,0.294,1012.2,0.536,50.577,6.148,-0.757,0.227,0.08,215.0,1,5,0,1,smoke,0
516.981,16.009,42.502,25.313,0.464,1014.2,1.805,60.043,-1.758,2.808,-0.843,0.088,65.0,1,10,0,1,smoke,0
636.968,11.877,40.8,22.539,0.315,1014.1,4.046,77.625,-13.134,2.597,1.065,0.078,67.0,1,15,1,1,smoke,0
543.614,5.037,90.689,26.886,0.26,1011.9,3.148,75.072,-17.617,2.958,18.106,0.008,117.0,2,23,1,0,humidity,0
861.034,25.343,38.354,26.94,0.029,1014.5,4.129,74.512,351.714,-1.629,0.422,-0.002,62.0,1,13,1,0,gas,0
592.14,4.424,86.153,35.049,0.125,1009.5,5.511,77.863,62.314,-0.202,26.806,0.001,84.0,1,16,1,0,humidity,0
1944.072,36.074,37.652,45.976,0.385,1007.9,3.536,73.001,275.794,10.091,-0.297,0.137,84.0,3,22,1,0,smoke,1
647.064,18.804,36.753,28.38,0.404,1020.3,3.285,67.788,47.151,2.473,-0.88,0.161,49.0,1,7,1,1,smoke,0
1407.048,26.835,39.677,41.827,0.567,1015.0,0.68,51.847,507.431,6.035,-1.859,0.124,50.0,2,2,0,0,smoke,1
1546.883,22.246,26.301,51.061,0.384,1010.8,3.819,68.844,434.724,0.566,-1.158,0.3,55.0,3,6,1,0,smoke,1
684.479,7.978,34.531,24.805,0.363,1014.5,3.16,75.147,2.914,-0.114,-0.595,0.004,12.0,2,2,1,1,smoke,0
605.456,6.213,47.568,61.853,0.025,1008.6,7.312,84.836,-10.983,5.508,-1.206,-0.001,229.0,2,9,1,1,temperature,1
724.215,3.06,80.111,30.139,0.134,1020.7,5.466,76.23,-17.926,3.909,7.441,-0.001,76.0,1,22,1,0,humidity,0
689.146,5.806,36.927,58.054,0.019,1022.9,5.589,85.596,2.393,4.611,-0.318,0.001,84.0,2,12,1,0,temperature,1
604.855,26.741,32.367,26.42,0.325,1013.8,3.189,70.075,28.126,0.861,0.986,0.093,19.0,1,13,1,1,smoke,0
626.58,6.821,80.287,32.11,0.147,1014.8,3.404,74.162,-31.871,3.75,24.403,0.003,23.0,1,9,1,0,humidity,0
676.686,4.91,86.381,26.503,0.236,1011.6,3.298,84.494,-22.415,-0.791,23.348,0.004,14.0,1,14,1,0,humidity,0
0.0,4.538,52.952,26.117,0.007,1014.5,3.364,72.273,-988.511,-0.192,-0.969,0.0,64.0,2,15,1,0,gas,0
750.46,16.595,48.234,25.037,0.564,1013.5,5.095,79.751,21.394,1.003,-0.463,0.049,19.0,1,23,1,1,smoke,0
618.217,3.582,86.046,31.614,0.121,1010.1,0.753,58.036,-41.048,3.535,22.196,0.007,65.0,1,23,0,0,humidity,0
1481.584,22.8,48.892,32.27,0.02,1013.2,3.999,82.92,186.067,-2.717,0.167,0.002,54.0,1,14,1,1,gas,0
669.907,7.168,85.559,27.604,0.022,1008.0,4.089,64.224,-24.552,-0.326,18.056,-0.002,128.0,1,17,1,1,humidity,0
724.14,16.464,39.274,30.891,0.358,1015.3,3.776,78.275,18.033,2.737,2.741,0.103,246.0,1,7,1,1,smoke,0
768.905,24.941,56.127,25.02,0.342,1007.9,3.714,73.438,3.768,2.77,-0.48,0.098,22.0,1,12,1,1,smoke,0
671.474,6.852,71.415,25.644,0.024,1011.7,3.861,74.274,-26.679,-0.409,10.132,0.01,35.0,1,13,1,1,humidity,0
2207.42,5.131,37.555,24.702,0.037,1008.0,2.664,78.612,-202.137,0.371,-0.416,-0.01,36.0,1,11,1,0,gas,0
1499.328,7.965,47.07,24.092,0.032,1007.1,4.869,80.744,375.442,-2.211,-1.495,-0.001,5.0,1,8,1,1,gas,0
1085.142,22.833,38.467,36.87,0.428,1014.3,1.507,50.216,611.169,5.799,-1.137,0.05,145.0,4,23,0,0,smoke,1
700.986,10.381,82.078,24.01,0.02,1019.0,4.604,81.067,-5.684,0.229,8.617,-0.008,205.0,1,16,1,1,humidity,0
733.511,16.333,30.25,25.916,0.437,1017.6,4.771,71.055,13.948,1.679,0.293,0.2,5.0,1,18,1,1,smoke,0
670.288,15.654,48.256,23.426,0.234,1015.4,5.083,68.684,-4.077,1.393,-3.017,0.026,93.0,1,9,1,1,smoke,0
1129.805,23.03,47.982,23.66,0.017,1014.3,3.331,73.171,449.515,-0.976,-0.115,0.0,47.0,1,14,1,0,gas,0
646.489,2.695,91.498,25.104,0.257,1013.9,2.99,68.258,7.951,3.569,11.906,0.007,899.0,1,6,1,0,humidity,0
1359.014,21.158,52.383,27.339,0.022,1011.3,3.891,74.597,405.282,-2.172,-0.646,-0.007,32.0,2,16,1,0,gas,0
736.392,2.922,83.456,33.96,0.202,1010.1,2.784,77.205,-7.919,0.343,11.555,0.002,258.0,1,12,1,0,humidity,0
743.392,2.151,79.035,30.509,0.224,1011.2,4.14,78.365,11.117,4.638,2.053,0.004,37.0,1,20,1,0,humidity,0
1200.266,19.025,44.296,23.54,0.015,1012.8,3.766,69.518,178.252,-0.891,-0.107,0.0,39.0,1,21,1,0,gas,0
667.208,12.399,36.248,28.795,0.367,1014.9,2.954,67.565,-32.567,4.055,-0.089,0.085,18.0,1,10,1,1,smoke,0
1312.058,19.793,50.735,23.796,0.019,1011.3,3.109,78.24,171.105,-1.298,-1.039,0.003,75.0,1,16,1,0,gas,0
0.0,7.343,56.462,25.963,0.011,1011.4,4.296,75.681,-380.776,0.002,2.555,0.003,13.0,1,20,1,0,gas,0
604.59,2.379,84.915,31.419,0.248,1013.9,1.192,58.925,20.699,-0.155,17.579,0.003,146.0,1,16,0,0,humidity,0
587.9,3.583,41.096,49.813,0.025,1018.4,12.08,92.992,56.517,-0.278,1.118,0.01,89.0,1,11,1,0,temperature,1
461.057,23.22,46.008,23.981,0.389,1012.5,1.285,55.174,1.283,1.167,0.849,0.018,106.0,1,3,0,1,smoke,0
1569.101,21.449,57.634,29.189,0.029,1013.5,3.813,77.43,396.049,-1.779,-1.496,0.009,231.0,1,17,1,0,gas,0
1295.416,9.582,52.127,23.743,0.002,1010.4,4.998,68.434,396.276,-0.925,0.519,0.001,233.0,1,19,1,0,gas,0
539.363,2.165,97.472,26.465,0.146,1013.5,0.866,51.875,-25.031,1.481,11.846,-0.006,105.0,1,4,0,0,humidity,0
850.559,15.558,41.416,21.284,0.013,1007.9,1.055,52.302,357.503,-1.834,-0.682,-0.007,12.0,1,0,0,0,gas,0
1945.807,32.499,46.094,24.754,0.016,1003.2,3.904,80.587,447.807,0.003,-1.907,0.002,1388.0,2,16,1,0,gas,1
1102.315,22.41,43.75,22.274,0.01,1013.4,4.032,78.553,152.028,-2.001,-0.503,0.008,18.0,1,9,1,1,gas,0
468.448,3.264,80.668,35.335,0.191,1016.4,2.01,55.253,26.052,1.91,23.935,0.004,59.0,1,1,0,0,humidity,0
1883.639,22.964,49.76,22.895,0.024,1005.9,1.163,59.709,301.491,1.046,1.013,0.005,23.0,2,1,0,0,gas,1
723.448,1.479,82.125,28.989,0.068,1011.0,3.094,74.823,50.386,1.362,21.782,-0.005,171.0,1,4,1,0,humidity,0
2239.02,3.032,45.366,22.169,0.041,1010.6,2.393,58.48,-4.635,-0.085,-0.161,0.002,49.0,1,12,0,0,gas,1
515.762,10.611,87.135,24.517,0.036,1012.7,0.94,64.601,-24.104,-0.033,5.757,-0.0,75.0,1,2,0,1,humidity,0
1095.019,0.438,49.686,23.627,0.014,1014.4,0.873,54.26,394.233,-0.993,1.074,0.0,197.0,1,14,0,0,gas,0
706.254,6.091,89.965,30.214,0.232,1009.1,4.204,79.983,2.165,3.99,18.59,0.001,53.0,2,13,1,0,humidity,0
755.52,3.753,34.585,46.334,0.033,1013.0,9.119,89.397,-17.948,7.964,-0.482,0.008,59.0,1,7,1,0,temperature,1
642.571,14.945,41.857,24.996,0.399,1011.4,4.315,76.041,0.572,2.523,-1.935,0.191,30.0,1,19,1,1,smoke,0
724.077,1.351,47.207,25.721,0.303,1012.7,4.205,71.628,-8.09,1.041,1.631,0.15,11.0,1,16,1,1,smoke,0
1413.087,12.382,44.021,43.446,0.642,1013.7,1.897,60.68,553.659,5.763,2.869,0.222,295.0,4,2,0,0,smoke,1
1689.04,48.85,35.06,49.996,0.385,1014.5,3.774,73.08,612.747,3.191,-0.134,0.183,27.0,2,12,1,0,smoke,1
0.0,4.12,42.686,25.611,0.017,1013.0,3.355,77.259,-580.319,0.274,-2.262,0.0,12.0,1,19,1,0,gas,0
1252.292,50.322,34.327,60.425,0.519,1012.1,1.461,54.387,290.21,7.524,-1.663,0.236,37.0,4,1,0,0,smoke,1
606.041,16.783,32.699,20.211,0.271,1013.6,2.966,55.961,12.886,2.542,-0.112,0.171,16.0,1,9,0,1,smoke,0
649.756,13.626,77.551,23.788,0.017,1013.9,4.475,85.398,14.344,-0.903,9.449,-0.003,734.0,1,16,1,1,humidity,0
1261.989,21.942,50.071,28.626,0.019,1012.0,4.705,74.806,366.808,-2.258,-2.042,0.002,7.0,2,17,1,1,gas,0
0.0,3.142,41.608,27.497,0.017,1016.4,4.101,69.903,170.074,0.166,1.866,0.015,40.0,1,18,1,0,gas,0
738.639,9.765,77.518,25.645,0.057,1018.3,2.941,69.046,-2.13,0.151,13.857,0.008,199.0,1,13,1,1,humidity,0
623.815,7.802,28.206,22.598,0.23,1013.7,1.099,52.169,-45.388,1.447,1.301,0.153,8.0,1,17,0,1,smoke,0
727.946,5.602,88.661,34.521,0.24,1011.9,5.264,71.626,-22.582,1.524,5.59,-0.002,74.0,1,15,1,1,humidity,0
732.109,13.965,46.681,26.119,0.207,1015.4,4.652,72.902,-35.104,3.509,0.541,0.188,13.0,1,13,1,1,smoke,0
1288.25,11.299,37.977,23.092,0.026,1010.0,0.254,49.999,31.012,-1.281,1.019,-0.0,12.0,1,1,0,0,gas,0
610.982,5.559,80.212,23.265,0.027,1011.4,4.707,78.019,30.48,-0.313,8.292,0.004,67.0,1,20,1,1,humidity,0
666.816,4.048,86.019,30.125,0.228,1004.6,3.174,67.848,28.388,0.903,5.866,-0.005,134.0,1,8,1,0,humidity,0
1494.331,40.443,36.977,63.114,0.764,1012.0,3.739,75.814,298.116,13.301,-0.009,0.087,668.0,4,17,1,1,smoke,1
2967.74,4.614,37.635,26.014,0.011,1015.4,4.35,75.702,338.179,-0.065,-0.248,0.003,26.0,1,10,1,0,gas,0
646.985,3.472,83.546,23.935,0.149,1008.1,0.685,59.945,22.825,0.494,20.873,-0.004,102.0,1,5,0,0,humidity,0
1458.178,30.898,36.244,61.058,0.625,1010.3,5.714,75.145,507.872,8.557,-0.463,0.163,64.0,2,18,1,0,smoke,1
538.974,2.112,92.449,30.617,0.217,1009.7,2.013,54.393,-19.765,5.064,24.952,-0.003,121.0,1,2,0,0,humidity,0
465.579,12.0,85.85,22.99,0.031,1017.9,0.215,56.475,17.253,-0.282,10.5,-0.005,116.0,2,3,0,1,humidity,0
696.128,5.816,33.027,48.592,0.034,1020.0,10.956,80.401,-4.895,5.217,-0.384,-0.005,314.0,2,6,1,0,temperature,1
711.096,13.216,36.16,28.92,0.35,1014.2,3.315,70.883,4.167,2.389,-0.143,0.121,35.0,1,6,1,1,smoke,0
659.973,11.269,79.837,27.818,0.028,1010.9,4.628,71.704,-17.284,0.293,12.502,-0.003,60.0,1,19,1,1,humidity,0
602.275,4.387,81.275,29.208,0.231,1008.6,3.131,77.253,27.528,2.425,18.462,-0.006,163.0,1,3,1,0,humidity,0
1771.53,34.72,39.39,44.177,0.592,1012.1,1.819,57.841,100.355,5.135,-0.058,0.21,68.0,4,23,0,0,smoke,1
0.0,4.101,27.659,26.588,0.0,1014.2,3.771,72.703,-692.569,-0.063,-0.776,-0.008,6.0,2,10,1,0,gas,0
716.963,13.09,38.741,28.625,0.336,1015.3,4.236,68.526,22.968,2.506,-2.111,0.134,603.0,1,17,1,1,smoke,0
1429.59,31.855,26.481,40.199,0.418,1008.5,4.582,78.733,234.226,2.953,0.426,0.05,44.0,3,13,1,0,smoke,1
466.828,11.557,39.192,22.843,0.27,1010.2,0.928,51.415,-22.983,2.367,-0.507,0.103,39.0,1,13,0,1,smoke,0
717.81,4.484,84.839,32.712,0.285,1010.6,3.081,77.667,12.59,1.351,21.841,0.0,354.0,1,18,1,1,humidity,0
749.412,14.924,32.809,24.624,0.514,1013.0,4.505,76.638,-26.632,1.319,-2.909,0.132,24.0,1,18,1,1,smoke,0
576.272,5.412,88.46,28.497,0.211,1012.1,0.579,55.844,-18.517,0.791,18.408,-0.009,66.0,2,3,0,0,humidity,0
0.0,3.436,50.012,20.978,0.007,1009.9,0.921,59.07,518.277,0.542,-0.097,0.007,33.0,1,2,0,0,gas,0
2493.0,3.075,42.999,22.211,0.025,1011.8,4.831,69.789,585.208,0.336,1.9,-0.002,27.0,1,20,1,0,gas,0
1277.035,2.967,46.742,27.746,0.03,1010.8,4.453,73.7,-0.745,0.147,-1.955,0.001,18.0,1,14,1,0,gas,0
516.292,1.984,36.789,51.521,0.044,1016.5,9.514,69.171,4.624,0.338,-0.565,0.009,801.0,2,5,0,0,temperature,1
722.364,1.708,84.094,31.708,0.104,1012.7,2.93,70.832,3.705,2.493,12.8,0.001,137.0,2,7,1,0,humidity,0
533.09,14.038,45.682,24.316,0.345,1016.9,5.543,79.132,-20.679,3.142,0.042,0.079,12.0,1,18,1,1,smoke,0
581.877,5.894,86.911,31.78,0.211,1017.7,3.315,80.251,6.81,1.649,22.417,0.004,352.0,1,12,1,0,humidity,0
631.211,10.516,42.418,25.067,0.416,1012.9,3.718,79.526,-11.741,0.359,2.432,0.183,5.0,1,14,1,1,smoke,0
1296.861,2.958,48.285,24.091,0.034,1016.1,2.713,79.468,222.558,-1.16,-0.781,0.0,53.0,1,18,1,0,gas,0
623.063,11.357,43.276,27.984,0.313,1013.4,4.32,79.665,20.292,0.887,-1.241,0.029,17.0,2,15,1,1,smoke,0
498.203,12.903,76.835,28.08,0.013,1012.4,3.138,71.49,-34.264,-0.114,7.836,0.0,256.0,1,6,1,1,humidity,0
0.0,5.678,49.368,30.669,0.01,1006.5,3.39,76.973,149.797,0.731,0.709,-0.002,8.0,1,15,1,0,gas,0
581.244,13.978,32.853,22.654,0.183,1010.6,1.754,51.636,-29.851,1.601,0.357,0.201,16.0,1,5,0,1,smoke,0
2414.487,5.177,33.52,26.604,0.031,1008.9,4.244,81.126,-789.499,0.556,-0.676,0.004,55.0,1,2,1,1,gas,0
1166.978,18.341,61.746,26.871,0.038,1014.5,4.24,72.41,371.141,-1.434,-1.504,-0.006,29.0,1,7,1,0,gas,0
1129.094,16.411,37.392,26.311,0.01,1009.1,4.691,76.017,418.56,-1.554,0.506,-0.001,18.0,1,10,1,0,gas,0
0.0,7.353,49.688,25.753,0.021,1013.7,4.878,80.323,-976.676,-1.044,-0.195,-0.002,31.0,1,13,1,0,gas,0
2239.71,7.35,39.155,25.638,0.019,1012.2,4.339,77.876,-341.769,0.809,0.871,0.001,5.0,1,6,1,0,gas,0
1617.078,47.178,20.164,49.089,0.623,1009.8,0.997,54.287,54.497,7.237,-0.528,-0.01,374.0,3,2,0,0,smoke,1
357.225,4.256,50.429,26.008,0.037,1012.0,3.884,79.029,-627.081,-0.352,-0.171,0.008,107.0,2,3,1,0,gas,0
676.373,9.698,86.211,27.46,0.005,1016.7,4.345,79.862,1.494,0.14,4.486,0.009,13.0,2,12,1,1,humidity,0
705.88,11.379,85.873,23.883,0.008,1010.5,3.689,73.109,19.196,-0.005,19.62,0.003,26.0,1,20,1,1,humidity,0
628.785,18.294,55.014,27.739,0.196,1014.9,3.848,71.217,-6.382,2.523,-0.925,0.199,17.0,1,21,1,1,smoke,0
656.838,18.15,32.576,26.382,0.408,1006.4,3.521,73.108,3.899,1.802,0.625,0.064,21.0,1,17,1,1,smoke,0
1951.714,7.295,46.864,27.288,0.018,1010.8,0.921,48.698,-1303.379,-0.074,0.428,0.002,16.0,1,11,0,0,gas,0
741.6,9.792,77.302,22.818,0.012,1008.3,4.806,70.061,3.892,-0.656,15.429,0.003,129.0,1,10,1,1,humidity,0
732.256,8.302,67.556,24.881,0.02,1017.9,3.548,78.446,10.201,-0.257,22.66,0.007,127.0,1,8,1,1,humidity,0
2736.981,4.632,52.914,24.433,0.019,1013.6,2.452,71.993,357.675,0.015,3.502,0.003,12.0,2,18,1,0,gas,0
650.961,3.273,91.236,31.707,0.162,1019.8,3.901,80.811,-23.103,2.686,9.448,-0.009,630.0,1,15,1,0,humidity,0
1622.115,41.577,28.249,46.461,0.255,1014.4,0.354,53.201,275.805,3.0,-0.361,0.313,201.0,2,19,0,0,smoke,1
561.884,24.297,50.323,22.017,0.707,1010.9,0.394,52.096,-13.373,2.194,-2.52,-0.009,8.0,2,18,0,1,smoke,1
0.0,3.415,52.713,24.418,0.024,1010.4,1.498,51.89,-287.393,0.569,-0.525,-0.007,4.0,1,12,0,0,gas,0
0.0,7.258,50.976,24.75,0.015,1017.3,3.39,73.473,857.72,0.062,-2.012,-0.001,47.0,1,10,1,0,gas,0
653.459,18.327,34.087,23.419,0.375,1016.8,4.034,75.888,-9.278,2.042,0.569,0.051,11.0,1,6,1,1,smoke,0
2762.17,5.062,40.778,22.786,0.03,1014.6,2.971,76.409,647.902,0.349,2.324,-0.004,11.0,1,7,1,0,gas,0
412.573,4.525,83.394,28.066,0.16,1011.9,0.129,60.234,26.132,3.783,20.628,-0.005,278.0,1,6,0,0,humidity,0
725.098,9.059,89.99,30.867,0.267,1010.8,3.582,79.679,-47.475,4.177,18.393,-0.005,140.0,1,21,1,0,humidity,0
1099.939,18.759,23.088,24.501,0.028,1014.5,1.056,58.758,551.481,-0.819,-0.36,0.003,4.0,1,0,0,0,gas,0
788.326,22.491,51.665,27.579,0.191,1014.4,2.501,76.924,-15.881,1.345,-0.521,0.095,26.0,1,9,1,1,smoke,0
0.0,2.464,46.093,23.684,0.021,1013.4,4.27,65.649,-1283.87,0.356,-0.091,0.003,15.0,1,9,1,0,gas,0
2916.589,5.957,46.688,27.37,0.027,1018.1,5.157,78.256,-737.961,-0.491,0.633,0.008,2.0,1,16,1,0,gas,0
637.18,3.324,91.133,36.002,0.275,1013.5,3.356,75.428,-2.979,1.542,21.152,0.001,40.0,1,15,1,0,humidity,0
558.293,6.423,94.621,25.135,0.18,1017.7,2.47,73.147,-24.627,3.244,18.243,0.001,104.0,2,8,1,0,humidity,0
1671.01,33.34,36.074,41.127,0.305,1016.9,1.281,52.866,213.319,3.692,-1.835,0.262,135.0,4,2,0,0,smoke,1
645.692,7.333,73.954,23.233,0.018,1015.7,0.335,53.538,-8.277,0.182,6.608,0.005,59.0,1,2,0,1,humidity,0
1011.54,13.73,51.452,28.37,0.004,1010.0,4.577,71.368,118.608,-1.558,1.367,0.0,29.0,2,9,1,1,gas,0
561.45,18.232,49.217,27.31,0.191,1018.4,0.129,55.809,-15.632,4.289,2.004,0.139,59.0,2,4,0,1,smoke,0
600.128,9.691,33.759,23.877,0.34,1014.0,1.359,62.405,-20.01,3.27,1.536,0.043,20.0,1,23,0,1,smoke,0
743.488,11.058,59.292,22.834,0.387,1012.4,3.488,68.369,-21.427,1.19,-1.624,0.19,20.0,1,11,1,1,smoke,0
1355.834,9.043,37.264,25.968,0.021,1016.7,3.994,74.85,365.886,-3.05,0.425,-0.004,63.0,1,11,1,0,gas,0
517.667,0.593,98.86,27.519,0.26,1013.1,0.901,58.03,-10.835,3.8,9.537,-0.002,51.0,2,22,0,1,humidity,0
626.245,1.473,87.732,31.013,0.302,1020.8,0.838,53.465,6.531,2.089,12.863,0.002,204.0,1,13,0,0,humidity,0
1247.36,7.064,46.02,27.407,0.015,1013.1,4.354,70.967,133.703,-1.508,1.407,-0.003,57.0,1,20,1,0,gas,0
1207.726,28.444,32.266,30.608,0.222,1010.0,1.138,50.409,376.566,4.595,1.479,0.362,304.0,2,1,0,0,smoke,1
632.583,7.467,77.324,20.563,0.01,1015.6,1.68,53.05,1.656,0.08,10.375,-0.009,31.0,1,23,0,1,humidity,0
1250.472,11.666,54.081,26.61,0.018,1010.9,4.579,72.452,558.412,-1.526,-0.718,-0.001,10.0,1,16,1,0,gas,0
1342.42,14.103,52.09,27.827,0.014,1013.5,4.947,72.271,387.577,-1.427,0.77,0.002,82.0,1,19,1,0,gas,0
738.192,12.573,75.43,24.06,0.016,1012.2,4.004,72.931,-22.504,0.457,7.941,-0.001,45.0,2,5,1,1,humidity,0
1690.932,12.627,29.229,43.73,0.588,1010.8,4.57,68.249,215.64,4.6,1.971,0.191,86.0,3,15,1,0,smoke,1
0.0,5.616,50.434,25.774,0.027,1011.4,0.695,48.575,886.43,-0.4,2.108,-0.001,91.0,1,5,0,0,gas,0
610.938,23.03,49.218,26.325,0.324,1014.7,5.523,72.424,-9.437,3.599,1.347,0.105,26.0,1,12,1,1,smoke,0
550.107,0.961,96.823,31.31,0.318,1017.1,1.44,55.582,17.742,2.954,26.472,-0.006,393.0,2,0,0,0,humidity,0
219.699,0.287,45.723,23.5,0.028,1010.5,0.102,52.936,343.833,0.125,-0.675,-0.007,12.0,1,17,0,1,gas,0
2567.94,32.436,51.129,23.247,0.027,1014.9,0.206,54.279,332.27,0.678,-0.882,-0.003,749.0,3,1,0,0,gas,1
513.85,6.584,83.584,23.458,0.037,1015.9,0.255,55.898,29.476,0.234,12.076,-0.001,644.0,1,9,0,1,humidity,0
710.018,14.779,63.776,27.355,0.324,1015.5,5.54,76.738,18.623,1.741,-0.677,0.086,13.0,2,14,1,1,smoke,0
733.516,6.129,88.914,25.79,0.016,1012.0,5.39,80.876,-18.595,-0.006,10.652,-0.0,80.0,1,17,1,1,humidity,0
2524.668,2.462,50.857,26.346,0.004,1012.2,5.419,76.964,777.603,0.042,2.877,-0.006,22.0,1,17,1,1,gas,0
2270.607,44.578,44.297,20.994,0.017,1004.7,0.909,50.855,534.191,-0.094,1.611,0.002,157.0,2,22,0,0,gas,1
639.549,21.999,43.847,22.464,0.325,1015.5,4.232,79.053,-14.954,5.626,0.982,0.152,214.0,1,16,1,1,smoke,0
744.914,7.818,77.088,21.662,0.019,1011.3,3.963,77.28,-14.981,-0.223,11.861,0.001,119.0,1,17,1,1,humidity,1
526.526,19.243,57.29,23.805,0.331,1012.6,4.799,75.998,2.808,1.092,2.897,0.116,41.0,1,19,1,1,smoke,0
638.916,15.766,40.187,26.804,0.402,1014.2,5.039,75.891,-22.173,2.065,0.233,0.171,12.0,1,9,1,1,smoke,0
591.42,-1.094,76.32,26.2,0.022,1016.6,0.288,56.079,-10.413,-0.136,21.247,0.008,66.0,1,3,0,1,humidity,0
1198.514,7.259,32.116,28.437,0.017,1011.1,2.148,73.079,179.28,-1.581,1.235,0.0,9.0,1,20,1,0,gas,1
621.197,11.265,52.293,24.377,0.385,1011.9,3.825,73.094,13.716,0.91,0.802,0.104,127.0,1,8,1,1,smoke,0
702.918,16.449,38.7,23.924,0.503,1008.9,3.568,77.259,8.325,0.535,-3.105,0.085,4.0,1,14,1,1,smoke,0
696.513,14.902,38.608,26.239,0.331,1013.6,5.157,83.584,7.053,2.666,2.165,0.142,13.0,1,12,1,1,smoke,0
1521.061,32.074,27.166,45.518,0.665,1017.0,3.548,83.68,337.799,13.57,0.837,0.25,263.0,3,20,1,0,smoke,1
1007.76,22.757,44.676,28.173,0.016,1015.9,2.784,76.226,351.748,-2.409,1.06,-0.001,13.0,1,17,1,0,gas,0
621.887,9.0,62.422,28.96,0.018,1013.0,5.095,65.974,18.289,0.08,12.062,-0.009,95.0,1,10,1,1,humidity,0
1915.365,15.62,46.368,23.703,0.011,1005.4,0.32,60.929,386.94,0.622,-1.705,-0.006,46.0,3,23,0,0,gas,1
685.358,4.431,96.052,32.884,0.137,1019.2,2.805,65.234,-1.107,5.187,24.859,0.002,204.0,1,17,1,0,humidity,0
1642.936,15.636,39.972,28.276,0.041,1018.0,4.311,77.683,77.662,-2.583,3.981,0.01,9.0,1,9,1,0,gas,0
734.941,11.347,79.673,25.519,0.015,1014.0,3.605,72.794,14.218,0.354,8.337,0.012,158.0,1,12,1,1,humidity,0
836.666,7.165,79.7,24.96,0.038,1014.3,4.358,67.868,-3.746,0.306,7.552,0.006,52.0,1,9,1,1,humidity,0
2418.138,26.779,49.367,24.166,0.022,1008.0,3.401,74.851,454.293,0.508,-0.893,-0.001,115.0,2,16,1,0,gas,1
1610.586,5.175,40.594,27.367,0.035,1011.9,5.452,74.156,731.88,0.815,-2.587,-0.005,39.0,1,14,1,0,gas,0
1506.166,45.508,19.515,57.688,0.765,1012.7,3.54,72.064,325.039,8.005,-1.948,0.322,66.0,3,12,1,0,smoke,1
1833.151,30.764,39.858,26.021,0.021,1009.5,3.587,76.91,484.823,-0.334,0.677,0.007,88.0,2,4,1,0,gas,1
1082.965,21.605,40.729,21.227,0.037,1012.8,0.243,53.933,190.231,-1.549,-1.977,-0.006,120.0,1,23,0,0,gas,0
1901.177,5.774,45.971,26.323,0.014,1012.4,4.42,66.668,407.354,0.855,-0.792,-0.004,37.0,2,10,1,0,gas,0
628.116,3.524,35.644,23.013,0.337,1012.0,4.209,78.953,7.841,0.158,1.624,0.03,238.0,1,20,1,1,smoke,0
1666.338,64.83,38.407,47.744,0.531,1010.9,0.267,41.947,333.161,6.791,-1.25,0.323,86.0,3,7,0,0,smoke,1
536.168,18.896,51.845,23.713,0.328,1012.9,3.515,66.163,2.966,2.557,-1.54,0.153,63.0,1,0,1,1,smoke,0
663.525,4.147,78.047,30.678,0.239,1011.6,3.242,71.45,13.068,2.856,12.695,-0.001,29.0,1,6,1,0,humidity,0
702.669,5.358,87.279,29.024,0.33,1012.1,3.901,70.915,-6.819,1.492,15.933,-0.004,30.0,1,7,1,0,humidity,0
509.47,8.747,84.208,24.677,0.008,1011.7,0.448,54.254,-16.911,-0.381,16.895,-0.001,16.0,1,6,0,1,humidity,0
1518.799,40.093,45.335,56.91,0.78,1015.0,3.825,77.826,175.634,2.41,0.551,0.154,76.0,3,19,1,0,smoke,1
1652.676,45.519,38.382,44.377,0.58,1013.5,4.473,78.454,211.057,6.768,-1.484,0.17,156.0,2,2,1,0,smoke,1
2534.353,5.03,42.816,24.792,0.008,1013.4,3.502,77.805,-540.685,-0.237,1.615,0.001,18.0,1,13,1,0,gas,0
1133.37,21.679,42.5,64.465,0.555,1012.2,4.107,73.778,612.138,0.804,-0.47,0.265,57.0,3,20,1,0,smoke,1
614.018,6.213,97.292,26.577,0.164,1009.9,2.462,65.902,-15.175,4.748,24.981,0.002,185.0,1,2,1,0,humidity,0
1518.39,11.094,53.687,23.132,0.019,1012.2,3.688,66.575,400.584,-1.246,-2.515,-0.005,52.0,1,10,1,0,gas,0
1381.153,7.246,47.435,27.404,0.025,1010.0,4.053,70.993,262.494,-1.531,0.728,-0.002,2.0,2,10,1,0,gas,0
552.973,8.142,34.784,20.799,0.26,1015.7,0.572,49.228,11.191,2.239,-2.543,0.047,12.0,1,3,0,1,smoke,0
1124.931,8.562,53.876,21.789,0.023,1013.3,0.087,59.823,104.378,-0.847,-0.982,0.001,16.0,1,5,0,0,gas,0
630.38,4.902,89.412,27.744,0.191,1007.4,4.953,80.058,19.252,7.461,27.309,-0.004,96.0,1,10,1,0,humidity,0
438.059,3.166,95.47,29.077,0.132,1011.3,1.569,58.002,6.378,1.945,13.798,-0.003,139.0,2,2,0,0,humidity,0
2059.378,20.781,61.973,23.91,0.018,1003.6,4.16,78.506,-9.808,0.173,-1.914,0.005,57.0,3,15,1,0,gas,1
643.128,3.908,80.974,25.457,0.271,1019.4,1.348,51.704,-18.945,-0.429,30.281,0.0,35.0,2,2,0,0,humidity,0
1204.12,4.528,30.995,27.147,0.006,1018.9,3.041,70.577,285.005,-1.508,0.008,-0.001,29.0,1,6,1,1,gas,0
0.0,4.257,30.26,26.27,0.019,1011.2,0.544,62.107,768.512,-0.119,0.716,0.006,34.0,1,2,0,1,gas,0
1310.339,17.397,56.486,29.813,0.019,1012.3,3.935,73.004,290.512,-0.722,-1.832,-0.002,14.0,1,11,1,0,gas,0
491.919,4.82,84.018,19.829,0.019,1008.3,1.1,54.927,3.38,-0.752,22.246,-0.003,224.0,1,23,0,1,humidity,0
0.0,5.291,69.786,25.594,0.023,1013.8,3.342,69.711,-693.27,0.609,0.035,0.01,10.0,1,7,1,0,gas,0
1139.409,7.416,57.278,27.041,0.033,1015.7,3.855,66.982,473.216,-0.803,-2.609,-0.004,11.0,1,19,1,0,gas,0
1177.592,0.572,40.67,22.106,0.017,1012.5,1.26,59.329,141.342,-1.906,-0.985,0.001,36.0,2,1,0,0,gas,0
788.277,20.454,51.357,26.059,0.41,1015.3,3.095,72.856,4.487,0.3,1.661,0.161,33.0,1,14,1,1,smoke,0
727.236,6.316,80.628,30.499,0.018,1015.2,4.076,77.642,11.349,-0.181,16.594,-0.003,40.0,1,12,1,1,humidity,0
687.791,5.313,93.781,30.416,0.268,1013.6,3.505,73.215,-32.082,1.791,14.932,-0.003,102.0,1,15,1,0,humidity,0
679.691,8.642,85.126,26.133,0.022,1010.7,3.71,71.603,12.34,0.313,-4.596,-0.004,31.0,1,15,1,1,humidity,0
592.423,19.226,40.018,22.436,0.351,1007.8,0.018,57.297,-39.124,3.012,3.602,0.087,76.0,1,23,0,1,smoke,0
2817.231,11.687,38.346,26.954,0.01,1006.5,0.008,52.002,265.458,-0.103,0.316,-0.003,953.0,2,23,0,0,gas,1
537.845,12.569,44.324,23.739,0.401,1012.7,2.65,58.39,-13.407,2.022,1.604,0.115,4.0,1,18,0,1,smoke,0
3076.873,7.139,53.443,27.257,0.025,1014.8,2.456,77.386,827.538,0.225,-2.345,0.001,30.0,1,12,1,0,gas,0
638.216,24.514,44.67,25.192,0.283,1015.7,4.917,66.284,-31.287,0.281,1.287,0.207,16.0,2,19,1,1,smoke,1
481.076,27.965,45.763,23.995,0.464,1014.9,0.374,56.387,-13.235,1.983,1.631,0.167,38.0,1,23,0,1,smoke,0
610.378,3.748,39.455,52.277,0.012,1016.3,10.471,84.297,-19.487,11.456,-3.05,-0.001,201.0,2,21,1,0,temperature,1
680.119,5.237,86.373,34.904,0.178,1013.2,3.467,67.263,-4.172,2.259,17.25,-0.001,88.0,2,14,1,0,humidity,0
612.434,6.568,34.314,58.858,0.008,1017.2,10.668,83.236,32.193,12.676,2.824,0.002,569.0,2,11,1,0,temperature,1
1149.809,13.491,45.973,26.584,0.023,1018.0,4.719,81.66,171.907,-1.26,-0.159,-0.005,48.0,1,21,1,0,gas,0
755.177,4.251,89.609,33.658,0.171,1010.7,3.997,76.567,4.506,3.098,18.022,-0.004,91.0,1,14,1,0,humidity,0
629.501,4.403,93.585,33.285,0.186,1008.7,2.582,76.987,-9.93,1.252,25.298,-0.0,104.0,1,9,1,0,humidity,0
1829.065,6.398,35.913,27.231,0.027,1012.4,4.585,62.407,-361.934,-0.043,-0.81,-0.0,127.0,1,18,1,0,gas,0
558.838,8.13,78.181,25.901,0.034,1013.8,2.036,56.726,22.482,-0.07,8.937,0.003,208.0,2,0,0,1,humidity,0
607.329,9.212,47.07,25.432,0.355,1015.6,1.079,58.535,-35.916,2.358,-3.32,0.117,82.0,1,20,0,1,smoke,0
1811.89,42.602,49.345,50.777,0.855,1018.2,4.917,71.704,396.831,6.249,1.555,0.204,140.0,3,13,1,0,smoke,1
1683.67,31.72,44.251,47.612,0.688,1015.2,3.672,76.003,366.662,9.443,1.074,0.187,82.0,4,21,1,0,smoke,1
2303.769,2.294,48.774,23.177,0.022,1016.5,0.875,60.206,753.18,0.222,0.745,0.0,12.0,1,11,0,0,gas,0
669.609,27.448,48.362,27.717,0.149,1010.5,4.008,69.47,2.182,1.653,1.565,0.023,39.0,1,20,1,1,smoke,0
1091.602,13.757,42.186,24.679,0.013,1007.7,3.502,77.321,374.222,-1.573,-1.049,0.002,44.0,1,12,1,0,gas,0
496.048,12.699,58.758,26.562,0.33,1008.9,0.973,51.465,-41.165,0.04,1.126,0.017,21.0,1,10,0,1,smoke,0
509.968,9.207,43.934,26.098,0.354,1017.2,1.053,61.27,15.302,0.386,-0.094,0.178,17.0,1,23,0,1,smoke,0
601.448,3.749,90.302,33.508,0.237,1019.3,3.213,71.834,-6.516,1.938,16.885,-0.001,499.0,1,7,1,0,humidity,0
559.578,22.627,37.306,24.462,0.344,1006.5,1.118,55.009,-1.987,3.222,0.076,0.079,123.0,1,17,0,1,smoke,0
602.889,9.236,83.784,27.098,0.018,1015.9,3.674,71.962,13.548,0.089,6.591,-0.0,105.0,1,10,1,1,humidity,0
1650.715,35.606,40.809,41.44,0.248,1017.7,4.263,72.34,295.949,6.391,-1.403,0.113,100.0,4,19,1,0,smoke,1
491.582,4.954,85.275,30.297,0.179,1008.1,0.016,49.958,-37.262,3.404,21.448,-0.001,142.0,1,17,0,0,humidity,0
1483.728,10.58,53.651,24.718,0.028,1003.7,4.271,80.109,398.988,0.691,-2.063,-0.001,221.0,3,15,1,0,gas,1
2539.069,2.718,39.349,21.584,0.015,1010.2,0.082,54.719,418.771,-0.202,1.084,-0.004,381.0,2,1,0,0,gas,1
705.709,10.684,74.914,24.134,0.017,1012.0,3.922,76.657,-15.683,0.287,7.263,-0.004,145.0,1,20,1,1,humidity,0
548.177,6.813,70.104,22.42,0.027,1014.7,0.312,53.361,11.352,-0.396,15.516,-0.007,431.0,1,0,0,1,humidity,0
690.053,15.821,59.184,28.621,0.351,1010.6,5.574,77.544,3.475,1.885,1.663,0.143,73.0,1,11,1,1,smoke,0
1709.015,25.666,37.795,55.718,0.536,1009.0,3.615,79.191,82.4,7.598,0.265,0.269,586.0,4,17,1,0,smoke,1
1052.262,16.402,38.506,22.183,0.029,1011.4,2.764,56.133,122.815,-1.702,-2.003,0.004,59.0,1,2,0,1,gas,0
697.181,5.118,59.327,56.954,0.037,1009.4,11.823,97.333,-0.826,2.181,0.105,-0.002,55.0,2,22,1,0,temperature,1
669.526,4.837,57.39,62.588,0.02,1011.9,7.519,91.156,14.72,1.279,-2.555,-0.004,168.0,1,8,1,0,temperature,0
1104.301,15.115,30.552,27.556,0.015,1016.7,5.346,73.892,313.062,-2.799,-0.309,0.001,39.0,2,1,1,0,gas,0
516.304,21.839,52.444,21.612,0.289,1016.1,1.442,54.647,5.688,0.981,-0.976,0.1,24.0,1,19,0,1,smoke,0
2566.886,19.036,43.235,25.971,0.027,1005.9,3.883,74.237,477.525,-0.207,-0.979,-0.003,535.0,3,14,1,0,gas,1
472.871,5.68,82.01,27.959,0.215,1007.1,1.183,49.561,6.757,3.768,24.556,-0.009,112.0,1,2,0,0,humidity,0
1150.833,29.415,44.179,27.643,0.025,1014.8,4.558,73.651,442.487,-1.345,-1.215,-0.0,35.0,1,0,1,0,gas,0
666.693,10.687,80.498,21.812,0.014,1011.3,0.363,58.28,-31.376,0.189,8.567,0.007,167.0,1,2,0,1,humidity,0
1147.39,45.769,47.303,55.195,0.492,1012.7,4.615,70.304,296.131,6.083,2.341,0.22,691.0,3,2,1,0,smoke,1
2456.177,17.369,42.059,22.997,0.021,1012.3,0.144,52.508,345.616,-0.225,-1.533,0.003,45.0,2,2,0,0,gas,1
1146.476,19.482,39.673,29.778,0.014,1016.2,3.546,73.049,-27.74,-1.661,2.281,-0.008,30.0,1,19,1,0,gas,0
491.014,2.023,41.617,50.273,0.029,1016.2,7.851,68.146,-16.125,-2.042,0.363,0.001,88.0,2,2,0,0,temperature,1
630.2,19.965,30.112,27.82,0.468,1013.0,3.21,68.258,-25.94,1.793,-0.177,0.17,30.0,2,11,1,1,smoke,0
647.32,3.001,91.048,32.517,0.183,1016.3,4.399,73.143,3.724,3.104,11.998,0.002,18.0,1,22,1,0,humidity,0
732.794,7.595,78.842,23.358,0.015,1017.8,3.813,82.776,-10.702,0.496,5.67,-0.013,100.0,1,13,1,1,humidity,0
740.319,16.973,42.836,26.571,0.401,1009.5,3.847,80.78,-9.401,5.438,1.527,0.107,33.0,1,15,1,1,smoke,0
1297.009,30.075,34.101,24.793,0.017,1004.8,5.185,69.763,118.752,-0.79,1.585,-0.001,2.0,1,6,1,0,gas,0
575.537,19.534,43.658,24.455,0.343,1017.2,0.455,60.781,-21.546,3.351,0.311,0.194,18.0,1,3,0,1,smoke,0
496.518,2.228,86.579,25.695,0.111,1011.7,2.031,57.848,4.67,2.141,10.561,0.006,29.0,1,6,0,0,humidity,0
1244.399,19.525,45.268,27.934,0.006,1012.2,4.738,77.72,358.221,-0.457,2.155,-0.007,65.0,1,18,1,0,gas,0
524.26,8.286,53.39,23.863,0.479,1010.7,0.924,54.654,-15.106,0.398,-0.436,0.204,2.0,1,12,0,1,smoke,0
651.489,14.958,40.897,24.833,0.456,1010.5,4.432,67.474,-17.301,3.981,-4.327,0.185,7.0,1,17,1,1,smoke,0
1157.216,11.669,53.959,24.895,0.03,1010.0,0.475,59.421,190.628,-3.007,0.09,-0.008,48.0,1,17,0,0,gas,0
2287.23,6.574,30.059,26.694,0.037,1013.5,3.498,68.376,698.256,0.26,-0.096,-0.001,21.0,1,13,1,0,gas,0
711.723,2.257,100.0,38.809,0.152,1010.4,5.065,77.043,-17.933,1.075,16.474,-0.004,47.0,1,18,1,1,humidity,0
2048.074,15.556,36.554,46.008,0.493,1014.8,4.202,76.591,479.637,4.399,0.604,0.197,615.0,2,4,1,0,smoke,1
1068.588,17.845,34.412,24.042,0.035,1014.2,0.125,52.328,257.341,-1.311,-2.515,0.006,112.0,1,10,0,0,gas,0
522.592,7.789,70.208,23.244,0.021,1013.6,0.985,55.402,-51.605,0.516,9.381,-0.001,178.0,1,2,0,1,humidity,0
1986.074,3.172,37.113,24.311,0.02,1013.0,3.308,71.697,340.429,0.194,0.749,0.004,20.0,1,15,1,0,gas,0
1444.731,5.952,33.363,24.133,0.017,1009.6,3.674,78.407,826.802,-0.211,-3.816,-0.001,39.0,1,11,1,0,gas,0
596.711,3.098,85.442,27.377,0.19,1009.3,1.878,54.805,-19.36,1.016,5.63,0.001,54.0,1,17,0,1,humidity,0
629.569,10.188,73.199,23.247,0.024,1010.4,3.964,71.767,51.657,0.149,11.53,-0.004,227.0,1,18,1,1,humidity,0
440.499,19.913,52.369,23.721,0.345,1011.3,1.138,55.122,24.478,3.068,-0.196,0.081,21.0,1,0,0,1,smoke,0
2233.332,12.031,50.059,23.885,0.015,1007.6,5.192,72.351,387.246,-0.049,-0.135,-0.0,150.0,2,8,1,0,gas,1
2965.4,6.023,40.981,25.803,0.035,1014.5,6.446,78.091,-827.22,-0.09,1.961,0.007,26.0,1,6,1,0,gas,0
612.455,25.565,48.584,30.842,0.471,1013.6,2.78,78.915,-13.32,3.404,0.081,0.06,125.0,1,17,1,1,smoke,0
1179.331,14.488,42.067,26.609,0.012,1012.9,0.96,55.268,227.007,-0.865,0.242,0.001,23.0,1,23,0,1,gas,0
714.579,8.343,89.086,20.294,0.025,1013.7,0.403,59.672,22.953,0.525,4.664,-0.004,112.0,1,22,0,1,humidity,0
463.036,15.373,52.147,22.803,0.258,1018.7,0.669,48.927,-33.937,1.333,0.05,0.126,11.0,1,15,0,1,smoke,0
0.0,5.467,54.119,31.065,0.025,1016.4,2.4,76.637,-657.162,-0.513,0.143,0.012,141.0,1,18,1,0,gas,0
1079.302,5.289,54.395,25.522,0.025,1011.9,2.38,53.843,404.109,-2.451,2.217,0.016,26.0,1,2,0,0,gas,0
0.0,3.287,39.825,24.999,0.026,1007.7,1.032,52.459,594.24,0.283,-0.464,-0.001,63.0,2,4,0,0,gas,0
0.0,2.962,40.16,25.628,0.011,1014.6,0.732,58.732,-430.235,0.748,-2.304,0.002,9.0,1,23,0,0,gas,0
1662.584,12.525,42.578,23.895,0.013,1011.0,4.369,77.699,479.783,-0.995,-0.449,0.01,7.0,1,6,1,0,gas,0
1242.379,27.881,41.636,23.537,0.003,1018.0,6.435,71.489,211.512,-1.58,-2.077,-0.015,9.0,1,19,1,0,gas,0
534.936,8.739,72.278,23.379,0.015,1015.4,2.077,50.996,8.579,0.269,11.611,-0.005,54.0,1,17,0,1,humidity,0
1617.666,3.723,59.923,31.061,0.026,1012.9,3.859,76.838,266.551,-0.78,-1.065,-0.003,50.0,1,12,1,0,gas,0
0.0,3.811,52.082,27.489,0.017,1012.3,3.977,71.368,936.233,0.378,0.687,0.001,44.0,1,9,1,0,gas,0
642.29,4.81,76.794,26.004,0.048,1009.1,0.197,50.615,-41.288,0.014,10.174,-0.001,29.0,1,22,0,1,humidity,0
405.68,3.595,96.351,24.647,0.088,1009.5,1.626,68.827,-32.02,-1.696,14.422,0.008,53.0,2,17,0,0,humidity,0
609.794,11.604,77.489,24.827,0.015,1021.3,4.064,74.153,9.024,-0.056,12.838,0.001,410.0,1,20,1,1,humidity,0
1382.371,10.762,49.54,23.108,0.043,1017.8,3.462,73.416,434.007,-1.75,0.122,0.008,18.0,1,21,1,1,gas,1
659.777,4.443,34.411,48.8,0.022,1014.1,11.367,93.867,-10.085,2.901,0.565,0.001,100.0,1,8,1,0,temperature,0
536.933,2.499,82.493,30.146,0.093,1013.3,3.68,75.274,-13.685,1.047,19.337,0.002,285.0,1,8,1,0,humidity,0
672.696,8.755,78.274,25.813,0.036,1015.2,2.443,75.291,17.142,0.071,9.408,0.002,21.0,1,9,1,1,humidity,0
938.708,3.589,33.608,23.444,0.008,1011.5,1.074,61.71,394.052,-0.442,-1.356,-0.001,34.0,1,12,0,0,gas,0
612.21,6.628,77.964,29.576,0.122,1012.0,4.054,77.139,-11.856,2.522,19.053,0.005,232.0,1,15,1,0,humidity,0
1438.196,30.24,45.222,54.134,0.767,1010.2,1.323,49.923,221.733,9.725,-0.332,0.254,170.0,3,0,0,0,smoke,1
470.471,8.584,75.814,19.007,0.022,1008.0,0.303,53.726,1.5,-0.093,8.894,0.003,192.0,1,2,0,1,humidity,0
685.519,26.745,42.58,24.526,0.315,1013.5,3.147,73.645,13.508,3.432,-0.318,0.063,10.0,1,11,1,1,smoke,0
763.848,5.147,82.725,32.412,0.247,1013.1,2.893,76.627,-18.817,3.738,11.107,-0.004,147.0,1,14,1,0,humidity,0
667.573,13.792,85.463,26.111,0.014,1018.4,3.346,73.672,-0.155,-0.331,10.315,-0.0,33.0,1,20,1,1,humidity,0
670.105,3.088,90.266,29.958,0.199,1014.4,3.865,81.867,-4.829,1.438,15.085,-0.01,34.0,1,13,1,0,humidity,0
489.784,5.317,84.864,31.687,0.241,1009.4,1.649,55.779,11.674,1.617,18.82,0.007,19.0,1,1,0,0,humidity,0
637.991,18.749,48.019,25.651,0.481,1016.6,5.203,75.141,57.787,0.797,-1.69,0.111,37.0,1,2,1,1,smoke,0
702.071,5.208,85.905,27.605,0.148,1012.0,4.506,74.539,-24.821,0.917,9.751,0.0,20.0,1,17,1,0,humidity,0
2017.85,43.406,38.778,35.953,0.475,1017.9,1.011,58.77,126.304,5.128,0.176,0.101,62.0,4,4,0,1,smoke,1
2531.06,1.023,41.687,24.129,0.027,1006.9,0.696,54.551,849.718,-0.19,-0.065,-0.005,11.0,1,12,0,0,gas,0
766.803,5.994,80.349,28.645,0.259,1009.7,4.306,75.359,-25.312,-0.717,12.452,-0.002,148.0,2,14,1,1,humidity,0
697.007,10.403,77.292,22.752,0.033,1011.4,1.934,76.961,-10.731,-0.238,17.043,-0.004,29.0,1,17,1,1,humidity,0
534.691,10.322,86.461,22.787,0.003,1012.9,0.26,51.551,-51.099,0.197,18.883,0.004,43.0,1,11,0,1,humidity,0
0.0,1.909,54.722,24.287,0.019,1018.4,0.496,56.793,709.664,-0.542,0.104,-0.005,28.0,1,10,0,0,gas,0
662.216,7.888,37.3,60.844,0.034,1016.5,11.138,81.835,-9.222,5.131,2.285,0.003,24.0,2,13,1,0,temperature,1
0.0,1.707,43.765,19.794,0.031,1012.6,0.549,54.464,140.927,0.193,0.583,0.003,11.0,1,13,0,0,gas,0
587.207,24.081,50.894,25.068,0.511,1012.8,2.62,73.011,32.315,0.983,-0.692,0.028,43.0,1,6,1,1,smoke,0
1665.908,27.65,43.768,22.294,0.026,1007.0,3.678,73.958,262.447,-0.044,1.979,-0.0,192.0,2,3,1,0,gas,1
1062.466,9.597,41.721,26.616,0.012,1014.0,3.927,72.521,213.695,-1.434,0.945,0.003,25.0,1,7,1,0,gas,0
565.25,16.441,44.615,24.43,0.355,1011.2,1.583,50.997,-37.386,-1.717,0.579,0.032,29.0,1,21,0,1,smoke,1
478.552,9.09,76.704,21.794,0.026,1015.6,0.583,53.81,-21.489,0.353,6.218,0.002,66.0,1,6,0,1,humidity,0
782.388,2.899,84.234,27.836,0.275,1012.3,3.279,77.475,-14.051,1.146,17.514,0.003,467.0,2,6,1,0,humidity,0
2827.713,2.951,27.091,25.875,0.016,1005.7,1.697,50.299,319.996,-0.202,2.783,-0.004,17.0,2,3,0,0,gas,0
1814.798,35.192,45.335,58.558,0.704,1011.9,5.217,81.293,280.851,6.331,3.231,0.143,110.0,2,13,1,0,smoke,1
1279.513,16.703,45.152,22.499,0.007,1015.3,0.035,57.332,212.723,-1.942,-1.089,-0.005,48.0,2,4,0,0,gas,0
670.657,2.665,92.447,30.648,0.191,1009.1,3.925,80.444,10.761,6.506,12.481,0.004,47.0,1,8,1,0,humidity,0
1175.803,10.264,35.231,22.593,0.022,1011.0,2.556,57.986,349.639,-2.027,-1.039,-0.0,12.0,1,8,0,0,gas,1
609.216,27.457,60.591,28.841,0.529,1011.8,4.416,70.943,7.204,1.794,-1.694,0.092,24.0,1,17,1,1,smoke,0
1217.708,10.447,48.046,28.908,0.012,1014.7,4.488,71.653,299.006,-1.851,0.012,0.001,82.0,1,14,1,0,gas,0
0.0,4.508,48.296,26.239,0.021,1008.6,4.569,82.974,304.35,-0.624,0.108,-0.004,27.0,1,18,1,0,gas,0
508.912,8.006,73.583,19.77,0.018,1011.6,0.983,59.076,-18.993,0.086,16.672,0.004,60.0,1,8,0,1,humidity,0
1360.809,22.378,43.494,26.795,0.014,1009.9,3.648,77.299,395.881,0.453,0.551,-0.003,137.0,3,21,1,0,gas,1
1358.178,1.377,50.705,53.371,0.416,1005.9,2.246,74.167,277.323,5.856,-0.895,0.238,111.0,4,2,1,0,smoke,1
617.961,5.117,64.342,56.692,0.033,1012.1,6.974,71.532,13.138,4.843,-0.023,-0.007,398.0,1,5,0,0,temperature,1
1375.383,4.936,54.516,20.92,0.017,1012.6,0.942,54.654,293.468,-0.492,-3.476,-0.004,8.0,1,23,0,0,gas,0
2490.887,2.695,51.746,27.086,0.002,1011.7,2.264,57.483,794.203,0.576,1.353,-0.002,21.0,1,23,0,0,gas,0
1379.058,24.144,33.736,23.18,0.03,1013.3,3.611,74.569,224.346,-1.373,0.69,-0.002,15.0,1,23,1,0,gas,0
555.682,5.991,86.834,31.173,0.211,1011.3,3.288,79.221,-29.63,0.618,7.427,0.003,486.0,1,7,1,0,humidity,0
542.876,6.316,72.551,24.713,0.022,1014.6,0.076,51.517,-21.589,0.815,25.143,-0.008,404.0,1,23,0,1,humidity,0
500.849,1.946,92.718,27.006,0.249,1010.5,1.243,58.18,-17.934,0.455,23.482,0.002,36.0,1,23,0,0,humidity,0
572.252,22.749,48.794,25.705,0.417,1009.5,4.531,78.15,19.057,2.362,4.047,0.052,21.0,1,15,1,1,smoke,1
1705.855,18.659,47.893,27.562,0.004,996.8,4.324,81.219,282.107,0.167,0.043,0.001,41.0,2,19,1,0,gas,1
671.852,12.126,36.996,23.541,0.341,1013.1,3.885,72.282,22.381,0.724,-0.52,-0.051,6.0,1,12,1,1,smoke,0
752.28,6.629,32.185,28.374,0.416,1013.6,3.035,79.005,-10.432,2.193,-2.076,0.191,32.0,2,23,1,1,smoke,0
1642.564,35.909,37.714,46.707,0.54,1004.7,1.807,61.073,160.525,5.576,-1.038,0.248,52.0,2,22,0,0,smoke,1
1990.128,4.647,58.687,21.336,0.008,1020.1,4.652,75.476,880.258,-0.261,1.041,0.002,35.0,1,19,1,0,gas,0
1902.888,22.711,40.694,40.424,0.378,1012.2,3.125,53.207,219.501,6.946,1.184,0.213,405.0,3,3,0,0,smoke,1
635.391,10.827,80.838,28.227,0.025,1014.4,4.507,77.258,21.965,-0.355,6.581,-0.0,28.0,1,17,1,1,humidity,1
1263.43,22.285,51.499,24.006,0.026,1016.7,3.594,76.011,427.296,-1.121,-3.063,-0.008,95.0,1,9,1,0,gas,0
648.735,3.7,88.668,24.805,0.096,1017.4,2.007,49.466,-12.388,1.795,25.393,-0.006,68.0,1,9,0,0,humidity,0
1295.953,4.975,58.445,22.859,0.018,1014.2,1.672,60.679,132.083,-2.815,0.779,-0.0,9.0,1,20,0,0,gas,0
1182.41,16.649,52.175,25.966,0.014,1012.5,0.223,59.177,221.73,-1.254,0.332,-0.002,3.0,1,3,0,0,gas,0
2578.672,36.183,43.243,20.956,0.02,1008.5,2.422,54.81,232.837,0.605,-1.164,-0.0,635.0,2,22,0,0,gas,1
728.267,11.568,75.151,29.13,0.028,1010.0,4.528,76.218,9.638,-0.276,15.239,0.004,206.0,1,8,1,1,humidity,0
1099.706,16.052,33.876,26.198,0.009,1003.3,4.1,74.965,156.913,0.279,0.498,-0.002,154.0,2,7,1,0,gas,1
0.0,5.314,58.325,27.023,0.0,1006.9,4.293,72.489,-798.759,0.195,0.81,0.003,52.0,1,19,1,0,gas,0
543.55,0.917,94.151,20.717,0.148,1013.7,0.327,48.528,16.675,2.893,16.198,-0.008,94.0,1,5,0,0,humidity,0
625.922,3.152,78.192,34.284,0.222,1017.2,4.859,75.565,-6.677,3.735,23.982,-0.0,118.0,1,18,1,0,humidity,0
0.0,5.742,52.356,24.29,0.016,1018.9,3.843,72.392,-375.881,-0.081,-1.691,-0.001,137.0,1,13,1,0,gas,1
540.831,1.116,89.447,26.056,0.094,1007.1,1.085,49.539,31.689,3.018,16.599,0.003,268.0,1,2,0,0,humidity,0
1819.226,27.631,43.362,56.969,0.523,1014.7,3.457,73.686,301.255,1.034,0.158,0.211,129.0,2,15,1,0,smoke,1
1174.381,9.319,41.019,23.257,0.002,1015.0,0.338,60.405,409.366,-1.97,-2.039,0.003,9.0,1,8,0,0,gas,0
451.926,5.55,67.693,23.221,0.019,1014.5,0.46,52.74,-24.738,0.701,7.633,-0.001,105.0,1,20,0,1,humidity,0
570.462,9.809,70.888,22.763,0.026,1010.3,0.871,47.63,10.829,-0.413,12.319,0.002,44.0,1,1,0,1,humidity,0
564.044,5.082,90.745,32.741,0.166,1008.9,2.664,81.397,-15.116,1.237,7.191,0.005,144.0,2,8,1,0,humidity,0
1385.428,6.63,54.123,27.107,0.02,1016.2,4.252,75.252,61.049,-1.28,0.481,0.004,24.0,1,7,1,0,gas,0
640.495,4.75,39.185,53.291,0.013,1013.0,12.049,91.986,-0.064,5.686,0.289,-0.002,240.0,1,13,1,0,temperature,1
1444.264,36.583,46.459,26.209,0.019,999.8,0.712,53.767,-3.518,0.057,-2.757,-0.001,149.0,3,12,0,0,gas,1
1207.207,11.298,40.008,30.291,0.026,1010.2,2.644,78.013,346.144,-1.42,-1.127,-0.001,42.0,1,19,1,1,gas,0
660.558,7.959,90.287,31.627,0.185,1017.4,2.662,80.879,-21.348,2.812,19.215,-0.003,66.0,1,19,1,0,humidity,0
574.636,5.117,74.485,24.91,0.004,1013.0,1.326,59.236,-2.677,0.085,14.526,0.005,185.0,1,15,0,1,humidity,0
571.244,1.439,37.176,22.626,0.272,1014.5,1.025,53.864,6.71,3.717,-0.053,0.251,77.0,1,2,0,1,smoke,0
679.326,5.201,92.269,29.684,0.332,1010.1,4.389,73.575,-6.631,4.103,21.5,-0.002,27.0,1,20,1,0,humidity,0
686.87,3.93,39.515,48.646,0.02,1008.6,7.051,92.695,-5.401,6.72,-2.433,0.002,195.0,2,21,1,1,temperature,1
652.614,3.075,90.609,26.173,0.064,1010.4,1.79,58.256,-6.101,2.851,17.966,-0.001,79.0,1,23,0,0,humidity,0
488.509,0.744,76.452,28.068,0.139,1011.0,2.172,49.331,-6.519,3.284,13.577,-0.002,36.0,2,8,0,0,humidity,0
1094.784,10.401,38.402,27.476,0.013,1012.2,5.131,70.299,441.677,-1.887,-0.029,0.005,29.0,1,8,1,0,gas,0
1138.371,3.898,50.975,29.643,0.018,1014.2,4.705,79.168,268.42,-1.781,0.259,0.006,171.0,1,2,1,1,gas,0
653.39,12.355,47.364,25.09,0.351,1014.5,3.761,72.225,-1.787,2.768,-0.258,0.147,40.0,1,12,1,1,smoke,0
718.296,6.667,81.823,27.456,0.029,1017.0,5.552,72.921,44.269,-0.691,15.202,0.011,189.0,1,21,1,1,humidity,0
699.03,5.695,86.462,23.721,0.226,1008.3,3.801,76.463,-5.148,4.131,12.998,-0.001,128.0,1,20,1,0,humidity,0
826.218,4.507,36.378,57.478,0.037,1016.3,13.234,87.42,15.315,5.476,-1.922,0.005,151.0,2,15,1,0,temperature,1
620.688,7.996,78.574,23.127,0.016,1011.0,0.716,48.109,13.726,0.2,14.683,0.005,19.0,1,18,0,1,humidity,0
475.796,3.082,35.254,26.158,0.336,1015.9,3.944,76.37,-53.758,1.251,-2.423,0.063,66.0,1,13,1,1,smoke,0
582.66,13.497,81.308,26.093,0.028,1007.7,2.504,73.635,-10.179,-0.137,15.433,-0.009,177.0,1,11,1,1,humidity,0
660.336,17.647,36.081,26.57,0.383,1012.7,4.518,72.374,19.982,0.51,-0.352,0.195,3.0,1,20,1,1,smoke,0
2088.378,25.003,27.734,23.34,0.022,1007.0,5.069,69.268,278.512,-0.917,0.728,0.002,263.0,2,16,1,0,gas,1
689.265,23.973,33.98,27.389,0.572,1008.7,2.859,75.478,3.709,0.141,0.871,0.087,34.0,1,14,1,1,smoke,0
1486.062,6.592,41.167,21.423,0.034,1008.0,5.544,74.346,209.182,-2.259,0.5,0.002,22.0,1,13,1,0,gas,0
585.514,2.033,82.663,26.707,0.123,1011.0,1.988,58.003,-28.105,3.671,18.035,-0.003,379.0,1,5,0,0,humidity,0
638.158,11.55,88.386,22.16,0.015,1019.8,4.896,79.576,7.751,0.171,10.666,-0.0,742.0,1,5,1,1,humidity,0
708.237,7.391,88.79,24.498,0.026,1017.4,3.911,63.308,27.537,0.152,8.836,-0.006,178.0,1,14,1,1,humidity,0
470.747,3.351,90.753,28.276,0.119,1013.4,0.045,52.409,9.814,1.423,15.827,-0.003,301.0,1,5,0,0,humidity,0
1125.142,16.001,31.457,24.461,0.005,1013.0,1.15,57.863,361.543,-1.202,-1.22,0.001,39.0,1,0,0,0,gas,0
643.445,6.305,85.39,29.487,0.242,1012.9,0.288,53.882,47.258,1.324,15.073,-0.002,21.0,1,0,0,0,humidity,0
1934.344,0.811,44.194,23.494,0.022,1011.1,0.743,58.825,325.649,-0.325,0.053,0.0,63.0,3,23,0,0,gas,1
797.965,8.82,81.593,25.531,0.016,1014.2,4.331,72.25,-6.386,0.311,17.841,-0.002,20.0,1,21,1,1,humidity,0
2135.507,7.903,57.776,25.465,0.024,1005.1,5.062,74.732,233.763,-0.172,-1.058,-0.004,88.0,3,13,1,0,gas,1
566.214,1.884,48.251,19.642,0.321,1014.5,0.443,48.678,20.697,1.823,-1.584,0.136,157.0,1,4,0,1,smoke,0
525.386,4.82,78.866,21.416,0.024,1012.7,1.295,62.444,7.39,0.21,6.637,0.007,54.0,1,6,0,1,humidity,0
642.794,5.6,43.571,54.381,0.03,1011.5,8.056,88.102,7.119,5.031,-1.246,0.01,230.0,2,18,1,0,temperature,1
621.441,11.682,74.013,23.183,0.024,1014.3,2.525,77.823,8.628,-0.191,16.571,0.002,51.0,1,9,1,1,humidity,0
860.01,11.709,77.202,27.014,0.024,1016.9,4.012,76.974,-2.773,0.206,18.178,-0.003,326.0,1,12,1,1,humidity,0
0.0,3.113,29.751,26.212,0.028,1009.6,3.751,74.446,409.869,-0.36,-0.933,0.003,12.0,1,11,1,1,gas,0
574.819,10.358,38.367,21.991,0.392,1013.5,3.041,58.897,-20.861,0.633,-0.327,0.113,27.0,1,22,0,1,smoke,0
1562.806,33.806,39.464,23.759,0.008,1005.1,0.372,55.435,402.15,0.18,-0.792,-0.004,151.0,3,3,0,0,gas,1
632.794,16.876,56.138,24.055,0.603,1008.3,3.312,73.912,-12.213,2.778,-0.178,0.135,23.0,1,1,1,1,smoke,0
2502.232,23.808,47.257,26.65,0.031,1010.8,4.519,76.274,217.873,-0.449,-2.039,-0.0,115.0,3,14,1,1,gas,1
1855.56,37.056,26.637,51.849,0.709,1011.4,3.45,78.811,155.783,4.599,0.154,0.147,246.0,3,3,1,0,smoke,1
591.692,17.609,60.082,26.034,0.443,1009.8,4.479,78.998,22.402,0.663,-0.598,0.074,37.0,1,9,1,1,smoke,0
590.158,5.118,90.596,29.278,0.209,1021.0,5.732,76.079,13.642,4.632,14.901,-0.003,165.0,1,21,1,0,humidity,0
667.277,9.936,92.035,38.993,0.154,1009.0,4.604,66.467,18.844,4.996,26.819,-0.008,192.0,2,12,1,0,humidity,0
650.517,6.252,80.213,31.125,0.227,1016.2,4.553,72.707,26.348,4.442,17.953,0.004,423.0,1,12,1,0,humidity,0
682.462,14.735,50.334,25.629,0.309,1015.8,3.694,74.984,5.624,3.051,-2.454,0.069,25.0,2,15,1,1,smoke,0
735.814,6.165,83.336,27.435,0.239,1003.5,2.759,76.408,18.976,2.332,15.293,-0.003,43.0,1,11,1,0,humidity,0
582.434,5.838,89.301,29.13,0.11,1012.6,3.804,76.973,-31.224,2.775,17.928,0.005,28.0,1,7,1,0,humidity,0
732.869,6.737,87.75,28.575,0.02,1010.9,5.338,72.561,1.376,0.537,14.53,0.008,160.0,1,18,1,1,humidity,0
643.096,4.836,91.861,34.353,0.251,1011.2,4.102,74.46,-14.188,2.937,8.027,-0.001,140.0,1,21,1,0,humidity,0
662.448,9.461,87.707,23.39,0.013,1017.0,3.565,80.958,23.136,-0.379,6.57,0.002,57.0,1,1,1,1,humidity,0
0.0,3.88,34.555,27.138,0.032,1012.3,4.808,82.971,120.924,-0.53,-0.943,0.006,35.0,1,21,1,0,gas,0
1686.264,42.517,36.385,59.422,0.758,1011.9,2.894,76.968,404.869,4.103,-0.873,0.38,53.0,4,18,1,0,smoke,1
493.891,3.425,90.704,28.417,0.134,1014.2,1.75,51.738,3.706,0.201,24.131,0.009,51.0,2,1,0,0,humidity,0
1317.058,8.214,48.749,27.631,0.014,1018.5,3.028,74.649,400.332,-0.317,1.931,-0.004,27.0,1,0,1,0,gas,0
622.153,4.087,95.634,27.212,0.221,1014.2,1.694,48.338,-8.401,3.911,3.607,0.016,328.0,1,21,0,0,humidity,0
1640.228,16.194,58.604,18.205,0.021,1011.6,0.293,53.451,396.836,-2.473,-0.507,0.003,24.0,1,3,0,0,gas,0
750.531,15.411,47.885,28.739,0.29,1016.6,2.606,76.221,-4.252,2.338,1.698,0.156,27.0,1,8,1,1,smoke,0
2789.45,14.747,48.642,26.575,0.03,1002.1,3.915,80.614,258.255,-0.371,-2.875,0.005,58.0,2,4,1,0,gas,1
1479.922,5.356,44.42,55.549,0.74,1007.6,1.502,54.385,410.816,5.825,0.277,0.385,405.0,3,1,0,0,smoke,1
552.682,2.988,85.0,28.08,0.164,1011.4,1.362,50.091,-11.113,2.447,16.108,0.004,21.0,1,7,0,0,humidity,0
657.219,5.201,79.508,29.796,0.061,1015.4,3.935,83.717,-30.491,2.86,21.625,-0.007,100.0,1,19,1,1,humidity,0
704.332,17.199,52.993,25.136,0.398,1016.4,3.015,72.757,12.136,2.141,0.679,0.138,14.0,1,20,1,1,smoke,0
523.616,1.68,86.343,25.674,0.136,1010.2,2.085,54.348,21.174,4.772,21.046,-0.004,49.0,1,21,0,0,humidity,0
1570.694,34.829,41.216,63.796,0.527,1010.6,5.248,72.489,374.757,0.295,-0.08,0.209,439.0,3,19,1,0,smoke,1
624.82,17.604,51.401,27.937,0.387,1015.7,4.312,78.256,-34.26,3.213,-0.752,0.208,24.0,2,6,1,1,smoke,0
1600.946,28.173,54.896,25.678,0.032,1008.3,3.886,71.517,149.53,-0.566,0.095,-0.003,94.0,2,11,1,0,gas,1
822.614,3.845,94.628,28.277,0.179,1007.8,3.13,73.599,-13.922,1.714,22.172,0.003,217.0,1,14,1,0,humidity,0
543.892,0.369,89.764,28.53,0.189,1012.7,0.435,59.844,-22.66,1.604,23.887,-0.003,227.0,1,2,0,0,humidity,0
1784.864,24.727,29.832,25.37,0.035,1010.9,4.672,70.327,593.75,0.116,-3.069,-0.007,142.0,3,16,1,0,gas,1
730.327,14.765,42.813,20.757,0.201,1015.9,4.653,77.53,-3.948,4.077,1.119,0.151,28.0,1,6,1,1,smoke,0
647.107,5.479,92.314,32.439,0.215,1010.8,3.242,70.386,18.521,0.899,13.103,0.007,197.0,1,6,1,0,humidity,0
798.892,14.222,39.387,28.078,0.417,1016.1,4.463,70.403,22.927,3.282,0.461,0.145,17.0,1,14,1,1,smoke,0
629.209,24.418,49.37,26.326,0.372,1019.1,3.589,76.555,-7.706,1.363,-1.586,0.176,33.0,1,19,1,1,smoke,0
739.958,5.549,81.516,27.608,0.013,1011.8,4.063,77.916,-8.354,-1.103,12.707,-0.0,44.0,1,17,1,1,humidity,0
764.97,6.305,56.262,59.976,0.038,1011.0,5.048,84.095,20.256,2.942,-1.392,0.003,125.0,2,17,1,0,temperature,1
597.649,10.885,84.135,25.241,0.024,1011.8,3.878,76.595,-14.606,0.253,15.142,0.011,108.0,1,16,1,1,humidity,1
621.049,7.024,41.324,26.842,0.593,1013.2,3.566,73.422,-17.719,2.058,-0.896,0.174,55.0,1,12,1,1,smoke,0
700.467,7.202,83.786,27.761,0.088,1009.0,3.56,76.436,-25.41,3.94,11.784,-0.002,107.0,1,7,1,0,humidity,0
669.642,11.038,45.159,26.487,0.359,1015.0,3.495,75.959,0.367,0.254,0.245,0.201,22.0,1,12,1,1,smoke,0
524.43,2.532,89.129,25.138,0.158,1016.6,0.354,55.042,-11.384,2.72,15.749,0.002,132.0,1,2,0,0,humidity,0
751.489,10.124,87.118,23.912,0.003,1008.5,4.861,78.748,-23.286,0.226,5.534,-0.009,107.0,1,19,1,1,humidity,0
654.997,13.513,39.694,26.021,0.394,1011.2,3.607,73.996,0.688,3.587,-0.198,0.191,61.0,1,20,1,1,smoke,0
2160.176,28.716,32.241,27.57,0.021,1003.9,4.46,78.997,508.278,0.438,-0.506,0.003,178.0,2,7,1,0,gas,1
1964.863,39.014,24.789,27.485,0.89,1009.3,1.903,50.531,290.007,6.758,-1.1,0.231,248.0,4,2,0,0,smoke,1
592.55,9.472,82.573,27.699,0.025,1014.7,3.469,74.133,8.004,-0.073,10.519,0.007,46.0,2,20,1,1,humidity,1
1190.473,1.355,32.302,51.271,0.701,1010.2,3.201,77.455,263.706,4.27,2.046,0.272,111.0,2,15,1,0,smoke,1
638.371,11.697,77.225,30.645,0.017,1015.0,2.524,79.165,13.52,0.472,13.29,-0.009,388.0,1,8,1,1,humidity,0
633.088,12.613,75.332,28.761,0.01,1011.5,4.351,82.5,22.047,-0.1,13.568,-0.004,76.0,1,8,1,1,humidity,0
455.078,3.51,79.907,22.715,0.023,1012.7,1.184,46.847,12.996,0.106,18.982,0.003,137.0,1,8,0,1,humidity,0
1513.583,34.108,29.793,38.565,0.521,1013.2,0.531,52.358,73.583,3.59,-2.131,0.246,264.0,3,3,0,0,smoke,1
747.535,7.024,90.695,34.253,0.173,1009.7,3.742,72.337,-11.093,4.07,16.016,-0.005,52.0,1,6,1,0,humidity,1
724.199,5.971,89.115,26.891,0.222,1009.0,4.295,75.861,-20.77,1.316,9.916,0.001,151.0,1,17,1,0,humidity,0
1500.555,16.079,52.568,25.949,0.039,1010.4,3.235,82.824,302.06,-1.789,-0.794,0.003,120.0,1,17,1,0,gas,0
2373.052,35.069,36.727,22.868,0.029,1009.6,0.485,44.133,307.94,0.704,-1.689,0.008,29.0,2,3,0,0,gas,1
621.747,5.387,91.822,27.521,0.239,1010.3,4.063,77.617,-22.94,3.548,16.94,0.002,21.0,1,17,1,0,humidity,0
726.656,7.244,79.387,25.562,0.026,1010.9,4.465,80.252,7.772,0.002,3.299,-0.002,57.0,1,14,1,1,humidity,0
658.593,5.279,74.587,35.087,0.259,1012.4,3.537,71.671,-8.271,0.385,11.811,0.001,148.0,1,7,1,0,humidity,0
0.0,2.771,55.002,25.568,0.02,1014.2,2.965,80.763,299.038,-0.004,0.056,-0.002,8.0,1,14,1,0,gas,0
649.471,6.289,43.243,55.39,0.009,1013.7,9.649,87.737,14.981,7.353,-1.028,-0.002,371.0,1,20,1,0,temperature,1
628.495,2.85,35.206,63.927,0.023,1012.5,9.76,68.645,6.412,1.844,1.352,0.004,26.0,2,22,0,0,temperature,1
620.012,3.527,85.367,29.575,0.23,1021.2,1.431,50.137,9.58,0.688,23.855,-0.002,47.0,1,21,0,0,humidity,0
609.543,2.675,85.754,33.991,0.283,1011.9,1.532,50.802,-15.421,2.668,8.826,-0.001,113.0,1,6,0,0,humidity,0
2211.908,18.422,47.409,27.948,0.031,1007.4,2.899,73.595,217.363,-0.225,-0.445,0.0,329.0,2,12,1,0,gas,1
705.082,3.575,87.224,32.25,0.207,1013.8,1.528,78.367,1.611,3.034,18.291,0.005,127.0,1,10,1,0,humidity,0
710.567,13.112,46.788,27.447,0.332,1014.0,4.893,71.917,2.695,5.349,3.451,0.088,14.0,1,12,1,1,smoke,0
2290.718,24.937,50.02,24.29,0.02,1006.9,5.32,77.333,430.468,0.004,-1.272,-0.003,683.0,3,10,1,0,gas,1
784.653,15.961,41.526,25.635,0.255,1008.1,4.007,76.945,-35.711,2.82,2.578,0.153,17.0,1,0,1,1,smoke,1
793.14,23.19,46.928,26.59,0.418,1011.5,4.794,73.725,-2.627,1.048,2.048,0.145,16.0,1,10,1,1,smoke,0
596.786,1.509,83.199,26.306,0.153,1011.3,0.243,42.606,-20.423,2.807,10.822,0.01,233.0,1,18,0,0,humidity,0
650.5,13.189,45.635,26.683,0.351,1015.6,3.044,66.713,42.923,1.166,-0.049,0.141,25.0,1,7,1,1,smoke,0
1630.545,2.467,49.336,24.002,0.031,1010.4,0.709,54.384,442.068,1.113,0.888,-0.003,9.0,1,20,0,0,gas,0
569.756,7.711,76.44,26.339,0.027,1015.5,4.415,68.178,12.735,0.232,15.589,-0.001,56.0,1,5,1,1,humidity,0
2618.274,5.697,36.18,28.65,0.016,1017.2,4.605,68.546,-1232.067,-0.392,0.205,-0.007,34.0,1,10,1,0,gas,0
598.688,12.841,51.801,26.875,0.353,1009.3,3.426,72.384,17.365,4.57,1.221,0.096,69.0,1,16,1,1,smoke,0
1131.469,22.88,42.565,62.916,0.574,1008.7,4.425,83.072,176.523,5.399,0.255,0.202,79.0,3,14,1,0,smoke,1
735.884,34.824,46.668,29.813,0.43,1017.6,4.323,81.293,23.501,3.022,0.112,0.194,51.0,1,20,1,1,smoke,0
621.623,5.333,54.573,46.379,0.022,1011.0,10.879,87.304,14.48,7.135,-1.661,-0.002,72.0,1,21,1,0,temperature,1
1620.168,14.452,42.891,16.713,0.024,1007.0,2.437,55.867,84.032,-0.403,-0.19,-0.004,94.0,2,17,0,0,gas,1
629.803,12.646,39.191,25.558,0.433,1011.1,4.208,82.163,11.139,0.934,0.475,0.14,27.0,1,9,1,1,smoke,0
717.072,4.71,95.698,31.622,0.125,1014.3,5.708,67.975,-5.585,3.436,16.824,0.005,68.0,1,8,1,0,humidity,0
649.496,3.402,88.903,31.749,0.158,1009.7,4.7,76.967,-5.853,2.207,19.844,-0.007,294.0,1,22,1,0,humidity,0
2235.551,4.264,34.076,46.109,0.503,1013.2,4.433,80.712,301.863,6.936,0.731,0.251,140.0,2,6,1,0,smoke,1
1503.541,3.928,47.253,21.701,0.02,1012.6,1.328,58.847,-373.832,-0.205,-3.014,-0.006,52.0,1,4,0,1,gas,0
0.0,3.799,50.553,24.18,0.033,1017.0,4.699,74.658,378.894,0.385,2.202,0.002,29.0,1,6,1,0,gas,0
477.489,4.26,83.228,31.539,0.167,1013.9,1.015,55.998,1.15,1.997,9.887,-0.012,101.0,1,5,0,0,humidity,0
2068.536,5.97,50.201,25.535,0.014,1013.5,4.571,68.418,50.633,0.104,-0.047,0.0,9.0,1,13,1,0,gas,0
571.911,5.172,87.144,25.902,0.244,1009.1,1.339,60.81,-5.131,1.906,17.42,0.009,57.0,1,20,0,0,humidity,0
1282.326,11.873,44.95,29.544,0.004,1014.8,4.374,77.306,302.002,-0.984,0.709,-0.004,53.0,2,6,1,0,gas,0
1503.156,8.537,49.532,26.691,0.005,1009.3,4.125,77.584,309.182,-1.515,0.744,0.001,18.0,1,6,1,0,gas,0
681.11,5.393,39.578,25.974,0.372,1007.5,5.073,77.696,-15.994,2.028,0.693,0.044,29.0,1,10,1,1,smoke,0
1527.354,61.319,59.379,54.862,0.622,1012.8,0.398,58.209,571.708,-1.79,2.177,0.204,77.0,2,5,0,0,smoke,1
1407.429,14.392,35.3,46.005,0.561,1013.1,1.742,50.919,288.98,3.899,1.831,0.09,41.0,2,23,0,0,smoke,1
0.0,3.066,38.049,23.258,0.021,1017.8,0.035,53.393,270.277,0.034,-1.574,0.007,37.0,1,5,0,0,gas,0
2297.635,37.884,37.26,23.369,0.009,1004.0,5.655,68.304,420.356,-0.191,0.711,-0.009,83.0,3,8,1,0,gas,1
583.738,11.02,88.452,23.959,0.032,1009.6,1.405,51.371,20.889,-0.239,10.92,0.006,103.0,2,2,0,1,humidity,0
717.356,25.803,41.307,26.469,0.442,1010.0,4.441,75.404,8.272,4.098,1.763,0.113,16.0,1,7,1,1,smoke,0
1210.67,14.857,34.18,20.8,0.021,1011.6,1.16,53.307,177.346,-2.419,-0.254,0.003,24.0,1,21,0,0,gas,0
711.922,21.892,48.963,27.927,0.198,1010.7,6.181,68.682,0.208,3.085,0.708,0.169,7.0,1,7,1,1,smoke,0
571.904,8.867,59.661,21.298,0.356,1013.2,1.181,54.387,-2.577,-0.375,1.12,0.089,7.0,2,23,0,1,smoke,0
564.951,2.714,77.867,29.527,0.171,1011.2,2.264,54.653,-27.41,0.082,3.013,-0.011,100.0,1,5,0,1,humidity,0
649.193,19.392,50.453,19.978,0.437,1012.2,0.965,56.206,3.737,-1.56,1.094,0.007,95.0,2,18,0,1,smoke,0
519.157,2.318,90.162,30.328,0.122,1017.8,0.866,56.837,4.55,3.101,21.921,-0.004,164.0,2,2,0,0,humidity,0
1373.959,19.854,46.1,28.896,0.011,1009.4,3.154,71.741,101.59,-1.176,0.51,-0.0,21.0,1,19,1,0,gas,0
694.736,1.314,88.026,27.833,0.271,1009.3,4.08,71.051,9.012,3.519,25.811,0.001,33.0,1,14,1,0,humidity,0
652.82,3.198,92.199,26.446,0.15,1014.1,3.449,72.152,3.575,0.866,20.108,0.004,729.0,1,14,1,0,humidity,0
553.475,3.915,96.405,27.181,0.134,1018.6,0.153,57.704,15.445,0.237,25.256,-0.001,95.0,1,16,0,0,humidity,0
1459.242,25.919,42.973,23.83,0.024,1013.9,4.622,69.965,490.822,-0.918,2.862,-0.004,8.0,1,19,1,0,gas,0
1754.502,5.128,52.705,22.36,0.022,1008.7,1.633,58.912,-777.012,-0.246,-0.866,0.002,17.0,2,0,0,0,gas,0
676.016,13.775,82.7,23.756,0.023,1010.7,5.381,76.884,29.827,0.395,12.899,-0.001,366.0,1,15,1,1,humidity,0
0.0,5.282,49.586,25.929,0.007,1009.9,3.967,72.296,-585.134,0.123,-0.325,-0.002,51.0,1,12,1,0,gas,0
594.27,11.884,84.822,21.57,0.035,1011.1,4.301,70.639,-7.735,-0.46,17.412,0.002,27.0,1,16,1,1,humidity,0
1682.206,5.417,44.789,24.413,0.014,1012.2,3.378,79.278,618.446,-0.354,-1.635,0.003,47.0,1,18,1,0,gas,0
610.619,10.854,69.518,21.435,0.021,1009.4,1.954,58.961,-25.627,-0.695,23.984,0.0,159.0,1,2,0,1,humidity,0
566.553,1.118,89.939,32.014,0.175,1014.4,1.105,56.958,-1.274,4.405,8.315,0.005,293.0,1,12,0,0,humidity,0
520.508,3.084,49.619,52.294,0.004,1012.5,6.429,75.953,2.797,3.888,1.145,0.009,118.0,1,16,0,0,temperature,1
1312.373,14.907,48.176,29.019,0.019,1009.9,3.005,78.942,325.401,-2.677,1.121,-0.001,38.0,1,20,1,0,gas,0
564.818,9.381,41.028,21.36,0.593,1014.2,0.951,59.385,-49.603,1.721,1.487,0.161,65.0,1,23,0,1,smoke,0
1704.327,2.624,44.376,20.935,0.002,1019.0,0.118,56.353,-398.236,0.337,-1.175,0.001,41.0,1,4,0,0,gas,1
658.094,5.573,77.459,28.377,0.157,1012.7,3.166,71.84,13.72,3.476,21.49,0.004,185.0,1,11,1,0,humidity,0
640.587,5.825,41.453,41.482,0.036,1013.5,8.034,92.047,13.244,10.821,0.2,0.015,14.0,2,6,1,0,temperature,1
449.179,4.5,83.825,32.357,0.179,1015.7,0.436,50.998,14.737,4.227,24.532,0.003,31.0,1,1,0,0,humidity,0
2424.798,28.441,43.791,21.351,0.019,1012.0,1.102,59.933,420.506,0.125,0.858,0.006,53.0,2,20,0,0,gas,1
741.483,4.366,43.649,67.585,0.03,1010.8,11.862,92.028,-10.942,5.176,-2.023,-0.001,183.0,1,10,1,0,temperature,1
543.586,14.641,35.651,25.867,0.514,1009.7,0.451,53.34,24.908,3.341,-0.305,0.152,11.0,1,0,0,1,smoke,0
601.037,3.93,48.55,21.481,0.183,1014.1,1.673,59.173,9.428,2.74,1.013,0.024,115.0,1,11,0,1,smoke,0
1892.12,47.522,45.147,39.477,0.352,1013.2,3.99,68.6,288.918,7.661,0.846,0.106,88.0,4,17,1,0,smoke,1
707.764,4.002,45.493,60.535,0.007,1007.9,10.525,90.381,-2.635,3.686,0.109,0.01,74.0,1,7,1,0,temperature,1
577.263,4.685,86.969,27.277,0.166,1010.6,3.964,66.981,-23.876,1.696,18.477,0.009,12.0,1,21,1,0,humidity,0
1120.789,13.509,44.013,26.161,0.005,1009.4,2.878,67.522,203.76,-1.268,-2.43,-0.001,15.0,1,12,1,1,gas,0
2074.888,31.821,37.933,26.135,0.027,1010.2,3.867,74.249,4.192,0.434,-1.979,0.01,234.0,2,9,1,1,gas,1
496.079,2.579,83.721,30.277,0.173,1013.0,0.248,50.938,1.292,2.143,16.406,0.002,85.0,1,4,0,0,humidity,0
721.344,9.169,90.062,32.464,0.207,1010.8,3.327,72.094,6.186,-0.139,16.985,0.004,41.0,2,13,1,0,humidity,0
1647.705,6.167,49.092,22.946,0.008,1017.5,2.317,82.36,-566.056,-0.284,-0.491,-0.003,11.0,1,20,1,0,gas,0
673.225,2.412,41.153,50.911,0.011,1012.0,10.711,81.59,30.548,5.362,0.282,-0.001,34.0,2,6,1,0,temperature,1
1112.92,16.018,30.143,24.295,0.014,1014.9,0.016,63.35,217.707,-1.031,0.442,-0.002,33.0,1,3,0,0,gas,0
692.871,19.459,49.154,28.418,0.39,1007.8,4.449,64.192,-17.412,-0.951,-0.235,0.147,42.0,1,4,1,1,smoke,0
603.344,6.59,48.758,69.775,0.006,1008.3,10.325,86.753,-31.518,10.093,1.448,0.001,30.0,2,14,1,0,temperature,1
1150.55,17.728,46.725,25.79,0.042,1013.8,4.089,76.603,32.996,-1.493,-0.242,0.0,24.0,1,15,1,0,gas,0
1907.472,6.371,51.366,25.451,0.025,1013.9,3.087,71.509,534.825,0.062,2.296,-0.001,103.0,1,11,1,0,gas,0
1414.427,20.404,37.816,21.75,0.016,1015.8,2.73,57.853,141.532,0.106,-0.089,0.008,35.0,1,13,0,0,gas,0
655.082,8.854,73.699,26.789,0.038,1013.3,4.271,75.896,8.093,-0.305,1.596,0.001,255.0,1,16,1,1,humidity,0
0.0,4.505,60.005,25.512,0.02,1008.6,2.576,69.557,837.407,-0.399,-1.185,-0.003,46.0,1,18,1,0,gas,0
602.051,4.413,92.351,30.904,0.174,1017.0,5.177,73.203,40.447,0.43,15.889,0.005,26.0,2,0,1,0,humidity,0
2423.107,6.341,48.273,23.99,0.038,1013.9,4.758,67.933,204.124,-0.258,3.393,-0.005,18.0,1,16,1,0,gas,0
0.0,3.099,48.862,21.347,0.015,1015.8,0.835,60.341,-544.907,0.09,0.034,0.003,33.0,1,9,0,0,gas,0
685.4,3.476,49.52,66.204,0.017,1016.7,12.464,98.359,-18.067,3.942,-0.023,0.001,162.0,2,16,1,0,temperature,1
532.588,5.649,54.19,22.137,0.614,1011.9,1.161,52.563,-15.977,4.393,0.959,0.102,11.0,1,3,0,1,smoke,0
1747.92,51.828,42.658,41.825,0.214,1012.9,3.572,79.303,195.329,9.417,0.133,0.224,31.0,2,7,1,0,smoke,1
698.077,6.399,87.522,33.453,0.249,1015.3,3.844,70.504,-4.348,4.583,15.76,-0.001,307.0,2,10,1,0,humidity,0
2719.554,3.792,38.075,28.857,0.007,1008.3,3.696,77.02,-562.7,-0.475,-0.928,0.001,39.0,1,10,1,0,gas,0
1375.429,20.371,26.723,28.186,0.025,1013.7,3.863,71.946,31.947,0.076,2.848,-0.001,22.0,1,12,1,0,gas,0
628.215,3.556,92.488,28.717,0.125,1009.8,4.712,82.336,3.047,3.347,25.997,-0.002,88.0,1,10,1,1,humidity,0
724.363,7.414,85.22,27.006,0.138,1011.8,3.943,81.3,-2.556,2.298,27.113,-0.008,264.0,1,14,1,0,humidity,0
1153.385,18.558,40.455,21.838,0.026,1009.7,1.222,64.235,98.852,-1.577,-1.51,-0.003,43.0,1,4,0,0,gas,0
0.0,3.23,59.904,24.466,0.009,1013.1,5.351,72.208,160.4,0.166,-1.516,0.008,11.0,1,11,1,0,gas,0
484.657,3.629,69.73,19.239,0.018,1018.1,2.044,55.791,5.342,0.332,13.856,0.005,110.0,1,4,0,1,humidity,0
717.42,5.487,47.5,56.759,0.011,1010.6,11.301,96.102,-11.178,6.544,-0.972,-0.011,342.0,2,13,1,0,temperature,1
1475.151,26.823,27.808,45.564,0.506,1008.2,4.079,76.936,402.055,7.427,-2.179,0.308,68.0,4,10,1,0,smoke,1
510.915,2.268,88.931,29.682,0.159,1009.5,2.017,57.032,23.4,1.765,13.719,0.006,440.0,1,22,0,0,humidity,0
1117.564,15.913,45.19,29.248,0.024,1010.0,5.024,72.844,284.351,-1.364,-3.265,0.006,33.0,1,7,1,0,gas,0
2456.771,4.121,42.504,26.919,0.016,1012.8,5.025,85.552,387.765,0.268,-1.014,0.007,43.0,1,19,1,0,gas,0
1648.059,2.042,43.966,24.692,0.01,1014.6,1.542,49.668,-1059.681,-0.032,-0.208,-0.002,8.0,1,21,0,0,gas,0
529.811,12.477,80.141,22.325,0.032,1009.2,4.761,80.817,52.158,0.455,16.35,-0.002,1644.0,1,14,1,1,humidity,0
1182.903,18.32,38.094,22.526,0.017,1014.3,1.26,58.25,268.004,0.073,-0.524,0.01,20.0,1,2,0,0,gas,0
935.732,14.084,41.726,25.779,0.008,1017.8,2.494,70.206,83.055,-1.551,0.079,-0.002,64.0,1,6,1,0,gas,0
0.0,3.861,54.038,21.373,0.002,1007.6,2.102,56.968,-508.573,-0.069,1.645,-0.002,24.0,1,5,0,0,gas,0
1592.848,13.834,41.076,26.765,0.017,1015.3,3.236,69.956,504.441,-0.497,1.033,0.006,45.0,2,7,1,0,gas,0
687.608,13.243,76.993,25.389,0.03,1012.7,3.102,76.544,-25.129,-0.599,13.092,-0.002,204.0,1,8,1,1,humidity,0
629.631,21.635,36.28,25.604,0.473,1015.5,3.848,81.552,23.415,4.178,-0.443,0.034,21.0,2,16,1,1,smoke,0
1354.446,20.034,45.646,26.466,0.025,1015.4,5.709,65.815,173.061,-1.479,2.046,-0.005,23.0,2,2,1,0,gas,0
566.542,4.593,78.127,25.161,0.278,1010.1,1.835,53.514,29.173,3.135,13.525,-0.001,37.0,1,5,0,0,humidity,0
824.351,5.663,42.909,53.664,0.007,1012.3,8.403,80.638,-7.679,7.969,-1.074,-0.003,100.0,1,19,1,0,temperature,1
773.342,5.299,53.508,59.662,0.011,1010.9,3.881,95.894,-16.01,3.642,-1.723,0.003,196.0,1,18,1,0,temperature,1
694.406,2.461,88.828,36.537,0.151,1014.3,3.161,71.777,5.181,2.835,28.098,0.006,470.0,1,15,1,0,humidity,0
676.462,7.113,89.083,31.911,0.187,1015.1,3.695,78.0,38.833,0.201,3.592,0.006,35.0,1,15,1,1,humidity,0
2702.381,4.557,40.029,23.414,0.039,1012.3,1.203,56.952,845.208,-0.69,1.319,-0.007,47.0,2,4,0,0,gas,0
0.0,1.926,47.701,25.182,0.022,1016.2,4.163,80.055,-703.158,-0.107,1.476,-0.001,84.0,1,12,1,0,gas,0
649.322,9.102,78.657,25.633,0.026,1018.4,3.065,73.099,29.834,0.268,19.105,-0.001,276.0,1,15,1,1,humidity,0
713.064,13.177,79.004,28.047,0.022,1008.3,3.292,80.673,2.191,0.472,6.176,-0.002,88.0,1,7,1,1,humidity,0
705.366,3.121,86.067,30.128,0.148,1014.0,0.088,65.595,-1.17,3.127,25.811,-0.001,98.0,1,3,0,0,humidity,0
727.339,13.699,76.107,24.997,0.017,1012.8,3.214,74.198,-4.235,0.219,3.884,-0.007,90.0,1,0,1,1,humidity,0
619.327,3.388,80.959,28.213,0.178,1011.5,3.896,75.526,-37.704,1.944,9.422,0.005,47.0,1,3,1,0,humidity,0
661.341,5.097,80.87,28.778,0.153,1016.4,3.55,76.244,18.623,2.181,23.737,-0.006,37.0,2,10,1,0,humidity,0
584.342,8.347,44.928,29.439,0.47,1012.3,2.763,69.88,-28.472,1.201,1.266,0.148,58.0,1,11,1,1,smoke,0
614.674,9.769,75.615,24.966,0.001,1010.9,3.948,81.842,34.529,0.008,6.438,0.006,180.0,1,8,1,1,humidity,0
763.134,17.107,53.964,27.001,0.418,1009.8,5.418,74.08,-18.74,3.109,-0.332,0.099,9.0,1,15,1,1,smoke,0
757.275,5.359,82.254,32.238,0.187,1009.7,4.394,78.276,-40.79,2.807,17.167,0.003,20.0,1,10,1,0,humidity,0
660.444,5.738,90.9,33.889,0.249,1012.1,5.012,74.251,15.822,1.667,8.407,-0.002,310.0,1,23,1,0,humidity,0
597.625,5.384,84.354,28.599,0.134,1015.2,5.891,74.59,5.044,6.125,16.875,-0.001,682.0,1,14,1,1,humidity,0
675.385,22.863,38.347,26.275,0.452,1017.3,4.27,74.578,-17.199,0.13,-0.066,0.108,114.0,1,16,1,1,smoke,0
907.33,8.96,38.267,25.905,0.021,1010.0,2.866,68.027,12.146,-1.547,0.689,0.005,183.0,1,14,1,0,gas,0
673.179,3.865,97.141,30.837,0.241,1018.2,4.076,73.441,-24.336,5.077,12.086,0.003,524.0,1,8,1,0,humidity,0
1859.813,34.556,32.094,52.202,0.543,1011.7,3.413,79.217,175.566,3.891,-2.627,0.132,631.0,4,18,1,0,smoke,1
755.298,13.881,77.747,24.376,0.009,1009.4,4.981,71.525,16.183,-0.716,7.46,-0.007,231.0,2,7,1,1,humidity,0
1286.904,23.651,46.91,22.663,0.002,1015.2,3.857,79.4,212.713,-0.489,0.934,0.003,55.0,1,20,1,0,gas,0
651.804,14.313,40.806,26.386,0.406,1014.9,2.942,70.879,-35.362,4.303,2.38,0.061,37.0,1,8,1,1,smoke,0
1311.693,18.859,44.132,23.533,0.02,1007.7,3.752,73.355,273.421,-1.755,1.172,-0.004,15.0,1,17,1,0,gas,0
1309.274,18.308,38.841,26.419,0.019,1012.5,3.375,68.442,310.386,-1.938,-0.203,-0.003,21.0,1,17,1,0,gas,0
622.786,4.637,90.928,34.287,0.251,1013.4,0.926,58.255,-16.892,4.802,16.196,0.005,94.0,1,7,0,0,humidity,0
698.033,8.896,99.901,27.348,0.246,1010.1,4.168,74.993,-20.092,2.527,19.81,-0.005,118.0,1,21,1,0,humidity,0
736.929,9.847,74.587,27.543,0.032,1013.6,5.134,75.419,18.56,1.162,8.269,-0.0,58.0,1,10,1,1,humidity,0
621.197,4.373,47.546,57.176,0.021,1015.5,11.353,78.098,-17.906,-1.265,-2.261,-0.005,147.0,2,21,1,0,temperature,1
2618.003,5.847,45.67,22.735,0.023,1010.1,0.837,54.474,229.551,-0.092,1.405,0.003,33.0,1,11,0,0,gas,0
1469.59,4.082,36.024,25.192,0.017,1020.5,1.374,48.797,507.648,-1.309,-0.885,-0.002,14.0,1,1,0,1,gas,0
1857.978,40.795,37.984,48.818,0.701,1011.6,4.19,76.426,131.786,1.189,2.892,0.024,554.0,4,20,1,0,smoke,1
700.826,4.459,95.459,32.399,0.216,1017.2,4.034,75.391,25.148,0.468,15.982,-0.002,380.0,2,6,1,0,humidity,0
1494.365,22.935,35.222,47.815,0.485,1011.3,3.547,77.391,231.312,5.184,0.953,0.127,46.0,3,8,1,0,smoke,1
1465.121,12.22,52.278,24.898,0.012,1018.3,4.559,74.123,281.637,-1.672,-0.077,-0.006,21.0,2,12,1,0,gas,0
1484.186,18.451,40.688,51.51,0.53,1010.3,1.989,50.527,455.995,10.885,0.09,0.04,215.0,4,1,0,0,smoke,1
757.868,13.898,81.26,28.623,0.014,1018.2,2.484,75.606,18.593,0.231,17.756,0.007,90.0,1,20,1,1,humidity,0
674.753,8.252,96.258,29.536,0.222,1016.9,4.211,78.235,26.321,0.437,29.948,0.004,31.0,1,10,1,0,humidity,0
1390.273,13.48,52.508,19.967,0.014,1014.3,1.513,50.281,456.823,-1.841,-2.333,-0.009,14.0,1,23,0,0,gas,0
612.829,6.529,86.118,32.889,0.285,1012.4,3.32,67.664,9.318,4.834,30.857,-0.001,158.0,1,17,1,0,humidity,0
0.0,6.591,35.322,25.294,0.016,1006.1,4.07,75.454,507.208,-0.354,-1.299,0.002,18.0,1,10,1,0,gas,0
705.518,8.05,72.284,26.962,0.017,1012.5,3.612,74.679,-15.248,0.218,8.441,-0.0,49.0,1,10,1,1,humidity,0
1977.173,22.068,50.255,22.522,0.01,1007.1,2.798,76.617,296.28,0.418,1.928,0.004,183.0,2,16,1,0,gas,1
573.643,9.721,43.57,26.557,0.318,1011.6,4.329,73.61,-6.33,4.886,2.071,0.141,99.0,1,15,1,1,smoke,0
652.676,7.235,83.182,22.766,0.025,1013.6,3.018,67.253,-1.206,0.041,3.835,-0.003,27.0,1,20,1,1,humidity,0
0.0,5.398,37.531,23.462,0.015,1018.3,0.644,55.382,-465.624,0.071,0.79,0.004,46.0,2,12,0,0,gas,0
940.256,36.837,48.629,25.807,0.034,1015.5,4.195,77.952,219.245,-2.851,0.121,0.001,2.0,1,10,1,0,gas,0
962.687,5.295,48.186,27.367,0.027,1014.5,4.135,73.225,291.273,-2.277,-1.666,-0.002,12.0,1,7,1,0,gas,0
682.468,7.666,54.595,28.009,0.361,1015.2,4.222,71.814,21.246,4.304,-1.883,0.002,88.0,1,11,1,1,smoke,0
799.731,9.972,85.222,26.186,0.03,1011.4,5.4,73.877,7.556,-0.144,11.684,-0.009,101.0,2,21,1,1,humidity,0
595.838,12.19,84.896,27.521,0.004,1013.9,2.792,77.672,-25.453,0.56,13.542,0.003,40.0,2,12,1,1,humidity,0
1260.234,63.304,29.602,50.125,0.239,1013.6,3.617,71.611,383.158,1.114,1.86,0.17,161.0,4,16,1,0,smoke,1
644.095,7.738,78.317,26.197,0.016,1012.4,3.804,74.953,-4.901,-0.098,12.713,0.011,193.0,1,9,1,1,humidity,0
2105.784,21.643,41.856,21.47,0.012,1011.1,2.1,57.225,285.461,-0.25,-1.823,0.0,136.0,3,9,0,0,gas,1
727.021,7.606,72.313,24.171,0.046,1012.6,4.597,79.761,5.006,-0.084,9.261,0.006,773.0,1,16,1,1,humidity,0
647.531,15.037,50.584,25.296,0.188,1014.5,4.51,74.493,10.686,1.915,1.133,0.065,16.0,1,16,1,1,smoke,0
611.915,16.052,45.3,25.155,0.437,1009.9,1.284,55.522,29.1,0.557,1.694,0.197,52.0,2,7,0,1,smoke,0
683.437,3.382,85.095,26.365,0.185,1016.5,5.154,75.738,40.231,0.344,17.224,-0.006,186.0,1,15,1,0,humidity,0
0.0,7.098,32.652,22.968,0.024,1009.5,2.833,74.217,366.54,0.213,2.448,-0.002,73.0,1,0,1,0,gas,0
2739.917,5.094,39.019,26.906,0.053,1010.4,3.944,75.285,1127.575,0.08,-0.895,-0.006,39.0,1,17,1,0,gas,0
620.965,5.39,89.283,38.053,0.222,1009.0,4.539,76.745,14.683,5.514,12.536,0.002,217.0,2,18,1,0,humidity,0
658.475,13.082,73.438,29.897,0.009,1015.9,4.305,74.386,15.16,0.458,15.519,-0.003,54.0,1,13,1,1,humidity,0
1725.395,26.288,35.298,23.434,0.035,1008.1,4.195,69.759,895.477,-0.582,-0.845,0.004,80.0,3,19,1,0,gas,1
711.927,12.055,83.898,24.618,0.018,1010.5,4.126,68.944,-2.489,0.384,4.76,-0.0,161.0,1,10,1,1,humidity,0
542.783,5.204,94.233,26.821,0.208,1013.3,1.294,60.936,20.119,2.041,17.332,0.003,90.0,1,23,0,0,humidity,0
1182.462,7.611,36.401,22.215,0.006,1015.3,1.441,53.252,266.015,-1.177,-1.605,0.001,66.0,2,1,0,0,gas,0
1413.063,19.873,30.883,25.278,0.009,1013.2,3.366,78.095,285.664,-1.338,-0.164,0.007,14.0,1,6,1,0,gas,0
2044.927,2.462,38.389,21.816,0.031,1019.3,0.974,55.049,778.366,0.252,0.306,0.003,6.0,2,22,0,0,gas,0
638.903,10.696,79.072,26.066,0.029,1014.2,4.798,75.142,-14.298,-0.036,11.401,0.002,45.0,1,16,1,1,humidity,0
1797.079,21.194,55.706,26.99,0.016,1006.1,2.605,81.717,-60.243,-0.17,-1.098,-0.002,33.0,3,14,1,0,gas,1
1154.907,9.259,42.05,27.055,0.047,1014.4,1.989,53.944,451.338,-0.316,-0.654,0.009,5.0,2,4,0,1,gas,0
1119.848,13.332,53.256,21.983,0.01,1012.4,0.257,55.269,347.068,-2.229,-0.528,-0.003,9.0,2,3,0,0,gas,0
767.673,11.655,75.107,27.643,0.002,1016.3,5.266,78.54,-23.548,0.143,18.694,-0.01,432.0,1,21,1,1,humidity,0
984.891,20.746,41.405,24.167,0.003,1014.5,4.336,72.111,354.296,-2.727,-1.78,0.0,41.0,1,11,1,0,gas,0
688.579,9.219,43.012,22.738,0.449,1009.9,4.687,78.416,-12.694,0.489,3.232,0.187,68.0,1,21,1,1,smoke,0
1302.895,18.346,54.459,26.294,0.025,1011.7,3.151,72.594,456.687,-1.467,1.685,0.003,10.0,1,8,1,0,gas,0
0.0,1.013,53.566,23.338,0.025,1015.9,1.856,57.467,73.191,0.221,2.167,-0.006,43.0,1,22,0,0,gas,0
809.167,12.827,50.266,27.709,0.441,1010.5,3.322,71.584,16.81,1.423,-0.615,0.126,39.0,1,16,1,1,smoke,0
2332.457,28.286,49.369,27.308,0.031,1005.9,4.847,69.014,399.35,-0.014,-0.863,0.007,102.0,3,6,1,0,gas,1
534.187,14.449,36.526,23.034,0.46,1013.7,1.523,54.672,-21.501,1.667,-0.377,0.084,32.0,1,11,0,1,smoke,1
0.0,1.176,44.569,29.943,0.012,1014.9,3.574,75.274,-567.015,0.157,2.094,-0.0,20.0,1,6,1,0,gas,0
793.852,2.657,90.502,31.785,0.172,1011.4,5.0,77.624,16.53,3.645,21.024,-0.005,270.0,1,19,1,0,humidity,0
647.753,8.466,90.617,24.723,0.014,1014.1,0.411,45.413,-11.552,0.08,16.386,0.0,28.0,1,2,0,1,humidity,0
613.153,4.238,83.138,33.415,0.166,1013.6,5.354,73.243,-14.56,2.47,22.932,-0.001,128.0,1,10,1,1,humidity,0
1473.184,7.664,62.594,23.475,0.03,1006.9,3.619,78.216,-861.724,0.58,1.712,-0.004,150.0,1,9,1,0,gas,0
1419.859,20.133,57.663,23.273,0.037,1013.0,1.766,57.511,206.82,-2.823,-1.098,0.004,5.0,1,18,0,0,gas,0
580.982,21.232,40.549,24.266,0.338,1016.7,4.974,75.983,-37.988,2.608,-2.203,0.074,31.0,1,6,1,1,smoke,0
547.328,1.421,93.109,24.95,0.246,1013.2,1.324,54.024,14.687,-1.629,6.988,0.001,226.0,1,4,0,0,humidity,0
561.573,0.062,95.458,29.168,0.214,1014.6,1.44,55.847,-0.737,2.889,16.624,0.002,53.0,1,8,0,0,humidity,0
505.009,3.708,93.88,23.083,0.233,1015.1,1.868,54.599,14.46,1.381,17.179,0.006,57.0,1,2,0,0,humidity,0
610.538,8.651,85.705,21.58,0.017,1013.8,2.086,55.939,18.289,-0.607,14.128,0.011,281.0,1,9,0,1,humidity,0
1221.887,19.549,45.166,22.649,0.021,1014.0,4.287,77.703,307.196,-1.871,1.187,-0.008,19.0,2,6,1,0,gas,0
629.119,32.461,48.499,29.471,0.431,1015.3,4.1,74.512,-34.937,1.181,0.979,0.142,60.0,1,13,1,1,smoke,0
2579.279,18.445,36.675,21.974,0.027,1009.5,0.097,53.002,457.214,-0.066,-0.361,-0.004,153.0,2,12,0,0,gas,1
668.573,12.788,83.141,26.135,0.03,1009.6,4.273,77.86,17.991,-0.407,9.826,-0.009,39.0,1,17,1,1,humidity,0
690.71,3.517,80.615,33.413,0.259,1014.6,3.432,80.14,-22.24,6.74,22.415,0.0,338.0,1,11,1,0,humidity,0
1040.238,8.415,44.858,20.045,0.012,1014.9,0.845,57.298,213.902,-0.734,0.918,-0.005,6.0,2,5,0,0,gas,0
1304.931,14.208,42.813,26.239,0.024,1011.8,3.862,68.726,242.911,-0.949,0.893,0.001,214.0,1,17,1,0,gas,0
2139.937,17.476,54.856,24.655,0.007,1002.3,4.797,76.68,432.679,0.799,-0.284,-0.001,164.0,2,21,1,0,gas,1
0.0,6.646,41.18,27.96,0.026,1008.3,4.142,72.916,1427.797,-0.499,-0.154,-0.005,19.0,1,16,1,0,gas,0
1129.19,7.654,40.243,28.77,0.027,1012.1,4.27,71.302,262.935,-1.096,-0.179,0.001,48.0,1,19,1,0,gas,0
638.716,4.814,92.776,32.387,0.225,1014.1,3.912,70.865,29.291,0.458,28.784,-0.017,101.0,2,23,1,0,humidity,0
652.131,6.313,85.438,23.573,0.026,1011.8,3.284,75.919,-23.559,0.069,-2.648,0.001,20.0,2,10,1,1,humidity,0
556.472,5.006,40.861,25.437,0.56,1011.6,4.07,76.772,2.23,3.346,-1.056,0.064,22.0,1,15,1,1,smoke,0
834.152,5.788,93.056,31.769,0.151,1012.2,3.612,78.708,-0.038,1.391,19.986,0.007,219.0,1,9,1,0,humidity,0
676.875,5.326,52.798,50.906,0.02,1012.0,11.393,95.48,-0.853,6.376,0.555,0.004,633.0,2,4,1,1,temperature,1
1438.823,13.256,45.891,25.491,0.0,1011.0,2.035,71.091,201.214,-1.726,1.285,0.006,40.0,1,4,1,0,gas,0
598.928,4.52,86.672,32.86,0.191,1007.6,5.069,77.551,-11.37,4.051,21.676,-0.003,55.0,1,17,1,0,humidity,0
485.783,2.644,88.488,21.356,0.117,1016.9,1.003,59.967,-7.341,1.352,12.623,0.006,17.0,1,13,0,0,humidity,0
2066.962,6.712,47.366,25.93,0.033,1009.5,2.722,58.885,374.047,0.529,-1.386,-0.001,46.0,2,21,0,0,gas,0
520.573,3.393,86.251,22.802,0.136,1016.6,1.125,60.575,2.755,5.307,19.324,0.01,19.0,1,5,0,0,humidity,1
1535.526,15.399,39.679,23.115,0.013,1015.4,4.829,77.398,348.05,-0.945,-0.882,-0.001,22.0,1,9,1,0,gas,0
579.656,1.923,94.13,22.189,0.184,1015.9,2.569,53.023,-19.17,3.465,19.64,0.003,202.0,1,0,0,0,humidity,0
1598.019,28.727,45.59,50.777,0.599,1017.2,3.984,77.26,328.574,9.113,0.087,0.29,322.0,2,17,1,0,smoke,1
616.454,5.813,90.415,32.03,0.192,1014.9,3.255,77.704,-45.014,1.816,8.564,-0.006,45.0,1,16,1,1,humidity,0
621.806,8.031,53.392,51.118,0.03,1018.1,9.708,86.476,-32.938,5.875,1.104,-0.006,212.0,2,7,1,0,temperature,0
443.402,16.991,45.678,23.088,0.308,1015.9,1.464,53.089,3.565,0.547,2.738,0.126,24.0,1,22,0,1,smoke,0
712.394,15.736,44.607,26.648,0.497,1013.5,5.316,73.61,4.494,3.406,-1.43,0.15,263.0,1,10,1,1,smoke,0
1830.502,21.752,31.333,25.79,0.026,1005.8,2.363,68.894,87.093,0.101,0.216,0.007,44.0,3,16,1,0,gas,1
2463.631,32.347,36.187,26.374,0.047,1007.8,3.336,78.576,460.494,-0.131,0.402,-0.005,73.0,2,17,1,0,gas,1
1772.885,27.86,40.739,57.822,0.64,1009.4,4.829,81.032,137.659,9.937,2.716,-0.022,145.0,4,18,1,1,smoke,1
621.093,13.027,45.701,23.323,0.421,1014.9,0.334,57.96,-3.459,0.471,0.015,0.007,29.0,1,0,0,1,smoke,0
506.669,12.827,45.421,25.214,0.365,1016.6,1.386,58.159,27.602,1.816,-1.526,0.053,7.0,1,0,0,1,smoke,0
595.056,7.099,55.262,48.173,0.027,1011.5,10.89,82.548,-11.765,0.531,-1.098,-0.003,418.0,2,11,1,0,temperature,1
556.479,7.834,79.485,22.132,0.011,1009.9,0.339,60.723,6.483,-0.054,13.745,0.003,70.0,1,23,0,1,humidity,0
872.179,39.563,41.253,52.057,0.565,1011.3,5.011,72.058,560.659,5.833,-0.273,0.261,149.0,2,18,1,0,smoke,1
1298.852,12.208,38.29,28.636,0.023,1010.7,3.104,72.657,220.952,-2.977,-2.048,-0.005,9.0,1,10,1,0,gas,0
518.951,6.429,89.557,24.292,0.026,1014.4,0.251,51.309,-42.394,-0.315,12.768,-0.008,152.0,1,4,0,1,humidity,0
672.293,5.646,88.86,35.268,0.124,1010.4,6.214,76.207,-0.297,4.737,24.199,-0.003,121.0,1,7,1,0,humidity,0
484.87,12.594,66.876,23.887,0.459,1012.5,1.592,48.421,-6.874,2.703,1.029,0.151,33.0,1,1,0,1,smoke,0
1304.812,34.346,27.637,48.356,0.592,1008.1,0.574,52.411,292.887,3.756,0.607,0.055,108.0,4,0,0,0,smoke,1
606.11,13.591,47.253,25.732,0.451,1012.6,5.099,80.372,41.349,2.322,3.959,0.038,60.0,1,12,1,1,smoke,0
548.869,12.19,89.794,19.817,0.018,1008.0,2.237,59.116,28.757,0.3,20.118,0.007,66.0,1,10,0,1,humidity,0
679.262,8.422,95.217,30.647,0.125,1014.9,3.399,75.654,0.428,1.649,21.955,-0.008,301.0,1,10,1,0,humidity,0
598.03,13.186,43.921,21.539,0.278,1013.2,1.725,54.813,-22.006,0.126,0.329,0.102,72.0,1,2,0,1,smoke,1
624.798,3.558,96.944,26.259,0.189,1010.8,1.586,56.32,9.936,-0.084,17.504,0.006,56.0,1,5,0,0,humidity,0
601.417,6.525,62.502,24.124,0.204,1016.7,2.957,80.851,26.323,1.528,-0.558,0.075,9.0,1,20,1,1,smoke,0
1821.966,33.905,43.701,58.981,0.303,1012.1,4.159,75.691,328.62,3.989,0.804,0.232,74.0,2,20,1,0,smoke,1
545.293,7.933,80.139,22.655,0.008,1015.8,1.667,49.754,-31.369,-0.572,14.639,-0.0,119.0,1,4,0,1,humidity,0
635.327,12.8,51.971,26.161,0.223,1017.5,2.615,73.432,-12.642,3.13,2.19,0.125,26.0,1,7,1,1,smoke,0
537.3,1.56,89.356,24.209,0.089,1018.0,1.121,51.413,-21.085,1.056,19.548,-0.002,361.0,1,2,0,0,humidity,0
1448.459,11.72,31.607,26.261,0.01,1014.7,4.508,77.826,191.453,-1.564,-0.477,-0.005,70.0,1,14,1,1,gas,0
693.358,4.534,91.652,27.177,0.178,1009.5,3.23,68.328,7.541,2.122,8.381,0.003,166.0,1,9,1,0,humidity,0
1894.993,37.339,21.884,43.34,0.553,1011.7,3.903,77.384,19.376,3.949,1.568,0.346,100.0,2,19,1,0,smoke,1
1108.856,7.821,38.555,22.766,0.019,1010.5,0.559,55.736,342.881,-2.413,1.232,0.004,41.0,1,0,0,0,gas,0
677.936,11.019,79.816,26.791,0.016,1012.5,4.08,69.055,-6.821,0.507,8.57,0.001,33.0,1,19,1,1,humidity,0
880.31,20.005,45.678,23.029,0.021,1012.1,3.312,79.084,219.052,-2.07,0.665,-0.001,74.0,1,7,1,0,gas,0
661.315,11.135,53.657,23.873,0.399,1009.9,4.694,75.481,9.02,1.557,1.555,0.11,14.0,1,21,1,1,smoke,0
685.239,16.729,45.634,26.928,0.379,1009.1,3.762,78.487,0.857,0.332,-1.179,0.121,8.0,1,7,1,1,smoke,0
1485.692,10.181,40.728,27.898,0.041,1017.9,3.981,72.493,73.237,-1.963,0.054,-0.006,77.0,1,15,1,1,gas,0
2676.131,12.604,29.24,26.709,0.011,1012.4,4.034,73.528,451.314,-0.025,0.004,0.002,132.0,2,12,1,0,gas,1
665.977,11.717,43.716,24.94,0.411,1011.0,4.057,73.673,15.87,1.68,-1.782,0.099,86.0,1,23,1,1,smoke,0
1189.026,7.498,49.989,25.784,0.016,1011.4,0.349,48.881,429.253,-2.605,-0.45,-0.01,29.0,1,5,0,0,gas,0
519.712,10.268,84.072,17.892,0.037,1010.6,0.059,64.914,-20.848,0.417,16.734,-0.003,195.0,1,22,0,1,humidity,0
1265.598,8.686,43.725,22.502,0.029,1011.3,0.761,55.647,486.466,-1.747,1.173,0.007,53.0,1,22,0,0,gas,0
466.38,3.389,36.611,55.923,0.015,1014.3,5.599,60.901,-2.375,4.254,-0.003,-0.004,126.0,1,2,0,0,temperature,1
516.373,5.318,42.955,58.254,0.035,1011.3,9.148,65.968,24.454,2.582,2.28,-0.002,221.0,1,3,0,0,temperature,1
1413.346,42.886,38.499,33.723,0.403,1011.7,1.006,46.384,90.447,8.612,-1.898,0.296,292.0,3,4,0,0,smoke,1
463.738,14.373,50.858,23.983,0.324,1011.9,1.43,53.181,39.156,0.102,0.205,0.101,58.0,1,5,0,1,smoke,0
603.529,5.221,86.723,39.547,0.15,1010.5,2.136,67.894,2.325,2.47,33.209,-0.003,58.0,1,15,1,0,humidity,0
1897.192,4.27,43.094,24.89,0.033,1015.8,3.855,74.812,-268.525,-0.292,-2.488,-0.001,12.0,1,21,1,0,gas,0
977.008,11.743,45.213,21.933,0.019,1013.5,4.289,69.806,107.288,-0.874,-2.303,0.003,12.0,1,17,1,0,gas,0
722.522,2.974,84.781,29.207,0.192,1016.3,3.567,68.805,11.61,1.81,21.367,-0.005,557.0,1,19,1,0,humidity,0
775.239,6.148,83.366,32.4,0.14,1008.2,4.881,72.735,-43.205,6.837,14.447,-0.004,47.0,1,8,1,0,humidity,0
636.823,10.615,81.717,22.642,0.024,1017.1,4.72,77.111,-14.73,0.62,5.181,0.007,112.0,1,9,1,1,humidity,0
465.19,21.209,43.654,21.895,0.372,1012.5,0.614,52.399,4.416,0.401,-0.845,0.211,11.0,1,1,0,1,smoke,0
1620.464,5.15,34.179,27.166,0.027,1012.6,3.185,82.568,-266.36,-0.298,0.336,0.008,97.0,1,7,1,0,gas,0
636.69,24.185,44.688,26.249,0.223,1012.7,4.181,71.77,-16.255,2.227,0.052,0.016,29.0,2,14,1,1,smoke,0
579.781,4.823,49.468,56.948,0.018,1016.0,4.858,64.991,-21.56,4.447,-1.766,0.004,95.0,1,15,0,0,temperature,1
728.913,17.032,57.888,26.184,0.424,1011.2,4.281,62.207,-24.476,0.085,0.308,0.129,77.0,1,22,1,1,smoke,0
587.512,2.725,78.693,26.808,0.201,1011.5,5.363,76.521,-34.846,1.367,12.991,0.003,403.0,1,8,1,0,humidity,0
1879.745,40.791,30.236,50.777,0.705,1008.9,3.654,77.74,602.109,2.241,1.262,0.179,185.0,3,18,1,0,smoke,1
623.173,3.896,86.947,25.019,0.213,1015.8,0.265,54.846,-25.642,3.57,21.954,0.008,272.0,1,16,0,0,humidity,0
2128.089,15.394,49.461,25.046,0.012,999.1,5.076,81.558,283.401,-0.063,0.012,0.003,33.0,2,5,1,0,gas,1
0.0,5.009,62.044,25.935,0.032,1008.6,2.897,71.339,-332.06,-0.711,1.052,-0.004,8.0,1,10,1,0,gas,0
685.277,17.589,43.395,25.86,0.574,1012.5,3.103,76.319,10.341,2.768,-1.711,0.225,23.0,1,11,1,1,smoke,0
639.036,4.507,89.229,32.806,0.082,1012.1,3.748,71.523,-17.12,1.672,15.48,-0.003,26.0,1,18,1,0,humidity,0
1473.888,5.536,29.325,26.266,0.012,1012.9,4.242,80.764,61.834,-1.78,0.686,-0.001,57.0,1,12,1,1,gas,0
598.561,9.299,43.501,25.487,0.514,1014.5,3.465,77.723,-5.467,1.098,2.779,0.223,43.0,1,8,1,1,smoke,0
568.877,11.756,86.399,28.55,0.007,1013.1,5.032,70.129,9.015,-0.237,13.926,0.004,54.0,1,7,1,1,humidity,0
1723.251,42.087,24.072,50.819,0.528,1014.6,4.186,74.092,433.04,9.997,0.14,0.152,82.0,4,20,1,0,smoke,1
1308.484,8.949,40.125,25.579,0.007,1016.0,5.291,74.773,199.241,-2.591,1.75,-0.001,23.0,1,11,1,0,gas,1
1323.331,19.198,40.437,27.002,0.018,1012.3,1.167,67.367,344.374,-1.726,2.082,-0.001,1.0,1,11,0,0,gas,0
1262.464,16.517,38.905,24.375,0.02,1009.3,0.439,61.108,189.583,-1.655,1.49,-0.007,18.0,1,0,0,0,gas,0
572.501,4.71,99.748,30.834,0.236,1014.3,4.928,73.846,-18.699,1.989,22.61,-0.006,146.0,1,12,1,0,humidity,0
679.661,4.989,88.744,33.408,0.152,1014.4,3.341,71.606,1.226,4.157,36.036,-0.004,63.0,1,19,1,0,humidity,0
482.259,1.924,50.048,23.891,0.403,1013.0,0.283,54.803,-16.373,3.741,-1.607,0.187,14.0,1,0,0,1,smoke,0
0.0,2.134,42.065,19.204,0.014,1018.0,1.212,50.739,351.63,-0.093,-0.114,-0.003,23.0,1,1,0,0,gas,0
0.0,2.846,45.445,25.225,0.011,1013.6,2.166,56.481,573.698,0.14,1.084,0.001,6.0,1,0,0,0,gas,0
853.989,6.598,44.601,24.661,0.013,1010.9,1.968,54.553,159.945,-1.438,1.534,0.001,26.0,1,10,0,0,gas,0
1281.713,17.804,45.572,22.085,0.031,1014.0,0.655,58.05,364.007,-2.628,-2.408,-0.001,11.0,1,21,0,0,gas,0
669.616,19.697,43.778,23.404,0.204,1008.9,4.553,73.081,-22.526,3.292,2.737,0.034,22.0,1,21,1,1,smoke,0
2391.699,2.247,46.324,22.073,0.013,1009.1,1.258,51.4,411.995,-0.069,-0.592,-0.003,26.0,1,4,0,0,gas,0
2212.963,31.14,37.312,21.917,0.019,1003.0,1.198,62.897,69.371,-0.908,1.638,0.004,236.0,3,0,0,0,gas,1
636.099,3.229,87.762,25.712,0.157,1015.8,2.043,55.945,19.329,2.255,17.259,0.003,341.0,1,5,0,0,humidity,0
692.397,1.899,87.531,31.247,0.303,1014.6,5.059,73.877,0.095,3.741,23.51,0.01,217.0,2,17,1,0,humidity,0
409.219,14.478,31.044,25.083,0.573,1013.2,0.659,50.345,0.374,3.076,-0.038,0.068,11.0,1,0,0,1,smoke,0
594.109,16.485,71.543,24.898,0.035,1007.3,4.976,74.861,-9.634,-0.938,18.378,-0.001,117.0,1,20,1,1,humidity,0
0.0,2.187,55.783,27.885,0.021,1012.2,2.763,81.132,-414.638,-0.113,1.35,0.006,77.0,2,6,1,0,gas,0
659.189,11.14,74.239,26.411,0.019,1010.3,6.138,79.233,-12.5,0.391,13.01,0.003,48.0,1,19,1,1,humidity,0
515.104,1.184,32.212,32.557,0.018,1010.4,9.79,78.729,39.229,6.36,-0.392,-0.0,159.0,2,2,0,0,temperature,1
474.137,1.474,82.568,34.283,0.29,1012.1,1.641,53.923,-33.642,3.034,28.499,0.011,333.0,1,21,0,1,humidity,0
2621.033,26.002,42.953,21.699,0.025,1010.5,0.993,50.457,360.397,-0.235,-1.823,0.004,93.0,3,12,0,0,gas,1
637.258,11.397,79.028,24.654,0.014,1011.5,3.799,76.011,24.023,0.555,7.634,-0.002,143.0,1,6,1,1,humidity,0
2079.377,13.801,44.315,26.586,0.016,1006.3,3.624,73.808,427.329,-0.245,0.968,-0.001,115.0,3,20,1,0,gas,1
628.581,2.88,90.76,27.796,0.253,1014.5,4.228,70.495,-33.083,2.707,12.501,-0.008,157.0,1,19,1,0,humidity,0
646.769,4.283,87.18,28.325,0.316,1013.1,4.181,74.244,-15.404,6.763,26.704,-0.002,29.0,1,14,1,0,humidity,0
574.195,8.989,27.734,21.755,0.252,1016.3,1.079,58.674,3.487,0.657,0.776,0.12,7.0,1,20,0,1,smoke,0
2072.354,69.879,47.572,46.518,0.328,1013.4,3.371,78.575,485.327,3.809,-0.439,0.203,171.0,4,3,1,0,smoke,1
1768.184,1.652,41.974,24.542,0.006,1009.8,0.969,52.509,-12.724,-0.041,-0.351,-0.004,4.0,1,3,0,0,gas,0
1483.908,36.583,43.729,44.21,0.593,1012.9,4.239,73.066,271.68,7.969,0.81,0.314,55.0,3,2,1,0,smoke,1
1685.671,23.979,45.082,26.024,0.03,1008.5,0.118,52.484,465.823,-0.498,0.2,-0.005,230.0,2,0,0,0,gas,1
632.041,6.54,91.585,32.807,0.161,1013.9,3.506,76.79,-2.734,2.578,16.81,-0.008,255.0,1,18,1,0,humidity,0
1580.524,20.948,51.688,24.212,0.007,1011.9,2.389,70.477,208.84,-1.485,-1.24,-0.01,41.0,1,4,1,1,gas,0
681.294,10.729,81.023,21.928,0.03,1010.5,3.269,71.621,10.425,0.107,-0.787,-0.005,180.0,2,13,1,1,humidity,1
1042.863,11.679,46.998,29.642,0.027,1011.8,5.293,81.931,138.388,-0.081,0.844,-0.002,11.0,1,8,1,1,gas,0
499.329,13.359,80.188,21.958,0.018,1012.6,0.275,57.193,17.149,-0.277,13.965,-0.003,28.0,1,22,0,1,humidity,0
526.099,4.004,80.797,23.918,0.047,1009.9,1.228,55.776,3.06,0.056,5.0,-0.001,14.0,1,5,0,1,humidity,0
1479.161,21.389,44.579,28.145,0.039,1008.2,4.364,75.742,87.304,-0.052,0.024,-0.009,13.0,3,20,1,0,gas,1
494.184,3.922,51.905,46.075,0.026,1012.3,4.666,75.035,47.046,3.047,-1.245,0.003,185.0,1,13,0,0,temperature,1
578.221,3.916,90.712,29.503,0.196,1015.7,1.638,49.649,-16.899,-0.239,10.563,0.004,11.0,2,3,0,0,humidity,0
0.0,5.131,37.429,22.938,0.02,1012.0,3.902,69.489,-633.102,0.179,-0.788,0.004,13.0,1,9,1,0,gas,0
611.234,9.765,82.102,25.455,0.032,1013.2,4.2,75.291,-19.988,-0.792,13.3,-0.008,148.0,1,6,1,1,humidity,0
682.718,5.859,88.172,33.293,0.336,1013.1,4.093,80.858,-30.96,1.696,21.71,-0.002,235.0,1,13,1,0,humidity,0
483.566,4.458,88.554,26.452,0.188,1014.8,0.532,57.483,6.257,4.013,39.025,0.001,258.0,1,0,0,0,humidity,0
719.751,5.931,90.62,26.246,0.149,1010.5,5.569,71.753,-15.546,2.363,29.434,-0.0,30.0,1,10,1,0,humidity,0
1502.682,12.558,37.873,28.285,0.024,1015.1,3.159,77.505,381.8,-1.901,2.922,0.005,12.0,1,0,1,0,gas,0
634.523,11.468,37.33,21.465,0.343,1015.6,1.284,55.93,14.833,2.291,-0.399,-0.015,9.0,2,11,0,1,smoke,0
760.465,5.75,87.778,31.994,0.085,1008.9,4.793,84.634,29.696,1.569,18.217,0.005,179.0,1,14,1,0,humidity,0
699.138,27.243,55.601,26.105,0.161,1012.7,5.647,76.276,-25.211,2.904,0.612,0.157,6.0,1,10,1,1,smoke,0
0.0,5.192,38.069,30.821,0.026,1014.5,4.535,77.33,774.972,0.559,1.936,-0.005,4.0,1,9,1,0,gas,0
1480.039,18.208,32.927,36.9,0.481,1012.3,3.077,76.973,455.956,11.37,1.921,0.267,154.0,4,10,1,0,smoke,1
1848.574,34.136,20.194,51.484,0.724,1012.9,5.695,70.242,243.582,12.526,-1.351,0.255,145.0,2,8,1,0,smoke,1
591.161,6.793,46.92,24.305,0.363,1011.2,1.245,55.817,-14.955,1.027,-1.336,0.117,64.0,1,23,0,1,smoke,0
541.244,18.499,30.508,22.59,0.491,1015.1,0.822,57.055,-19.152,1.255,-3.955,0.074,19.0,1,21,0,1,smoke,0
1163.191,43.711,49.867,48.959,0.676,1016.8,0.606,50.166,136.245,5.785,-0.52,0.13,338.0,4,19,0,0,smoke,1
744.502,21.465,44.117,25.529,0.334,1009.8,3.53,75.542,-24.595,2.738,0.717,0.275,14.0,1,5,1,1,smoke,0
651.646,9.547,29.435,28.292,0.389,1015.4,4.086,78.971,12.113,3.501,-2.498,0.102,12.0,1,21,1,1,smoke,0
2353.143,3.798,43.435,23.873,0.027,1012.3,3.309,68.278,750.517,-0.759,0.802,0.009,33.0,1,12,1,0,gas,0
670.96,16.482,40.836,25.969,0.363,1017.6,5.773,70.09,-0.503,-0.158,-0.124,0.138,62.0,1,14,1,1,smoke,0
678.177,10.69,79.832,23.782,0.036,1010.3,5.014,74.871,-3.215,0.294,15.905,0.006,248.0,1,19,1,1,humidity,0
755.824,3.727,94.543,32.619,0.255,1012.9,5.136,77.619,33.325,3.542,22.334,0.004,38.0,2,7,1,0,humidity,0
543.512,4.417,85.024,26.679,0.176,1015.4,0.877,58.773,-9.839,3.869,19.005,-0.007,33.0,1,0,0,0,humidity,0
1082.194,18.444,34.82,26.375,0.009,1016.6,4.086,68.104,179.403,-1.957,1.99,0.002,11.0,1,19,1,0,gas,0
646.412,21.015,49.947,22.486,0.193,1007.2,6.02,74.183,20.486,0.675,-3.12,0.141,65.0,1,7,1,1,smoke,0
1357.417,16.553,50.464,28.558,0.014,1009.0,5.098,71.114,49.245,-1.425,-0.028,-0.002,61.0,1,19,1,0,gas,0
543.234,3.741,84.623,27.995,0.171,1011.2,1.352,54.533,17.03,2.047,26.826,0.0,80.0,1,2,0,1,humidity,0
1386.202,20.175,47.733,22.477,0.016,1013.8,0.551,60.778,452.699,-0.558,-4.366,0.009,22.0,1,22,0,0,gas,0
624.303,12.96,79.047,26.88,0.01,1011.9,4.136,77.777,2.443,-0.596,10.875,0.007,33.0,1,10,1,1,humidity,0
607.34,22.634,48.722,27.4,0.161,1012.3,4.505,76.663,-23.849,2.561,1.178,0.166,13.0,1,11,1,1,smoke,0
545.033,22.121,38.723,21.089,0.242,1016.6,1.625,50.912,-2.204,1.487,0.235,0.125,7.0,1,17,0,1,smoke,0
1493.899,13.933,40.022,25.253,0.019,1016.9,3.4,78.52,239.372,-1.922,1.452,-0.003,46.0,1,15,1,0,gas,0
717.474,5.087,93.34,32.963,0.188,1008.2,4.609,80.48,-14.528,-0.586,20.852,0.006,59.0,1,9,1,1,humidity,0
1820.495,14.655,49.266,26.233,0.021,1003.8,0.075,59.933,311.978,-0.366,-0.875,-0.001,246.0,2,4,0,0,gas,1
603.834,11.228,43.718,23.669,0.413,1020.4,4.447,68.74,-10.303,4.035,0.748,0.211,20.0,1,14,1,1,smoke,0
603.207,4.978,81.236,32.562,0.171,1014.5,4.308,77.464,26.748,2.853,8.887,-0.002,44.0,1,13,1,0,humidity,0
1458.63,20.136,38.921,23.16,0.011,1004.6,0.888,46.732,49.17,0.018,0.244,0.006,119.0,3,2,0,0,gas,1
1518.534,26.503,30.117,57.979,0.444,1012.9,0.718,50.326,399.928,10.039,-0.249,0.294,94.0,3,0,0,0,smoke,1
759.819,20.521,41.378,22.426,0.58,1003.2,3.107,79.401,-18.667,2.368,0.746,0.115,46.0,1,14,1,1,smoke,0
1259.984,15.704,40.257,27.205,0.026,1013.3,4.27,76.731,325.012,-0.793,-0.025,-0.005,37.0,1,2,1,0,gas,0
1722.43,26.299,35.012,42.258,0.432,1011.6,0.695,52.005,222.88,5.305,-2.162,0.048,852.0,2,18,0,0,smoke,1
692.246,15.506,43.36,25.266,0.572,1017.7,3.037,72.794,43.422,3.097,1.802,0.074,45.0,1,20,1,1,smoke,0
651.554,12.495,80.093,25.519,0.015,1013.2,3.101,72.218,-11.416,-0.147,6.713,0.007,152.0,1,16,1,1,humidity,0
2272.395,5.2,49.73,25.441,0.017,1012.4,3.694,71.987,-1003.594,0.568,1.141,-0.005,44.0,1,9,1,0,gas,0
598.851,12.049,51.934,25.287,0.295,1011.2,3.072,80.812,11.771,4.931,0.799,0.143,15.0,1,1,1,1,smoke,0
685.637,10.255,66.448,21.936,0.019,1016.1,4.45,71.71,9.52,0.563,8.508,0.008,46.0,1,7,1,1,humidity,0
541.213,7.702,83.407,21.438,0.015,1016.3,1.046,51.097,-14.17,0.45,10.738,-0.001,56.0,1,14,0,1,humidity,0
0.0,4.186,52.519,23.828,0.006,1010.7,2.936,76.985,705.191,-0.098,-0.431,-0.002,16.0,1,23,1,0,gas,0
1644.594,26.156,34.303,34.93,0.6,1011.3,0.341,53.578,128.357,7.317,0.276,0.223,23.0,4,0,0,0,smoke,1
703.077,12.267,78.598,25.073,0.019,1013.1,4.125,75.052,5.252,-0.055,22.884,0.003,153.0,1,17,1,1,humidity,0
670.939,6.863,73.625,30.306,0.277,1008.1,3.804,71.493,-4.044,3.042,24.426,0.006,108.0,1,12,1,0,humidity,0
659.388,6.745,29.087,55.635,0.012,1015.2,10.212,86.624,20.736,8.317,0.065,-0.005,123.0,1,18,1,0,temperature,1
679.705,28.315,40.66,28.454,0.282,1014.0,3.893,73.921,1.686,-0.004,1.926,0.072,47.0,1,17,1,1,smoke,0
675.433,10.858,49.513,22.644,0.402,1012.0,3.514,73.086,15.805,0.01,-2.275,0.14,28.0,1,15,1,1,smoke,0
683.88,4.817,90.089,34.521,0.208,1016.8,4.805,83.175,21.8,3.277,13.462,0.004,36.0,1,8,1,0,humidity,0
582.763,19.813,47.633,23.001,0.419,1011.1,1.828,59.414,18.3,3.577,0.67,0.111,87.0,1,15,0,1,smoke,0
654.747,13.773,54.097,26.828,0.364,1014.9,1.901,77.193,-0.429,3.295,0.768,0.13,28.0,1,14,1,1,smoke,0
1656.171,24.169,29.636,55.724,0.598,1016.3,2.274,50.482,50.873,8.035,0.239,0.26,118.0,4,5,0,0,smoke,1
561.903,12.012,74.202,25.827,0.014,1011.0,3.467,80.24,-48.517,0.251,-0.793,-0.005,34.0,1,14,1,1,humidity,0
500.415,23.079,54.582,22.459,0.366,1014.8,1.382,55.16,-21.936,1.77,-0.257,0.136,44.0,1,2,0,1,smoke,0
655.831,4.461,80.785,29.264,0.174,1010.7,3.229,67.583,53.727,0.048,16.247,-0.001,39.0,1,13,1,0,humidity,0
643.515,2.477,75.715,32.933,0.364,1009.0,4.13,73.647,-7.312,0.835,15.279,-0.006,424.0,1,15,1,0,humidity,0
459.869,2.946,86.766,32.48,0.194,1014.0,0.29,56.453,30.541,1.086,15.655,-0.002,150.0,1,4,0,0,humidity,0
608.347,10.131,38.538,28.027,0.374,1011.9,3.076,71.896,0.233,3.221,-1.274,0.069,14.0,1,14,1,1,smoke,0
892.45,0.713,29.658,24.111,0.0,1013.7,0.214,51.386,82.43,-0.663,-0.189,-0.002,8.0,1,13,0,0,gas,0
714.398,7.891,91.569,26.745,0.196,1016.0,3.999,67.309,4.134,3.776,16.151,0.0,25.0,1,10,1,0,humidity,0
665.295,11.121,74.956,26.15,0.016,1011.4,3.588,76.667,3.425,-0.366,16.899,0.001,100.0,1,8,1,1,humidity,0
584.757,2.906,60.601,51.519,0.029,1014.6,7.796,66.581,-25.199,14.177,-0.601,0.005,588.0,1,11,0,0,temperature,1
640.812,8.376,75.137,25.963,0.007,1009.2,3.888,78.601,-0.202,0.032,9.964,0.008,93.0,1,12,1,1,humidity,0
739.966,6.689,81.689,32.029,0.22,1008.0,3.043,76.276,11.335,2.101,24.168,0.005,72.0,1,20,1,0,humidity,0
1720.62,13.64,56.253,26.544,0.016,1009.0,4.681,74.714,152.696,0.622,-2.463,0.008,313.0,2,16,1,1,gas,1
1884.238,33.819,40.868,44.596,0.473,1014.2,2.571,70.227,519.518,2.088,2.629,0.108,114.0,4,11,1,0,smoke,1
560.037,3.833,89.343,30.462,0.184,1011.0,1.368,60.956,-13.943,3.013,15.148,0.007,15.0,2,3,0,0,humidity,0
634.498,11.447,83.912,24.976,0.027,1015.6,4.289,77.67,0.059,0.261,15.166,-0.002,48.0,1,17,1,1,humidity,0
1826.732,25.41,37.332,26.951,0.002,1010.2,1.325,54.312,269.793,0.534,2.784,0.004,81.0,3,23,0,0,gas,1
1072.96,19.246,43.56,25.049,0.02,1010.4,4.113,74.209,-8.183,-0.91,-0.93,0.006,18.0,1,18,1,0,gas,0
655.817,3.79,77.713,23.952,0.02,1018.3,7.008,80.811,2.014,0.757,8.904,0.008,196.0,1,14,1,1,humidity,0
2474.247,4.681,39.622,24.476,0.019,1015.8,3.907,77.219,1033.218,-0.036,0.097,-0.003,60.0,1,9,1,0,gas,0
1103.921,14.779,52.751,22.829,0.021,1013.9,1.204,44.035,229.805,-1.562,0.972,0.002,26.0,1,13,0,0,gas,0
670.273,7.346,44.712,28.552,0.45,1008.2,3.423,81.588,22.918,0.03,-5.07,0.143,36.0,1,2,1,1,smoke,0
1323.163,16.764,40.889,24.935,0.045,1010.8,3.399,75.025,208.711,-0.401,1.251,-0.007,31.0,1,9,1,0,gas,0
633.318,7.006,44.945,25.019,0.412,1009.3,2.282,54.001,19.245,2.745,-0.038,0.095,89.0,1,3,0,1,smoke,0
1804.877,23.91,33.978,49.209,0.653,1014.4,4.822,70.273,108.736,8.758,0.308,0.199,177.0,2,7,1,0,smoke,1
565.49,4.432,75.868,24.741,0.012,1010.4,0.226,57.256,-10.557,0.343,17.8,-0.008,15.0,2,2,0,1,humidity,0
546.714,7.531,44.351,51.015,0.026,1012.4,9.484,82.727,31.842,6.188,1.194,0.002,179.0,1,10,1,1,temperature,1
626.212,12.211,86.673,24.571,0.031,1015.0,2.839,76.665,-10.487,-0.122,8.225,0.004,44.0,1,10,1,1,humidity,0
744.038,8.935,41.277,30.103,0.389,1010.4,2.054,79.127,-17.051,2.469,-0.769,0.155,32.0,1,17,1,1,smoke,0
616.418,1.494,88.989,29.483,0.124,1018.2,2.704,56.574,8.812,4.096,18.644,0.006,157.0,1,1,0,0,humidity,0
590.57,10.607,75.045,25.558,0.009,1008.2,3.429,72.133,11.461,-0.025,18.229,-0.013,370.0,2,20,1,1,humidity,0
486.539,2.704,86.608,27.162,0.233,1012.7,0.033,53.967,-2.284,6.828,23.325,-0.001,138.0,1,12,0,1,humidity,0
578.88,4.631,95.736,30.891,0.14,1010.7,5.326,77.308,-5.733,0.903,18.334,0.005,127.0,2,17,1,0,humidity,0
1566.296,26.174,40.999,42.102,0.516,1014.6,5.171,70.429,372.809,2.942,2.597,0.064,154.0,3,13,1,0,smoke,1
2357.339,11.595,42.469,19.542,0.021,1005.6,0.462,57.281,305.054,-0.051,-0.617,-0.002,32.0,3,3,0,0,gas,1
638.013,16.203,33.887,26.056,0.362,1010.6,5.015,79.529,-15.148,2.53,-1.297,0.081,52.0,1,11,1,1,smoke,0
678.147,11.116,50.165,28.083,0.254,1013.4,4.559,71.044,-13.245,4.136,0.023,0.08,27.0,1,20,1,1,smoke,0
1382.023,7.976,29.039,26.599,0.008,1013.6,3.604,78.045,315.43,-1.392,0.636,0.006,34.0,1,9,1,1,gas,0
671.988,27.211,46.93,25.215,0.433,1016.9,4.861,76.935,-4.214,1.665,0.416,0.02,15.0,1,14,1,1,smoke,0
2349.37,28.161,31.134,23.392,0.033,1009.5,4.508,75.991,602.472,-0.186,-0.609,0.009,735.0,3,18,1,0,gas,1
699.935,4.969,92.888,30.339,0.252,1018.8,3.785,73.946,2.513,1.689,16.822,0.001,234.0,1,13,1,0,humidity,0
567.131,4.217,46.368,61.554,0.013,1009.0,9.354,87.19,-20.526,7.544,-0.057,-0.011,271.0,1,21,1,0,temperature,1
1486.07,29.922,57.847,26.651,0.033,1017.1,2.234,68.7,128.271,-0.806,-1.729,-0.001,26.0,1,9,1,0,gas,0
1383.038,21.458,51.315,26.96,0.006,1012.0,4.707,78.774,341.739,-1.281,-0.547,0.004,25.0,1,13,1,0,gas,0
664.276,10.205,68.895,26.466,0.031,1013.6,4.896,71.258,-0.155,0.106,7.944,0.003,32.0,1,18,1,1,humidity,0
577.183,19.973,44.037,22.513,0.273,1009.9,1.734,53.953,-10.97,1.739,-2.089,0.127,10.0,1,23,0,1,smoke,0
1084.879,3.481,43.896,24.876,0.019,1011.8,3.371,75.325,239.783,-1.402,1.193,-0.007,57.0,1,2,1,0,gas,0
755.787,6.811,82.621,36.502,0.125,1015.2,3.208,73.032,-4.33,2.111,16.736,-0.001,78.0,1,18,1,0,humidity,0
514.494,28.731,52.616,23.71,0.311,1011.2,0.093,54.084,-23.62,2.713,-0.115,0.137,37.0,1,11,0,1,smoke,0
503.94,4.71,77.765,26.993,0.022,1011.9,1.126,50.985,7.48,-0.109,8.158,-0.001,262.0,1,20,0,1,humidity,0
695.467,11.723,80.166,25.784,0.019,1010.8,3.795,78.547,-17.284,-0.75,11.676,-0.002,234.0,2,13,1,1,humidity,0
1549.405,48.273,29.145,50.334,0.58,1016.8,1.473,60.882,62.299,7.866,-1.106,0.054,21.0,4,3,0,0,smoke,1
795.249,19.099,49.45,22.722,0.396,1011.0,3.693,70.128,28.103,0.499,-0.006,0.054,9.0,2,17,1,1,smoke,0
498.128,3.049,92.909,33.919,0.305,1011.1,1.246,55.913,2.473,2.734,14.044,0.001,129.0,2,8,0,0,humidity,0
673.078,6.92,91.885,26.735,0.141,1011.8,4.936,72.503,-14.305,2.644,15.878,0.006,112.0,1,8,1,0,humidity,0
1060.971,35.343,32.068,52.546,0.341,1011.7,1.415,55.168,360.991,6.699,2.541,0.248,149.0,3,0,0,0,smoke,1
576.041,5.949,47.187,43.1,0.029,1010.8,9.117,77.252,-29.445,4.975,-1.861,0.004,132.0,2,4,0,0,temperature,1
626.539,4.838,35.523,48.729,0.018,1009.7,11.448,81.924,22.862,6.213,-0.31,-0.003,43.0,1,19,1,0,temperature,1
1472.252,9.337,37.269,25.945,0.024,1012.6,4.739,71.844,358.491,-1.344,0.443,-0.002,75.0,1,13,1,0,gas,0
647.693,11.186,61.296,25.364,0.364,1016.9,3.041,78.535,-44.851,-1.608,0.03,0.026,15.0,2,22,1,1,smoke,0
652.238,25.14,26.602,25.549,0.176,1012.1,4.204,74.739,0.43,5.012,-0.846,0.13,24.0,1,18,1,1,smoke,0
1287.731,22.109,44.654,28.847,0.036,1011.1,4.766,85.647,215.07,-3.064,1.902,0.004,18.0,1,23,1,0,gas,0
662.311,9.512,87.064,24.106,0.014,1011.8,3.985,69.804,-11.375,0.13,13.869,-0.004,169.0,1,11,1,1,humidity,0
739.275,10.578,69.945,26.009,0.018,1015.3,4.54,81.376,-41.317,0.179,12.528,-0.004,120.0,1,4,1,1,humidity,0
1433.909,17.87,46.608,27.632,0.009,1014.4,2.961,73.904,316.477,-0.162,-0.351,0.0,10.0,1,11,1,1,gas,0
623.98,6.534,80.834,24.831,0.011,1011.9,2.973,74.752,5.073,0.087,18.596,-0.005,113.0,1,19,1,1,humidity,0
1821.847,4.534,52.237,24.864,0.01,1008.6,4.946,68.615,392.446,-0.261,0.802,-0.005,20.0,1,8,1,0,gas,1
2408.839,3.723,34.845,24.897,0.01,1016.8,2.916,74.663,909.839,0.696,0.615,-0.004,24.0,1,9,1,0,gas,0
1024.963,9.625,36.5,22.87,0.032,1010.7,0.097,53.334,194.947,-1.761,4.791,-0.012,19.0,1,5,0,0,gas,0
1723.7,44.477,39.915,38.227,0.276,1011.6,4.943,73.676,280.581,10.713,-0.006,0.074,53.0,4,10,1,0,smoke,1
744.1,8.006,83.746,27.909,0.017,1014.9,4.25,77.433,11.401,-0.31,6.617,-0.006,103.0,1,9,1,1,humidity,0
586.707,2.815,91.505,27.333,0.256,1015.2,0.394,59.726,-4.175,1.936,17.278,-0.003,1800.0,1,6,0,0,humidity,0
593.626,22.91,51.216,19.669,0.479,1008.5,4.564,77.463,-10.218,1.139,-0.052,0.09,51.0,1,14,1,1,smoke,0
602.103,2.956,97.771,29.365,0.214,1013.0,5.006,77.461,8.803,1.411,18.697,0.002,144.0,1,12,1,0,humidity,0
641.781,9.381,38.784,26.966,0.402,1008.0,3.696,75.772,16.268,4.027,-1.105,0.069,18.0,1,23,1,1,smoke,0
740.53,5.317,53.417,51.176,0.003,1014.2,10.693,93.794,9.435,6.482,1.865,-0.008,114.0,1,9,1,0,temperature,1
1656.558,2.752,52.436,23.984,0.021,1010.8,1.006,43.581,-420.445,0.379,-1.359,0.007,98.0,1,2,0,0,gas,0
1241.041,9.848,53.591,25.344,0.019,1007.5,4.691,76.928,278.068,-1.703,1.759,-0.001,69.0,1,18,1,1,gas,0
479.031,14.667,49.915,23.568,0.249,1015.9,1.463,54.887,5.585,2.807,-0.245,0.033,45.0,1,19,0,1,smoke,0
649.91,5.103,93.681,33.604,0.327,1013.4,3.349,71.902,-14.984,4.157,24.541,-0.005,114.0,1,6,1,0,humidity,0
1846.097,2.699,51.381,22.398,0.023,1011.0,1.016,52.884,-611.672,0.421,-0.134,-0.008,15.0,1,5,0,0,gas,0
1050.831,14.189,51.511,27.316,0.017,1011.2,4.537,73.347,212.958,-0.859,1.781,-0.004,24.0,1,11,1,0,gas,0
686.311,16.961,46.936,24.742,0.208,1012.7,2.305,70.892,36.063,0.14,-1.828,0.102,7.0,1,12,1,1,smoke,0
642.516,5.382,88.283,26.993,0.187,1018.9,3.568,76.203,28.943,4.226,16.683,0.005,44.0,1,9,1,0,humidity,0
684.62,6.517,95.397,32.814,0.081,1012.4,4.264,65.172,-3.097,2.569,10.976,0.008,63.0,1,9,1,0,humidity,0
692.008,5.1,86.303,33.039,0.204,1012.6,4.947,73.602,-6.151,2.344,22.785,-0.003,36.0,1,7,1,0,humidity,0
616.452,7.895,82.359,28.216,0.322,1015.5,3.769,76.664,17.651,3.188,6.177,0.006,85.0,1,12,1,0,humidity,0
672.008,4.68,84.038,32.839,0.12,1009.2,3.632,77.6,-7.487,1.728,19.36,-0.002,82.0,1,10,1,0,humidity,0
744.275,17.545,44.381,22.945,0.015,1010.2,0.441,59.886,399.9,-1.276,-1.221,-0.002,10.0,1,2,0,0,gas,0
754.757,3.577,89.448,32.163,0.236,1011.3,3.207,75.954,15.508,1.921,23.291,-0.003,102.0,1,6,1,1,humidity,0
1204.745,12.4,46.848,22.909,0.033,1015.7,4.547,72.85,194.704,-2.337,-2.858,0.001,29.0,1,10,1,1,gas,0
709.887,7.957,76.475,24.372,0.0,1010.3,4.108,75.385,-11.58,-0.142,15.795,0.007,217.0,2,16,1,1,humidity,0
0.0,2.673,38.993,26.296,0.025,1015.5,5.715,73.282,-791.799,0.062,1.726,0.001,8.0,1,21,1,0,gas,0
660.97,13.435,74.791,28.269,0.02,1007.0,4.34,72.153,-24.462,0.039,18.363,-0.003,55.0,1,17,1,1,humidity,0
2489.418,35.071,40.667,21.539,0.04,1014.1,1.444,56.87,491.044,0.45,2.469,-0.001,141.0,2,23,0,1,gas,1
1776.751,19.679,40.983,35.836,0.538,1017.3,2.262,75.839,272.144,7.125,0.726,0.258,157.0,3,18,1,0,smoke,1
1940.238,29.442,41.208,27.803,0.56,1013.4,2.199,56.648,214.546,8.534,0.352,0.101,260.0,4,12,0,0,smoke,1
1268.246,17.139,37.154,27.073,0.016,1010.9,0.36,51.445,437.9,-1.186,-1.402,-0.006,127.0,1,1,0,0,gas,0
0.0,1.055,36.69,20.859,0.022,1015.9,0.618,61.77,-595.967,0.499,-0.228,0.006,15.0,1,16,0,1,gas,0
2371.237,24.276,38.75,26.537,0.02,1009.4,3.758,79.81,184.999,0.398,1.03,0.001,83.0,3,15,1,0,gas,0
652.538,10.209,89.386,25.123,0.017,1016.1,1.879,78.341,15.963,-0.739,2.384,0.002,63.0,2,14,1,1,humidity,0
565.41,7.692,87.204,27.378,0.035,1010.8,1.975,54.227,-1.911,0.721,2.261,-0.006,130.0,1,10,0,1,humidity,0
3114.576,3.95,39.925,27.571,0.032,1012.5,4.687,69.486,509.571,-0.159,-1.476,0.003,25.0,1,17,1,1,gas,0
568.691,3.668,81.677,26.013,0.199,1017.7,4.129,77.705,35.876,3.25,14.104,-0.005,98.0,1,5,1,0,humidity,0
781.148,11.061,40.457,28.869,0.42,1013.5,3.189,71.64,-49.353,3.981,-0.43,0.015,48.0,1,17,1,1,smoke,0
2132.644,21.168,50.571,24.187,0.028,1011.3,4.137,84.158,56.887,0.462,-0.608,-0.006,379.0,3,4,1,0,gas,1
1333.996,9.727,46.472,26.137,0.03,1015.8,1.238,57.505,277.993,-2.508,-0.006,0.003,6.0,1,14,0,0,gas,0
748.941,7.427,89.912,30.824,0.124,1011.2,4.921,77.219,20.791,3.681,24.135,0.001,172.0,2,21,1,0,humidity,0
2740.04,5.942,46.106,24.549,0.029,1014.1,3.566,71.438,-682.382,-0.666,-0.274,0.0,40.0,1,14,1,0,gas,0
738.412,17.826,29.825,27.599,0.303,1011.0,4.673,74.837,11.8,0.961,2.337,0.094,45.0,1,11,1,1,smoke,0
619.897,2.126,45.598,40.028,0.009,1010.4,4.97,66.446,3.504,9.403,0.181,0.009,343.0,2,20,0,0,temperature,1
687.684,13.1,50.683,27.561,0.52,1012.4,2.703,78.725,44.336,1.328,-0.719,0.157,4.0,1,4,1,1,smoke,0
0.0,5.771,61.434,21.72,0.017,1012.4,0.463,52.645,996.274,-0.06,-1.569,0.001,70.0,1,23,0,0,gas,0
815.625,14.476,55.931,20.65,0.011,1017.7,1.126,50.592,151.376,-0.326,-1.267,-0.004,117.0,1,4,0,1,gas,0
1940.292,36.115,42.447,26.051,0.015,1005.6,4.45,78.068,432.361,0.011,-0.029,0.007,112.0,3,15,1,0,gas,1
985.282,11.61,46.769,26.453,0.0,1011.7,2.72,76.621,69.681,-1.078,0.665,-0.005,45.0,1,12,1,0,gas,0
0.0,1.899,43.983,23.746,0.014,1016.0,1.399,57.123,-1135.165,-0.095,0.522,0.01,62.0,1,1,0,0,gas,0
794.618,12.253,31.639,28.27,0.419,1011.9,5.031,75.155,-12.29,0.945,-0.964,0.073,16.0,1,13,1,1,smoke,0
716.28,21.818,55.179,26.937,0.387,1007.7,4.304,72.655,2.714,0.878,1.092,0.218,86.0,1,12,1,1,smoke,0
750.395,35.025,32.735,31.279,0.471,1010.5,0.928,44.914,484.751,2.029,1.126,0.134,217.0,2,6,0,0,smoke,1
604.588,7.008,78.388,21.974,0.034,1010.1,0.488,52.711,-1.678,-0.201,5.929,0.006,82.0,1,5,0,1,humidity,0
0.0,4.063,46.474,20.894,0.026,1012.2,1.107,58.275,468.175,-0.06,-1.102,-0.004,7.0,1,5,0,1,gas,0
683.293,7.628,82.4,30.756,0.191,1008.5,4.782,74.134,19.307,-0.06,19.145,0.003,164.0,1,8,1,0,humidity,0
623.54,4.438,89.887,25.933,0.236,1014.7,0.574,51.688,-3.74,0.858,16.774,-0.007,32.0,1,22,0,1,humidity,0
778.124,15.662,48.748,25.015,0.409,1011.1,2.944,71.769,8.215,0.41,-0.471,0.144,133.0,1,12,1,1,smoke,0
720.046,6.071,82.952,23.509,0.018,1018.2,4.061,79.831,-1.986,-0.425,8.099,0.002,56.0,1,23,1,1,humidity,0
488.648,19.97,48.706,18.571,0.45,1016.3,2.28,56.844,12.937,2.461,0.573,0.216,48.0,1,1,0,1,smoke,0
1187.357,11.062,53.303,24.049,0.035,1011.0,3.514,76.728,83.859,-1.624,-1.942,0.004,20.0,1,9,1,0,gas,0
502.507,2.295,84.55,27.589,0.157,1011.8,1.733,62.207,-14.32,3.167,8.243,-0.005,255.0,1,3,0,0,humidity,0
631.161,9.63,30.054,28.537,0.338,1015.8,4.327,85.683,44.125,3.476,-1.684,0.087,57.0,1,14,1,1,smoke,0
985.875,1.151,39.522,18.593,0.012,1014.7,0.096,62.574,121.355,-1.055,0.292,0.006,25.0,1,1,0,0,gas,0
0.0,2.734,34.826,23.173,0.026,1006.7,0.132,54.662,204.471,-0.07,-1.109,-0.001,10.0,1,1,0,1,gas,0
455.467,16.868,57.143,23.361,0.424,1009.5,0.498,54.935,44.425,-1.133,-1.726,0.127,71.0,1,2,0,1,smoke,0
1715.647,5.679,39.815,25.474,0.017,1013.3,3.654,71.813,-580.047,-0.288,0.951,-0.005,35.0,1,12,1,0,gas,0
567.259,9.896,38.728,28.338,0.379,1013.2,3.837,78.871,5.722,2.854,0.835,0.042,118.0,1,21,1,1,smoke,0
2044.886,6.46,48.315,24.625,0.01,1006.2,4.936,76.895,-543.03,0.155,0.592,0.001,20.0,1,14,1,0,gas,0
1484.697,11.949,53.072,21.375,0.009,1012.5,1.155,57.168,19.71,-0.81,-2.204,0.003,9.0,1,1,0,0,gas,0
1375.081,24.469,36.381,24.851,0.026,1017.3,3.174,78.112,408.316,-1.433,0.937,0.002,74.0,1,18,1,1,gas,0
0.0,1.799,43.482,20.912,0.03,1014.5,0.183,67.769,379.438,-0.545,0.325,-0.001,41.0,1,9,0,0,gas,0
1913.264,27.467,37.345,37.202,0.605,1010.7,1.314,53.946,171.029,-2.247,-2.287,0.162,68.0,4,22,0,0,smoke,1
1340.237,5.423,48.249,24.094,0.012,1009.4,0.075,57.311,421.358,-0.612,-1.406,-0.005,13.0,1,13,0,1,gas,0
1101.753,21.671,56.541,26.061,0.034,1010.8,4.304,84.713,391.024,-1.433,0.073,-0.004,43.0,2,9,1,0,gas,0
1040.34,3.368,37.906,23.085,0.02,1013.1,0.904,60.332,382.201,-0.885,-1.59,-0.0,3.0,1,2,0,0,gas,0
632.722,9.311,51.281,23.752,0.615,1007.9,2.861,74.404,18.057,3.525,0.105,0.17,47.0,1,16,1,1,smoke,0
602.188,5.555,77.084,20.232,0.019,1016.5,0.48,53.812,-11.658,0.606,15.974,0.002,81.0,1,23,0,1,humidity,0
1482.663,36.751,54.016,27.607,0.007,1007.4,4.434,69.718,171.739,0.208,-2.57,0.005,55.0,3,18,1,0,gas,1
600.172,10.185,76.354,27.558,0.014,1012.1,2.154,72.754,8.297,-0.459,7.16,-0.002,88.0,1,21,1,1,humidity,0
1381.297,28.571,36.953,56.607,0.359,1015.5,4.553,79.305,513.143,0.66,-0.831,0.142,86.0,3,10,1,0,smoke,1
2470.921,5.854,54.114,26.878,0.03,1006.7,2.948,79.116,685.872,-0.151,-1.292,-0.001,28.0,1,16,1,0,gas,0
1269.348,16.364,63.913,24.46,0.026,1015.8,1.272,58.58,228.78,-1.731,-0.474,-0.0,12.0,2,5,0,0,gas,0
1038.287,10.078,52.055,23.839,0.013,1014.0,0.614,56.215,230.646,-1.862,-0.02,-0.004,11.0,1,3,0,0,gas,0
634.342,6.061,82.254,33.165,0.168,1016.1,4.094,71.622,-30.385,6.602,24.541,0.0,56.0,1,21,1,0,humidity,0
483.854,2.443,85.588,21.866,0.028,1015.8,0.349,57.339,-38.283,0.25,12.087,0.001,108.0,1,20,0,1,humidity,0
1159.854,17.294,45.629,27.399,0.038,1010.0,3.819,71.602,139.378,-2.306,1.533,0.001,7.0,1,8,1,0,gas,0
631.578,14.532,52.147,28.432,0.363,1006.3,4.489,77.768,9.523,1.112,-3.381,0.158,463.0,1,6,1,1,smoke,0
934.925,3.117,42.919,23.484,0.007,1006.5,3.536,81.889,500.458,-0.182,-0.238,0.002,14.0,1,8,1,1,gas,0
3013.588,7.057,41.306,22.87,0.013,1008.3,3.332,78.342,-309.021,-0.732,0.833,0.001,10.0,1,16,1,0,gas,0
547.792,5.545,88.945,25.333,0.335,1014.7,1.966,54.599,-9.116,4.789,21.573,0.001,29.0,1,23,0,0,humidity,0
1488.122,17.925,49.325,26.332,0.024,1009.0,5.312,75.147,288.404,-1.353,0.541,-0.005,25.0,1,22,1,0,gas,0
1661.66,24.795,19.222,51.033,0.294,1012.8,3.846,76.676,425.545,10.231,0.305,0.191,41.0,2,13,1,0,smoke,1
595.562,7.868,80.578,29.57,0.005,1014.1,4.037,76.431,-41.462,-0.317,15.402,0.005,103.0,1,7,1,1,humidity,0
613.273,13.145,82.178,24.877,0.023,1015.1,4.843,75.391,17.246,-0.396,21.795,-0.002,77.0,1,11,1,1,humidity,0
2220.067,5.007,46.089,25.658,0.041,1014.7,4.86,77.422,270.186,0.001,0.468,-0.002,57.0,2,6,1,0,gas,0
664.704,15.806,60.127,28.699,0.35,1015.1,4.783,82.679,10.93,1.825,-0.578,0.117,14.0,1,15,1,1,smoke,0
705.552,8.991,50.006,26.587,0.466,1012.0,4.907,75.559,-13.393,0.228,0.405,0.153,256.0,1,6,1,1,smoke,0
502.625,6.103,96.529,20.688,0.002,1013.2,1.395,55.021,8.095,-0.27,0.584,-0.005,65.0,2,4,0,1,humidity,0
579.066,4.676,87.637,36.951,0.232,1014.8,3.696,77.94,51.565,0.857,18.101,0.0,28.0,1,12,1,0,humidity,0
620.363,4.598,93.686,33.634,0.12,1014.3,5.1,72.819,6.894,4.06,19.14,0.005,63.0,1,13,1,0,humidity,0
657.704,17.027,54.947,25.171,0.339,1016.0,4.234,73.651,33.128,1.876,1.598,0.15,56.0,2,19,1,1,smoke,0
1670.619,33.315,44.519,22.681,0.034,1005.5,0.862,55.013,226.511,0.119,0.864,0.003,85.0,2,3,0,0,gas,1
1043.395,13.338,51.203,23.958,0.024,1012.8,1.431,54.582,427.448,-1.476,1.252,0.004,52.0,1,19,0,0,gas,0
1272.314,10.813,42.331,26.237,0.023,1013.4,4.036,76.532,186.143,-1.645,-3.878,0.002,31.0,2,7,1,0,gas,0
2504.059,2.016,60.232,26.4,0.029,1011.8,1.306,61.53,-269.973,-0.224,-1.208,0.004,15.0,1,1,0,0,gas,0
1231.035,5.596,44.309,22.5,0.008,1017.6,1.096,50.849,349.474,-2.096,-0.589,-0.008,54.0,2,5,0,0,gas,0
985.387,7.076,40.186,27.86,0.011,1016.9,1.245,51.939,95.205,-0.691,1.093,-0.002,6.0,1,9,0,1,gas,1
718.831,5.196,83.135,35.177,0.133,1011.8,2.598,73.741,1.362,2.207,16.127,-0.002,69.0,1,6,1,0,humidity,0
620.969,-2.165,35.689,17.411,0.519,1009.0,2.525,59.838,17.66,4.007,1.077,0.207,4.0,1,21,0,1,smoke,0
763.96,4.344,85.805,31.586,0.107,1011.0,4.967,74.173,9.751,0.274,25.054,-0.004,219.0,1,20,1,0,humidity,0
669.136,4.055,84.683,34.323,0.187,1012.7,5.534,69.102,-33.893,1.354,17.997,0.005,28.0,1,8,1,1,humidity,0
723.106,4.045,82.412,28.755,0.168,1012.8,4.814,75.355,24.401,2.951,30.224,-0.006,42.0,1,11,1,0,humidity,0
553.507,20.874,42.685,24.433,0.287,1021.4,0.227,53.671,19.313,-0.493,0.429,0.09,17.0,1,4,0,1,smoke,0
1387.715,53.685,33.904,37.176,0.317,1013.5,3.093,73.503,533.012,9.397,0.353,0.106,39.0,4,13,1,0,smoke,1
1589.828,-0.14,36.102,27.174,0.009,1014.8,5.353,68.456,374.175,-1.533,1.266,-0.005,25.0,2,17,1,0,gas,0
1209.472,19.443,46.571,23.999,0.021,1012.5,3.666,72.778,42.811,-1.336,-2.987,0.001,135.0,1,19,1,0,gas,0
1501.237,18.009,44.736,24.409,0.035,1009.8,4.504,72.009,567.973,-1.062,2.819,-0.006,56.0,1,18,1,0,gas,0
2405.623,5.232,32.307,24.567,0.03,1013.5,3.353,75.311,305.734,-0.115,-0.411,0.002,8.0,1,3,1,0,gas,0
763.059,12.589,80.944,25.193,0.028,1010.0,1.214,62.791,23.535,-0.694,17.772,0.003,53.0,1,6,1,1,humidity,0
1778.1,55.186,47.758,54.292,0.449,1016.5,2.801,76.158,534.18,10.541,2.0,0.072,88.0,3,11,1,0,smoke,1
1029.633,7.854,57.741,22.224,0.023,1014.0,1.304,53.36,320.639,-0.826,-1.829,0.005,24.0,2,12,0,0,gas,0
635.55,8.826,43.412,22.94,0.278,1012.6,1.563,58.14,8.432,1.36,0.902,0.074,25.0,1,16,0,1,smoke,0
609.853,7.873,98.631,21.886,0.011,1012.2,1.938,47.655,-38.995,0.24,14.197,-0.008,76.0,1,2,0,1,humidity,0
1805.831,28.617,61.961,23.624,0.018,1006.0,3.344,82.214,379.599,-0.462,-2.693,-0.002,76.0,2,6,1,1,gas,1
590.722,16.429,46.221,26.463,0.367,1010.6,3.289,71.276,13.037,1.274,-0.067,0.172,26.0,1,10,1,1,smoke,0
600.27,5.355,89.549,36.795,0.176,1012.9,5.217,70.115,-10.876,3.718,22.355,0.002,35.0,1,14,1,0,humidity,0
533.313,9.399,46.469,27.788,0.325,1006.1,0.679,60.41,-5.304,-0.136,0.514,0.164,7.0,1,20,0,1,smoke,0
508.948,2.642,91.016,28.492,0.156,1018.6,0.01,57.106,5.343,3.365,20.908,-0.003,153.0,1,4,0,0,humidity,0
569.311,21.307,33.787,22.852,0.356,1013.9,3.705,74.171,6.331,3.283,-0.879,0.008,72.0,1,21,1,1,smoke,0
667.127,9.364,85.081,26.022,0.028,1013.7,2.92,78.077,-18.758,0.662,8.184,-0.003,88.0,1,19,1,1,humidity,0
0.0,4.887,44.604,25.445,0.006,1014.4,3.245,68.708,344.319,-0.205,-0.939,-0.004,12.0,1,7,1,0,gas,1
624.849,17.504,46.72,24.476,0.343,1017.2,3.782,69.652,16.225,0.641,0.186,0.063,33.0,1,0,1,1,smoke,0
0.0,4.618,45.69,26.059,0.025,1016.9,5.131,75.787,557.28,-0.304,-2.263,0.002,44.0,1,16,1,0,gas,0
509.444,18.412,37.285,24.794,0.371,1011.1,0.703,58.497,-19.703,1.833,-1.22,0.042,20.0,2,19,0,1,smoke,0
1169.302,14.082,51.433,25.109,0.014,1016.1,4.317,74.534,95.627,-2.25,0.198,0.013,39.0,1,21,1,0,gas,0
2241.92,31.412,40.394,24.248,0.016,1003.5,0.107,53.605,179.731,0.232,-0.062,0.0,149.0,2,23,0,0,gas,1
721.166,4.807,87.419,32.601,0.141,1012.4,5.813,78.613,15.228,1.493,21.304,-0.013,26.0,1,21,1,0,humidity,0
666.891,10.94,94.071,25.946,0.007,1009.0,4.513,75.91,12.086,0.541,4.062,-0.003,38.0,1,10,1,1,humidity,0
580.577,22.083,53.851,25.418,0.438,1015.9,0.801,59.014,4.515,3.314,-0.477,0.06,14.0,1,23,0,1,smoke,0
895.979,15.223,54.005,26.687,0.023,1009.4,4.071,69.936,283.47,-1.694,-2.823,-0.001,39.0,1,15,1,0,gas,0
568.858,11.527,47.02,25.787,0.25,1014.3,5.136,78.879,-5.827,2.504,-1.271,0.186,9.0,1,12,1,1,smoke,0
1237.348,19.548,49.17,27.965,0.014,1012.0,3.797,69.663,266.707,-2.251,2.724,-0.003,46.0,1,7,1,0,gas,0
1187.087,8.843,48.757,28.158,0.02,1014.8,3.704,75.557,327.997,-1.072,-1.772,-0.013,13.0,1,9,1,0,gas,0
704.837,5.396,74.612,34.901,0.246,1008.3,3.759,78.645,15.896,2.128,10.339,0.001,51.0,1,7,1,0,humidity,0
1225.133,26.744,39.433,54.679,0.779,1009.8,0.579,63.44,330.231,7.45,1.634,0.188,122.0,4,23,0,0,smoke,1
1255.101,21.155,46.078,24.626,0.026,1011.6,5.58,76.728,268.691,-1.954,-0.517,0.014,11.0,1,7,1,0,gas,0
640.593,5.299,88.494,33.021,0.203,1012.0,4.487,77.162,-30.607,2.282,27.997,0.003,99.0,2,19,1,0,humidity,0
555.896,8.021,75.683,27.159,0.006,1010.7,5.975,69.719,13.509,0.122,9.886,0.007,154.0,1,8,1,1,humidity,0
1085.995,22.839,46.695,23.193,0.035,1017.6,1.86,54.372,-58.998,-1.214,1.976,-0.006,67.0,1,12,0,0,gas,0
1679.533,27.436,40.245,47.967,0.439,1014.7,0.34,54.53,296.252,5.788,3.116,0.242,105.0,3,20,0,0,smoke,1
642.268,16.215,61.507,25.269,0.389,1012.5,4.137,76.817,-20.854,3.317,-0.827,0.094,20.0,1,10,1,1,smoke,0
694.794,10.461,38.162,24.464,0.517,1015.4,3.199,82.884,-16.161,3.777,-0.43,0.064,46.0,1,17,1,1,smoke,0
608.618,3.413,83.405,32.464,0.192,1012.2,3.894,77.31,24.658,2.106,18.413,0.009,242.0,1,8,1,0,humidity,0
1509.392,18.477,39.565,23.733,0.013,1016.4,1.001,54.25,367.64,-2.003,0.585,-0.002,28.0,1,2,0,0,gas,0
0.0,6.11,38.392,24.117,0.017,1010.4,4.862,75.375,-635.648,0.258,-0.54,-0.002,20.0,2,12,1,0,gas,1
1716.803,34.579,60.621,52.7,0.516,1009.9,1.972,50.172,146.786,8.943,0.314,0.139,47.0,4,17,0,1,smoke,1
2212.045,13.827,47.798,26.026,0.029,1005.9,2.964,73.168,281.772,-0.167,0.313,0.003,289.0,3,15,1,0,gas,1
85.291,4.191,40.034,22.639,0.026,1011.4,2.436,78.276,-249.056,-0.306,1.787,0.016,35.0,1,21,1,0,gas,0
596.325,5.037,38.297,52.709,0.027,1011.3,14.594,87.489,-26.485,8.324,2.824,-0.0,29.0,2,6,1,0,temperature,1
2890.794,5.877,50.847,21.286,0.04,1016.2,4.831,73.993,773.482,-0.182,-2.233,0.001,85.0,1,18,1,0,gas,0
1123.441,11.519,35.46,27.135,0.026,1011.6,0.387,49.438,117.392,-1.544,0.365,-0.002,38.0,1,11,0,0,gas,0
2443.834,2.353,39.052,20.629,0.031,1013.5,0.633,58.413,-316.195,0.337,1.05,-0.004,6.0,1,20,0,0,gas,0
1362.099,12.712,51.92,19.368,0.014,1012.3,1.05,56.354,180.576,-1.13,0.766,0.005,18.0,1,6,0,0,gas,1
753.162,4.751,83.787,32.108,0.204,1011.3,4.292,83.704,-16.306,0.751,17.083,0.001,39.0,1,19,1,0,humidity,0
1536.642,-4.221,43.978,27.869,0.002,1019.2,4.261,70.337,281.014,-2.072,-0.314,0.002,45.0,1,15,1,1,gas,0
786.495,7.736,48.941,29.562,0.259,1012.4,5.084,73.458,25.019,1.824,-0.051,0.085,40.0,1,9,1,1,smoke,0
635.038,18.949,43.052,24.291,0.571,1010.7,4.583,72.127,23.148,2.702,0.3,0.156,13.0,1,16,1,1,smoke,0
584.487,0.548,89.618,31.327,0.219,1007.5,1.946,48.316,-18.986,0.545,18.654,-0.005,38.0,1,4,0,0,humidity,0
1524.413,45.94,30.35,51.275,0.436,1014.2,3.382,73.726,298.273,5.356,1.094,0.267,107.0,4,18,1,0,smoke,1
587.123,18.146,37.07,23.154,0.237,1014.1,1.309,55.068,10.763,-0.1,0.904,0.145,13.0,1,1,0,1,smoke,0
638.157,4.964,77.668,33.294,0.156,1014.9,4.606,75.164,24.426,2.656,17.664,0.005,67.0,1,12,1,0,humidity,0
804.063,6.703,37.419,54.391,0.011,1010.2,9.523,94.708,13.395,4.393,-1.438,-0.006,114.0,1,16,1,0,temperature,1
707.053,23.56,40.978,29.019,0.406,1016.1,4.299,82.447,10.218,0.621,-1.245,0.138,34.0,1,7,1,1,smoke,0
1371.487,54.22,29.393,60.224,0.361,1013.2,5.469,79.03,70.41,8.499,1.38,0.123,52.0,2,14,1,0,smoke,1
677.573,16.646,56.506,21.105,0.329,1011.8,3.994,73.689,11.404,1.47,0.682,0.05,100.0,1,9,1,1,smoke,0
1676.49,7.3,53.372,28.984,0.021,1015.5,3.809,79.62,-623.611,0.017,0.117,-0.0,8.0,1,9,1,0,gas,0
1118.726,13.568,49.479,25.872,0.023,1009.5,4.875,79.928,6.165,-1.727,0.922,-0.003,35.0,1,12,1,0,gas,0
783.913,10.34,52.973,25.848,0.276,1006.8,4.626,77.207,-34.079,1.762,0.409,0.125,9.0,1,7,1,1,smoke,0
723.535,3.989,81.845,24.727,0.242,1013.2,4.363,72.514,-35.457,1.989,16.799,-0.002,258.0,1,19,1,0,humidity,0
780.208,12.984,51.385,28.543,0.351,1013.0,3.367,82.868,14.806,2.065,-0.582,0.14,45.0,1,7,1,1,smoke,0
628.552,14.868,72.728,27.318,0.03,1009.3,5.048,70.61,27.641,-0.03,2.408,-0.001,231.0,1,21,1,1,humidity,0
1129.354,7.5,52.314,29.474,0.018,1015.5,4.578,76.913,256.129,-1.491,0.819,0.002,14.0,1,7,1,0,gas,0
732.88,4.929,94.196,28.724,0.137,1010.1,5.132,76.533,14.787,0.177,22.85,0.003,72.0,1,7,1,0,humidity,0
520.378,10.482,71.261,22.491,0.028,1009.9,2.163,54.4,-38.756,-1.214,7.213,-0.002,106.0,1,22,0,1,humidity,0
488.509,5.912,50.961,21.852,0.018,1009.5,2.232,56.296,154.285,-1.623,1.583,-0.009,19.0,1,3,0,0,gas,0
637.393,8.592,38.479,26.896,0.446,1011.6,4.528,78.092,37.674,3.059,0.769,0.225,20.0,1,16,1,1,smoke,0
665.038,23.631,47.894,23.458,0.587,1012.9,3.111,76.545,-5.696,2.371,0.105,0.062,13.0,2,6,1,1,smoke,0
594.813,7.553,49.8,29.1,0.378,1010.9,4.168,76.307,-34.494,0.346,1.167,0.201,17.0,2,6,1,1,smoke,0
999.156,12.368,47.124,24.743,0.003,1012.3,1.965,74.21,105.674,-1.08,1.683,0.002,58.0,1,16,1,0,gas,0
0.0,7.238,48.566,26.665,0.017,1009.6,4.348,73.786,-354.338,-0.065,-1.289,0.004,72.0,1,5,1,0,gas,0
2960.755,4.244,41.304,24.246,0.021,1011.6,5.156,72.137,815.413,0.352,1.696,0.008,34.0,1,20,1,0,gas,0
1723.106,5.05,48.362,27.456,0.025,1010.9,3.376,70.227,203.222,-1.383,0.551,-0.001,17.0,1,16,1,0,gas,0
728.081,17.5,31.891,24.685,0.374,1010.0,3.704,74.6,2.247,2.708,-0.827,0.11,4.0,1,14,1,1,smoke,0
713.116,2.126,86.767,28.267,0.154,1014.1,2.626,72.725,29.206,1.811,20.388,-0.004,42.0,1,16,1,0,humidity,0
0.0,3.507,31.862,19.998,0.016,1010.8,0.542,58.572,578.614,-0.34,-1.034,-0.006,36.0,1,1,0,1,gas,0
753.929,6.931,86.962,30.027,0.323,1010.8,5.137,74.163,6.918,2.643,23.544,-0.011,81.0,1,21,1,0,humidity,0
2646.839,4.009,35.341,26.397,0.032,1013.2,4.98,77.558,782.364,0.093,0.884,-0.004,41.0,2,13,1,0,gas,0
0.0,5.244,45.273,22.335,0.03,1014.2,2.437,56.466,437.813,0.083,2.603,-0.005,35.0,1,1,0,0,gas,0
2348.069,34.918,44.666,20.254,0.024,1000.0,2.207,54.023,294.494,-0.2,1.537,0.001,32.0,2,1,0,0,gas,1
2025.169,5.182,35.22,26.837,0.023,1012.4,3.262,69.494,244.391,0.284,-1.076,0.003,88.0,1,13,1,1,gas,0
2450.557,4.294,59.372,24.137,0.011,1009.5,4.91,73.959,-680.048,0.057,-0.864,-0.002,18.0,1,16,1,0,gas,0
779.641,4.16,90.548,35.3,0.127,1016.9,3.853,85.208,-8.879,-0.753,6.213,0.001,213.0,1,16,1,1,humidity,0
475.056,4.111,87.124,25.852,0.122,1009.7,1.472,53.057,13.752,1.008,10.045,0.0,27.0,1,1,0,0,humidity,0
1199.662,7.853,44.403,24.613,0.027,1011.4,0.093,55.062,322.039,-1.796,-0.384,0.0,10.0,1,5,0,0,gas,0
694.298,5.075,86.344,30.398,0.202,1012.9,4.126,77.232,28.418,0.179,14.742,-0.003,185.0,2,14,1,1,humidity,0
491.297,20.259,35.138,22.786,0.341,1019.4,1.211,50.269,2.806,2.171,-1.789,0.028,12.0,1,1,0,1,smoke,0
607.644,0.936,48.227,66.903,0.01,1011.8,8.845,67.659,-32.913,4.213,0.005,-0.005,190.0,1,3,0,0,temperature,1
0.0,5.033,50.365,25.489,0.024,1016.4,4.409,78.443,-737.236,0.064,2.353,-0.002,16.0,1,18,1,0,gas,0
650.531,21.321,53.151,25.639,0.335,1013.7,3.779,77.539,17.675,1.21,-1.814,0.087,20.0,1,12,1,1,smoke,0
482.73,7.602,89.141,23.687,0.012,1015.1,0.554,47.207,6.699,-0.102,10.935,-0.005,115.0,1,2,0,1,humidity,0
1084.641,19.441,33.239,25.094,0.023,1013.0,3.865,71.823,192.291,-2.618,-1.633,-0.004,43.0,1,17,1,0,gas,0
725.432,-1.575,48.097,23.583,0.451,1008.8,5.281,73.954,24.211,0.295,0.912,0.103,20.0,1,15,1,1,smoke,0
598.09,21.36,42.242,19.18,0.237,1013.4,0.928,57.79,-0.445,2.552,-1.027,0.2,32.0,1,1,0,1,smoke,0
706.093,13.087,35.69,26.566,0.423,1012.1,4.18,74.446,9.655,2.6,0.625,0.057,30.0,1,8,1,1,smoke,0
1233.448,9.883,38.09,26.182,0.023,1014.5,4.64,76.813,442.573,-1.246,-1.145,-0.01,12.0,1,11,1,0,gas,0
691.343,10.417,75.048,24.393,0.035,1016.8,5.373,76.329,5.494,0.294,11.647,-0.013,191.0,2,21,1,1,humidity,0
0.0,5.663,43.739,26.858,0.013,1010.2,3.679,84.932,-375.234,-0.367,-2.053,-0.004,68.0,2,2,1,0,gas,0
679.333,19.17,63.912,23.41,0.756,1014.0,2.989,64.407,-14.591,2.847,1.111,0.203,16.0,1,11,1,1,smoke,0
577.539,12.006,42.306,32.847,0.389,1010.2,3.639,76.346,26.916,-0.129,-0.596,0.079,16.0,1,12,1,1,smoke,0
655.018,17.349,49.547,29.469,0.492,1016.3,4.372,74.006,22.966,3.848,-0.689,0.112,68.0,1,23,1,1,smoke,0
657.957,4.028,85.314,36.659,0.221,1009.0,4.12,74.565,6.657,4.946,16.402,0.001,30.0,1,15,1,0,humidity,0
482.96,4.456,43.577,53.413,0.022,1015.8,4.613,65.704,-8.993,2.851,1.043,-0.004,183.0,1,9,0,0,temperature,0
716.571,9.18,90.495,23.575,0.004,1012.4,3.67,73.493,-10.738,0.392,14.126,-0.009,35.0,1,10,1,1,humidity,0
617.566,5.116,83.107,25.367,0.024,1015.3,4.067,77.233,-19.631,-0.388,8.261,0.003,563.0,1,11,1,1,humidity,0
2475.554,3.514,46.335,25.276,0.024,1017.1,3.799,74.797,474.936,0.015,-3.228,-0.001,38.0,1,5,1,0,gas,0
701.653,8.88,54.08,26.695,0.227,1015.2,4.508,77.59,-31.659,1.134,0.242,0.157,10.0,2,11,1,1,smoke,0
1308.005,45.548,46.495,74.468,0.845,1009.1,1.179,54.07,268.59,4.134,-0.638,0.279,800.0,3,0,0,0,smoke,1
1954.664,24.905,38.956,25.113,0.022,1010.5,2.389,52.239,270.473,0.066,-1.456,0.003,50.0,3,22,0,0,gas,1
1690.15,21.236,42.656,40.681,0.642,1015.7,1.203,56.607,370.397,2.471,0.151,0.325,22.0,3,23,0,0,smoke,1
1793.763,39.063,35.302,47.549,0.322,1015.7,5.047,80.189,270.37,11.9,-0.938,0.207,243.0,3,13,1,0,smoke,1
1452.296,21.76,41.699,48.534,0.531,1017.6,3.812,64.161,-71.619,2.175,0.338,0.092,186.0,3,21,1,0,smoke,0
1846.879,22.609,41.149,55.794,0.642,1011.0,4.776,70.309,56.733,5.451,0.462,0.173,160.0,2,18,1,0,smoke,1
1140.96,68.322,24.24,47.951,0.614,1017.6,1.388,64.431,233.287,6.837,-1.579,0.461,178.0,3,22,0,0,smoke,1
662.184,3.516,92.833,28.477,0.149,1017.5,0.363,55.233,29.675,1.261,20.372,0.005,100.0,1,0,0,0,humidity,0
498.456,13.029,47.163,24.959,0.394,1017.2,0.744,59.396,1.089,0.267,-0.709,0.233,116.0,1,1,0,1,smoke,0
487.247,1.294,80.606,31.025,0.243,1010.0,0.676,53.915,-16.752,1.231,21.293,0.018,198.0,1,0,0,0,humidity,0
1150.563,16.786,43.998,22.887,0.032,1016.3,0.338,58.393,240.082,-2.627,0.427,-0.006,290.0,1,1,0,0,gas,0
650.008,23.927,57.673,26.741,0.361,1016.7,4.223,76.351,-4.299,1.305,-0.911,0.124,4.0,1,20,1,1,smoke,0
716.721,9.036,49.906,26.276,0.476,1015.4,3.928,72.06,-25.219,0.856,-0.41,0.102,44.0,1,6,1,1,smoke,0
555.03,25.746,42.217,23.934,0.384,1012.7,2.978,68.788,12.329,1.664,-0.148,0.181,24.0,1,21,1,1,smoke,0
565.678,19.873,29.99,21.294,0.274,1016.3,1.234,64.001,-25.488,0.221,-0.299,0.041,13.0,1,22,0,1,smoke,0
1238.34,29.003,37.699,55.748,0.323,1011.2,3.868,80.589,243.087,6.449,1.549,0.221,152.0,4,10,1,0,smoke,1
0.0,1.637,40.058,21.038,0.001,1014.3,0.434,55.762,-325.611,0.107,0.202,-0.002,54.0,1,1,0,0,gas,0
521.481,1.947,88.465,26.303,0.179,1013.5,0.304,46.453,14.445,2.572,26.168,-0.004,95.0,1,8,0,0,humidity,0
2678.086,4.521,47.483,22.617,0.026,1011.8,1.011,51.063,1010.884,-0.647,-2.335,0.002,78.0,1,5,0,0,gas,0
2172.425,28.109,43.403,21.87,0.024,1013.2,1.191,61.359,11.486,-0.115,-1.779,0.005,33.0,3,2,0,0,gas,1
502.142,4.488,83.644,26.991,0.171,1014.6,0.155,62.785,13.655,1.415,15.953,-0.009,17.0,1,15,0,0,humidity,0
647.71,3.341,24.086,28.534,0.232,1010.2,3.641,68.462,0.057,2.231,0.27,0.242,23.0,1,14,1,1,smoke,0
896.592,4.549,46.149,26.207,0.009,1010.7,3.216,80.489,144.048,-0.852,1.849,-0.005,25.0,1,11,1,0,gas,0
884.729,14.413,37.856,24.361,0.033,1009.2,0.527,58.121,158.469,-1.372,-1.146,-0.005,26.0,1,16,0,0,gas,0
596.181,11.348,77.027,25.023,0.02,1014.1,3.594,72.59,5.226,0.615,17.147,0.001,165.0,2,8,1,1,humidity,0
1634.509,33.454,46.463,54.135,0.592,1021.4,3.556,71.986,416.121,7.957,-0.147,0.3,190.0,3,16,1,0,smoke,1
617.967,1.364,86.576,31.858,0.261,1012.3,4.585,68.826,-41.142,3.419,13.576,-0.01,241.0,1,17,1,0,humidity,0
708.686,10.383,82.318,27.402,0.012,1017.7,5.174,74.602,5.458,0.086,25.792,0.002,143.0,1,10,1,1,humidity,1
1612.213,36.242,39.637,46.987,0.682,1017.1,4.383,72.259,817.095,0.696,-1.483,0.327,55.0,4,21,1,0,smoke,1
603.739,2.297,85.136,30.468,0.174,1007.5,0.969,55.064,-44.937,4.214,15.499,-0.002,75.0,2,4,0,0,humidity,0
2554.622,5.607,46.052,24.153,0.024,1013.4,3.583,77.906,-819.948,-0.47,-1.048,-0.001,58.0,1,19,1,1,gas,0
668.319,5.364,50.975,59.599,0.017,1012.8,12.951,84.15,-32.776,5.33,-0.412,0.004,695.0,1,14,1,1,temperature,1
627.474,5.688,89.806,32.984,0.255,1019.0,3.523,70.173,32.639,-0.901,19.706,-0.001,55.0,1,7,1,0,humidity,0
715.388,10.724,75.487,25.432,0.03,1016.3,3.094,81.115,-2.376,-0.331,11.529,0.0,77.0,2,20,1,1,humidity,0
604.54,2.304,91.049,27.116,0.22,1012.1,0.998,52.068,11.9,2.143,5.557,-0.005,30.0,1,22,0,0,humidity,0
711.689,21.515,42.304,26.054,0.107,1009.7,4.369,80.997,2.701,5.581,0.03,0.134,40.0,1,8,1,1,smoke,0
664.867,3.564,91.513,29.505,0.186,1012.4,3.461,72.204,14.35,2.244,16.169,0.0,652.0,1,14,1,0,humidity,0
666.744,17.603,48.709,26.903,0.611,1010.9,5.477,75.377,-11.453,2.731,-1.096,0.078,29.0,1,17,1,1,smoke,0
698.221,6.949,88.515,34.64,0.208,1008.5,3.417,76.459,6.154,2.147,21.579,0.003,50.0,1,0,1,0,humidity,0
548.133,17.936,43.039,24.933,0.24,1013.0,0.37,50.518,23.827,1.765,-1.571,0.189,34.0,1,1,0,1,smoke,0
830.892,18.601,44.437,23.167,0.033,1015.5,0.625,57.981,219.129,-2.014,-0.008,0.002,6.0,2,1,0,0,gas,0
2436.038,20.51,51.123,23.601,0.026,1009.4,3.701,73.697,184.582,-0.338,0.657,-0.007,116.0,3,9,1,0,gas,1
696.039,9.673,39.485,22.262,0.431,1016.7,5.537,75.276,-33.383,1.824,-1.725,0.129,28.0,1,13,1,1,smoke,0
694.712,18.912,40.2,24.486,0.475,1011.2,4.082,70.077,-1.245,2.296,0.19,0.17,17.0,1,5,1,1,smoke,0
1370.687,33.231,41.474,19.665,0.007,1010.9,2.373,55.704,254.144,-2.393,0.868,0.001,17.0,1,10,0,0,gas,0
1131.47,21.626,44.212,26.942,0.022,1010.3,3.462,66.364,202.945,-1.377,0.715,0.003,46.0,1,9,1,0,gas,0
536.916,2.96,86.794,23.683,0.019,1014.1,0.632,57.909,-0.958,-0.656,21.915,0.001,42.0,1,12,0,1,humidity,0
2056.732,2.87,47.51,23.308,0.027,1013.7,0.446,55.773,-494.758,0.36,1.394,0.001,8.0,1,2,0,0,gas,0
976.596,15.995,41.573,27.056,0.007,1014.1,0.808,50.404,-17.083,-1.088,0.636,-0.003,23.0,1,22,0,0,gas,0
606.887,4.187,44.48,63.921,0.017,1011.9,14.071,89.72,18.49,5.209,-0.985,-0.003,200.0,2,13,1,0,temperature,1
598.364,7.806,40.752,25.405,0.318,1012.2,3.863,78.775,8.948,3.522,-1.69,0.174,16.0,1,5,1,1,smoke,0
512.362,31.145,50.759,23.598,0.246,1017.7,0.758,50.874,-27.487,2.394,0.705,0.058,7.0,1,12,0,1,smoke,0
547.32,2.613,81.658,20.372,0.111,1019.1,2.436,57.956,-0.306,4.949,22.436,0.003,63.0,2,12,0,0,humidity,0
0.0,2.2,47.71,19.031,0.009,1014.8,1.868,56.785,791.147,-0.411,-1.718,0.001,33.0,1,3,0,0,gas,0
2559.353,24.732,32.89,25.974,0.002,1000.5,2.566,72.293,187.241,-0.249,1.422,0.004,129.0,3,13,1,0,gas,1
849.709,7.841,28.235,20.432,0.022,1011.0,2.002,56.584,376.624,-0.825,-0.53,-0.003,20.0,1,20,0,0,gas,0
643.459,3.58,95.256,31.874,0.169,1015.5,4.094,71.761,24.047,2.037,22.647,0.007,156.0,1,14,1,0,humidity,0
669.134,9.368,78.804,24.148,0.017,1010.0,3.104,74.495,-17.641,-0.211,5.669,-0.002,182.0,1,6,1,1,humidity,0
539.521,20.525,42.406,24.043,0.598,1011.5,0.996,47.792,-28.35,3.621,-0.687,0.187,52.0,1,7,0,1,smoke,0
489.823,3.064,85.693,27.816,0.163,1010.3,0.831,47.356,19.127,1.951,21.492,0.006,71.0,1,23,0,0,humidity,0
1862.054,60.397,16.93,61.776,0.294,1011.7,3.829,69.6,513.84,1.354,0.503,0.204,18.0,4,15,1,0,smoke,1
2955.387,1.147,50.241,21.155,0.02,1014.7,1.67,52.097,-104.397,0.045,0.301,0.003,8.0,1,5,0,0,gas,0
730.959,9.044,38.929,28.299,0.485,1016.7,2.948,73.739,6.048,-0.757,1.047,0.066,3.0,1,7,1,1,smoke,0
1814.636,6.365,43.744,25.039,0.032,1012.9,4.304,78.774,-1026.517,-0.617,-2.122,-0.009,33.0,2,11,1,0,gas,0
1611.069,38.071,47.61,21.035,0.026,1003.0,0.035,55.299,260.633,0.182,1.834,0.003,827.0,3,23,0,0,gas,1
1234.959,20.593,32.839,26.741,0.026,1015.9,3.858,77.504,29.132,-1.108,-0.21,0.002,200.0,2,18,1,0,gas,1
640.681,20.079,37.915,19.028,0.387,1011.8,2.879,76.624,-1.975,0.238,1.373,0.115,79.0,1,9,1,1,smoke,0
1951.356,33.25,49.212,51.623,0.35,1011.4,2.101,69.85,517.902,3.166,0.184,0.238,65.0,3,20,1,0,smoke,1
590.699,5.584,87.914,28.333,0.231,1013.3,3.661,75.939,0.397,2.226,22.911,0.001,341.0,1,17,1,0,humidity,0
537.627,6.142,92.882,28.297,0.111,1007.9,2.22,51.631,15.291,3.671,13.41,-0.001,64.0,1,4,0,0,humidity,0
2000.093,28.189,41.738,22.356,0.024,1009.8,4.254,78.45,294.103,0.453,-0.284,0.003,168.0,3,14,1,0,gas,1
573.34,8.282,68.713,25.96,0.016,1008.4,1.203,48.939,41.04,0.203,18.526,-0.005,24.0,1,23,0,1,humidity,0
953.619,7.454,53.892,28.596,0.026,1015.7,3.119,75.368,140.919,-1.755,0.447,-0.001,51.0,1,13,1,0,gas,0
1203.65,11.845,45.749,23.86,0.023,1009.8,4.616,77.934,307.865,-1.511,-2.05,0.001,8.0,1,21,1,0,gas,0
0.0,2.502,52.203,24.354,0.011,1010.1,3.178,70.199,526.764,0.146,0.137,0.003,12.0,1,18,1,0,gas,0
596.773,4.599,86.987,33.687,0.215,1011.2,3.631,75.841,-5.162,4.94,16.327,-0.012,268.0,2,12,1,0,humidity,0
2064.202,25.357,60.955,21.479,0.013,1009.3,0.805,51.226,592.967,0.041,-3.403,0.011,428.0,3,14,0,0,gas,1
746.837,13.989,42.173,31.187,0.284,1016.0,4.04,71.097,28.236,1.453,0.179,0.106,37.0,2,11,1,1,smoke,0
685.953,5.318,94.294,32.87,0.26,1011.0,3.821,79.667,-2.701,1.421,31.688,0.007,129.0,1,17,1,0,humidity,0
617.678,5.586,91.691,31.258,0.205,1015.2,3.856,76.545,21.626,1.848,6.328,0.003,23.0,1,17,1,0,humidity,0
1815.071,13.024,45.217,25.303,0.026,1013.4,4.868,73.274,19.125,-0.979,1.137,-0.007,16.0,1,15,1,0,gas,0
579.079,6.981,82.694,26.209,0.032,1012.2,3.256,78.641,-20.944,-0.186,18.56,0.002,508.0,1,12,1,1,humidity,0
1734.437,18.792,46.624,21.832,0.026,1009.2,1.513,55.465,243.859,-1.209,1.014,-0.009,67.0,1,22,0,0,gas,0
678.635,23.03,37.73,27.96,0.543,1012.0,4.394,79.431,22.335,3.247,0.554,0.059,26.0,1,17,1,1,smoke,0
560.037,5.571,93.623,35.087,0.163,1011.5,5.575,76.681,15.218,3.585,18.029,-0.001,97.0,1,19,1,0,humidity,0
663.545,15.286,47.962,27.421,0.333,1011.0,4.702,77.165,12.428,1.906,-1.933,0.176,18.0,1,23,1,1,smoke,0
647.377,5.857,35.262,22.956,0.317,1013.5,1.28,57.75,-31.262,3.15,1.441,0.201,12.0,1,3,0,1,smoke,0
1378.185,14.931,41.466,19.902,0.025,1014.1,1.352,49.667,379.571,-2.053,0.352,-0.01,22.0,1,23,0,1,gas,0
650.389,20.856,50.434,23.922,0.354,1013.3,4.377,67.168,12.302,0.713,-0.622,0.248,17.0,1,21,1,1,smoke,0
623.336,8.039,95.415,32.015,0.144,1009.9,3.185,75.997,25.276,2.488,14.448,-0.005,33.0,1,11,1,0,humidity,0
617.726,4.633,85.103,25.807,0.254,1012.0,0.413,58.159,-3.382,3.08,22.1,-0.003,106.0,1,1,0,0,humidity,0
1729.619,1.969,52.149,33.488,0.796,1015.0,2.909,79.533,409.945,6.879,0.372,0.164,54.0,2,21,1,0,smoke,1
646.217,23.82,17.389,23.094,0.387,1016.3,3.317,76.574,34.509,0.312,-0.793,0.188,52.0,1,15,1,1,smoke,0
527.434,2.368,48.394,62.417,0.036,1013.6,10.608,63.578,-4.099,4.737,-1.127,0.001,110.0,2,14,0,0,temperature,1
693.816,8.387,87.718,25.382,0.027,1013.2,4.738,70.937,13.359,-0.13,9.245,-0.0,147.0,1,20,1,1,humidity,0
0.0,5.252,61.069,22.502,0.021,1014.5,0.532,58.986,452.112,-0.373,2.374,0.006,31.0,1,17,0,0,gas,0
694.164,7.984,92.841,32.786,0.144,1011.5,2.615,75.375,11.692,1.659,12.837,-0.004,92.0,1,6,1,0,humidity,0
716.789,18.998,44.729,27.28,0.525,1019.7,2.424,72.031,7.012,1.648,-0.102,0.171,83.0,1,15,1,1,smoke,0
554.043,14.305,36.216,23.662,0.464,1012.1,0.487,60.211,17.909,-0.131,-0.985,0.169,41.0,1,2,0,1,smoke,0
686.658,10.31,75.53,22.825,0.022,1010.5,4.837,71.2,3.582,-0.186,12.861,-0.003,479.0,1,16,1,1,humidity,0
0.0,1.875,44.093,23.332,0.021,1006.7,1.233,53.536,625.228,-0.746,-5.117,-0.006,42.0,1,1,0,0,gas,0
1519.529,4.165,49.758,25.086,0.009,1018.9,3.865,79.81,277.922,-0.625,-0.802,0.004,254.0,1,13,1,0,gas,0
0.0,5.206,31.92,23.612,0.037,1012.3,4.034,72.64,356.379,-0.417,-0.167,-0.0,8.0,1,4,1,0,gas,0
655.8,4.269,39.808,57.735,0.037,1012.9,11.205,84.152,19.705,8.036,0.494,-0.001,170.0,1,16,1,0,temperature,1
505.435,1.526,81.015,28.431,0.229,1015.7,1.179,58.969,12.774,1.919,13.436,-0.003,32.0,1,21,0,0,humidity,0
1659.68,15.535,47.502,26.296,0.016,1012.5,5.384,75.237,435.493,0.481,-0.216,0.002,89.0,2,21,1,0,gas,1
1397.208,4.782,45.754,23.506,0.022,1015.5,0.822,58.254,453.262,-0.282,-0.464,0.001,11.0,2,14,0,0,gas,0
640.754,6.091,84.07,27.03,0.133,1011.4,4.356,74.747,-0.43,2.537,26.146,-0.005,44.0,1,18,1,0,humidity,0
746.14,3.079,80.188,22.892,0.037,1015.8,4.471,73.751,9.695,-0.224,6.202,0.003,169.0,1,13,1,1,humidity,0
703.938,4.559,85.604,26.192,0.191,1017.7,4.177,74.775,15.835,3.791,12.699,0.006,47.0,1,13,1,0,humidity,0
1831.564,32.472,38.603,22.587,0.018,1004.8,3.052,77.82,183.809,-0.131,2.084,0.004,412.0,2,13,1,0,gas,1
1325.212,4.094,40.196,26.161,0.025,1011.0,3.753,71.693,327.685,-1.27,1.962,-0.005,14.0,1,10,1,0,gas,0
1894.913,2.704,45.613,27.715,0.028,1018.8,3.885,69.373,292.795,-1.421,-2.463,-0.0,74.0,1,8,1,0,gas,0
679.637,2.039,89.196,23.935,0.183,1013.3,1.173,49.032,-47.201,3.417,12.697,0.001,176.0,1,2,0,0,humidity,0
2197.171,27.723,35.817,26.592,0.012,1005.1,3.733,76.661,492.948,0.761,-0.408,-0.004,442.0,3,17,1,0,gas,1
1270.292,10.408,39.17,24.052,0.025,1013.3,6.577,74.119,268.231,-2.403,0.201,-0.006,33.0,1,8,1,0,gas,0
674.396,22.4,50.994,28.067,0.16,1010.3,5.139,77.072,-25.659,-0.588,-0.158,0.147,13.0,1,5,1,1,smoke,0
550.969,6.994,80.842,23.993,0.012,1011.5,1.586,54.06,-9.523,-0.953,16.891,0.005,134.0,1,15,0,1,humidity,0
1770.886,20.435,48.569,28.12,0.037,1002.7,2.844,75.527,149.333,0.368,0.95,0.011,629.0,2,13,1,0,gas,1
1196.791,11.091,45.859,23.171,0.013,1012.6,2.465,58.074,250.125,-1.756,-0.483,-0.01,103.0,1,4,0,0,gas,0
812.402,13.632,55.192,22.798,0.021,1006.5,4.743,71.269,369.86,-2.043,-1.021,0.002,11.0,1,19,1,1,gas,0
2714.75,5.121,51.198,25.351,0.004,1011.7,4.403,73.527,-605.333,1.084,-1.201,-0.003,8.0,1,20,1,0,gas,0
1229.07,5.084,60.377,25.254,0.024,1011.9,3.968,72.128,406.558,-2.069,-1.266,0.001,49.0,1,20,1,0,gas,0
570.218,1.264,45.133,20.78,0.392,1009.8,1.638,58.305,-6.0,1.526,-0.647,0.218,29.0,1,3,0,1,smoke,0
553.782,20.697,45.87,19.975,0.333,1013.5,1.1,57.525,36.016,-1.101,-0.007,0.128,36.0,1,22,0,1,smoke,0
497.475,14.949,34.326,22.9,0.259,1008.8,1.267,57.363,25.381,0.577,-0.751,0.106,64.0,1,2,0,1,smoke,0
740.341,2.478,83.215,30.127,0.28,1017.8,4.158,69.468,16.024,4.906,10.589,0.012,17.0,1,23,1,0,humidity,0
507.854,9.019,56.351,23.647,0.257,1019.1,1.967,59.388,-14.242,-0.009,-1.212,0.063,15.0,1,14,0,1,smoke,0
609.312,5.349,36.622,49.351,0.004,1012.6,7.755,57.414,8.49,4.152,0.07,0.005,190.0,1,1,0,0,temperature,1
813.721,16.759,48.351,28.929,0.318,1013.6,3.133,80.927,0.967,3.039,0.465,0.096,27.0,1,19,1,1,smoke,0
520.63,0.294,85.627,27.205,0.33,1017.6,0.365,59.587,3.189,1.446,21.991,0.003,104.0,1,23,0,1,humidity,0
767.203,7.78,42.047,26.937,0.179,1018.0,5.299,70.618,7.992,0.618,-0.935,0.16,23.0,1,14,1,1,smoke,0
663.47,11.755,81.456,28.599,0.002,1010.5,4.495,75.862,3.656,-0.549,11.899,0.004,48.0,1,14,1,1,humidity,0
567.023,4.391,80.373,32.416,0.149,1010.9,3.581,76.546,-4.046,2.758,19.211,-0.012,52.0,1,19,1,0,humidity,0
1572.939,59.729,27.672,42.04,0.764,1015.0,0.218,51.527,586.987,7.665,3.71,0.197,209.0,2,11,0,0,smoke,1
2044.298,14.612,44.679,27.688,0.052,1009.5,5.022,79.609,357.663,0.03,0.882,0.002,142.0,2,14,1,0,gas,1
1542.894,13.739,50.579,25.346,0.009,1015.6,5.574,83.571,184.981,-1.898,1.064,-0.002,62.0,1,7,1,1,gas,0
521.237,8.029,67.616,23.671,0.018,1013.2,1.078,54.174,25.174,-0.85,17.239,0.003,117.0,1,5,0,1,humidity,0
702.032,16.516,28.223,26.062,0.366,1017.4,5.022,70.086,-9.336,4.168,-0.336,0.141,20.0,1,3,1,1,smoke,0
1200.396,19.445,49.98,25.788,0.032,1011.3,4.22,74.407,300.667,-0.581,-2.033,-0.002,19.0,1,3,1,0,gas,0
625.174,11.27,35.38,21.955,0.275,1013.0,1.172,50.124,0.316,2.055,-0.82,0.032,148.0,1,5,0,1,smoke,0
548.951,5.547,90.996,28.549,0.196,1011.8,0.53,46.715,5.79,1.773,21.273,-0.007,172.0,1,2,0,0,humidity,0
683.464,3.436,97.455,28.356,0.209,1007.8,4.914,69.23,-26.848,1.456,15.626,0.005,11.0,1,10,1,0,humidity,0
628.765,25.968,36.873,25.543,0.472,1011.9,4.678,81.678,6.791,2.532,1.307,0.094,12.0,2,2,1,1,smoke,0
563.56,7.723,80.552,23.039,0.02,1008.8,1.159,48.76,-16.144,-0.339,7.171,-0.003,29.0,1,3,0,1,humidity,0
567.411,3.884,92.473,27.541,0.167,1010.6,2.004,53.902,-7.284,2.496,10.15,0.001,34.0,1,5,0,0,humidity,0
1415.684,18.886,37.342,26.45,0.031,1019.0,3.343,75.232,43.924,-0.47,-0.318,0.003,26.0,1,20,1,0,gas,0
718.042,4.198,87.936,28.832,0.157,1017.2,2.883,74.609,10.514,2.436,19.976,0.006,136.0,2,10,1,0,humidity,0
1455.645,16.09,38.939,22.776,0.031,1012.1,1.454,55.032,263.711,-0.073,1.189,0.006,133.0,3,11,0,1,gas,1
599.792,24.213,42.462,26.077,0.342,1016.4,6.021,78.213,1.613,0.539,2.686,0.09,27.0,1,15,1,1,smoke,0
1208.748,11.905,42.711,26.594,0.038,1016.7,3.599,78.153,436.477,-0.847,0.156,0.004,13.0,1,22,1,0,gas,0
955.814,12.468,55.753,23.47,0.034,1013.6,0.443,56.996,225.36,-0.026,-2.064,-0.001,65.0,1,23,0,0,gas,0
1668.53,34.405,38.082,54.178,0.787,1012.5,2.379,50.36,204.857,8.567,1.796,0.126,890.0,4,22,0,0,smoke,1
676.926,3.165,88.452,30.08,0.247,1010.5,5.22,79.045,-2.691,2.197,22.313,0.003,269.0,2,20,1,0,humidity,0
2309.955,4.895,48.349,22.388,0.018,1013.2,4.657,72.911,-509.514,-0.288,2.801,0.009,18.0,1,11,1,0,gas,0
545.278,9.17,71.1,21.162,0.018,1016.1,0.016,57.609,2.114,0.353,8.534,-0.007,44.0,1,1,0,1,humidity,0
732.777,29.027,46.897,29.89,0.301,1006.9,4.634,70.828,10.398,3.357,0.609,0.154,16.0,1,15,1,1,smoke,0
495.093,4.572,40.92,50.351,0.006,1014.0,9.734,64.788,2.702,10.528,2.436,0.001,35.0,2,3,0,0,temperature,1
552.949,19.516,39.18,26.852,0.462,1010.7,1.795,68.888,36.417,3.514,0.416,0.046,18.0,2,16,1,1,smoke,0
708.16,27.075,42.83,32.161,0.279,1012.2,4.298,77.886,-22.731,1.76,1.649,0.066,22.0,1,12,1,1,smoke,0
1370.03,16.375,49.518,23.714,0.023,1008.3,2.924,52.329,221.269,-0.834,-1.344,0.001,17.0,1,1,0,0,gas,0
622.021,4.11,86.497,29.868,0.206,1012.0,4.917,75.976,-25.302,0.879,22.77,-0.008,22.0,1,18,1,0,humidity,0
577.908,17.564,44.275,23.223,0.336,1007.1,2.103,60.098,4.986,5.204,0.332,0.086,29.0,1,4,0,1,smoke,0
766.128,5.42,92.243,30.082,0.192,1009.3,4.043,76.924,-11.543,1.57,16.135,0.001,793.0,1,15,1,0,humidity,0
2123.155,3.34,38.265,19.781,0.011,1016.2,1.038,55.014,-320.157,-0.354,1.455,-0.002,16.0,1,13,0,0,gas,0
1059.337,7.773,41.669,27.482,0.022,1016.5,4.548,77.767,350.654,-1.242,-3.742,0.005,48.0,2,17,1,0,gas,0
789.02,22.111,48.986,21.917,0.021,1012.3,3.61,76.464,360.269,-1.02,-1.513,0.0,140.0,1,17,1,0,gas,0
662.153,9.706,36.208,26.275,0.311,1010.5,4.13,75.449,-10.365,1.267,-1.819,0.145,19.0,1,8,1,1,smoke,0
2210.776,7.164,48.606,25.744,0.031,1012.5,3.794,81.847,-304.001,-0.69,0.688,-0.009,96.0,1,10,1,0,gas,0
1478.063,18.028,36.345,24.591,0.016,1015.0,3.996,74.757,230.547,-1.402,1.413,0.0,44.0,1,20,1,1,gas,0
1110.466,11.832,36.711,23.66,0.01,1017.9,0.909,53.755,253.628,-0.801,0.42,-0.004,32.0,1,16,0,1,gas,0
1015.364,28.115,37.999,23.779,0.015,1012.7,3.991,66.454,40.482,-1.754,1.069,0.005,69.0,2,7,1,1,gas,0
502.196,10.107,79.767,21.505,0.009,1014.3,0.966,62.078,-5.031,0.418,18.256,-0.001,83.0,1,5,0,1,humidity,0
1542.353,36.196,28.861,55.196,0.424,1009.4,2.698,82.053,72.282,6.431,2.384,0.184,319.0,4,8,1,0,smoke,1
534.995,2.77,89.395,24.459,0.213,1014.8,0.597,61.496,16.425,2.905,26.11,0.007,53.0,2,19,0,0,humidity,0
611.519,6.203,85.991,24.385,0.034,1013.8,0.399,54.693,1.076,0.308,22.141,-0.011,138.0,1,4,0,1,humidity,0
507.14,22.219,44.465,22.073,0.456,1016.0,0.557,48.903,-6.205,3.683,-0.882,0.103,68.0,1,2,0,1,smoke,0
1990.351,5.149,44.359,24.292,0.025,1012.3,3.599,73.8,-967.687,0.126,2.217,-0.002,11.0,1,20,1,1,gas,0
636.269,4.06,83.439,35.162,0.182,1015.3,5.284,85.807,-2.802,-0.498,20.652,-0.001,120.0,1,13,1,0,humidity,0
1156.265,12.026,48.3,25.302,0.023,1012.2,6.228,76.611,324.756,-1.427,0.226,0.002,66.0,1,7,1,0,gas,0
550.639,2.591,88.327,32.395,0.258,1014.2,0.12,57.698,-8.172,4.399,14.585,-0.012,79.0,1,13,0,0,humidity,0
1145.084,42.055,31.746,42.161,0.577,1009.6,0.885,47.504,445.911,2.468,2.139,0.121,134.0,4,22,0,1,smoke,1
718.261,14.465,50.569,25.492,0.435,1015.6,3.803,75.632,1.052,2.537,-3.581,0.134,20.0,1,16,1,1,smoke,0
632.612,8.908,89.296,28.863,0.275,1012.9,3.552,75.741,-7.285,2.668,10.583,0.003,20.0,1,18,1,0,humidity,0
1421.139,8.587,29.012,23.6,0.016,1010.9,3.941,77.511,-17.225,-0.693,0.898,0.002,52.0,1,11,1,0,gas,0
533.47,17.138,54.615,22.697,0.377,1010.4,0.219,57.289,-11.115,-1.55,1.489,0.237,7.0,1,19,0,1,smoke,0
493.721,7.099,77.863,19.087,0.029,1010.8,0.373,54.963,-10.498,-0.429,25.642,0.004,96.0,1,4,0,1,humidity,0
1898.428,16.759,46.976,25.347,0.007,1002.0,3.133,70.257,692.074,-0.452,2.27,-0.003,384.0,2,14,1,0,gas,1
578.069,4.454,51.037,52.119,0.013,1012.9,3.6,63.509,-18.485,4.954,-2.406,0.003,178.0,1,8,0,0,temperature,1
1001.255,16.597,38.092,24.527,0.009,1016.3,5.268,70.542,242.271,-1.747,1.303,-0.002,10.0,1,17,1,0,gas,0
636.234,4.275,87.125,32.427,0.188,1008.6,5.114,72.94,-20.434,1.131,11.777,0.001,80.0,1,12,1,0,humidity,0
688.812,5.839,95.715,30.195,0.204,1014.4,2.439,78.201,-12.086,0.061,23.327,0.003,59.0,1,10,1,0,humidity,0
1621.716,21.02,41.447,26.358,0.044,1005.9,4.107,80.672,457.451,0.221,1.455,0.001,139.0,2,8,1,0,gas,1
1393.915,28.002,49.164,42.491,0.595,1009.1,2.816,50.621,124.099,5.327,0.016,0.292,157.0,2,2,0,0,smoke,1
617.802,13.822,38.902,28.169,0.274,1011.6,3.805,69.223,18.411,0.597,-1.557,0.082,14.0,1,1,1,1,smoke,0
0.0,4.258,53.4,26.098,0.02,1017.3,3.114,77.66,-729.975,-0.157,0.127,-0.002,8.0,1,19,1,1,gas,0
535.139,1.24,38.676,27.401,0.333,1010.8,0.262,55.399,-15.789,1.202,-2.433,0.154,84.0,2,12,0,1,smoke,0
1248.676,10.962,50.01,26.582,0.035,1017.3,3.466,71.759,-6.195,-1.771,0.493,0.005,50.0,1,15,1,0,gas,0
658.756,22.717,52.118,26.053,0.368,1014.6,2.536,70.952,25.747,-2.625,2.464,0.104,37.0,1,20,1,1,smoke,0
663.544,5.512,83.364,33.134,0.28,1015.7,3.393,75.556,1.084,-0.151,14.471,-0.002,38.0,2,11,1,0,humidity,0
1321.087,39.861,35.924,54.635,0.546,1012.9,1.77,53.599,248.241,8.341,0.516,0.243,366.0,2,19,0,0,smoke,1
576.507,6.925,38.891,28.04,0.316,1011.5,3.949,82.552,2.803,1.217,-3.271,0.01,14.0,2,23,1,1,smoke,1
610.345,3.645,97.084,31.989,0.24,1017.7,5.115,71.284,-3.74,0.035,22.893,-0.004,196.0,1,18,1,0,humidity,0
1296.778,35.714,31.905,44.345,0.536,1012.3,0.787,59.196,196.813,3.102,1.361,0.224,146.0,3,4,0,0,smoke,1
605.851,3.213,86.712,27.416,0.294,1013.7,0.188,58.286,10.055,0.04,15.724,0.004,17.0,2,22,0,0,humidity,0
555.448,6.562,77.982,20.933,0.026,1011.0,2.831,53.242,-28.774,-0.517,12.314,-0.008,122.0,1,2,0,1,humidity,0
558.232,24.008,45.626,21.564,0.362,1010.5,0.824,59.617,-1.09,1.467,1.955,0.108,15.0,1,3,0,1,smoke,0
2257.015,21.884,41.359,25.024,0.019,1006.4,3.126,68.792,617.442,0.651,-0.525,-0.008,630.0,2,20,1,0,gas,1
1382.094,21.714,51.311,25.706,0.02,1005.6,1.299,58.158,-46.603,-1.964,2.473,0.002,48.0,1,15,0,0,gas,0
706.351,11.732,48.995,27.088,0.362,1010.1,5.061,69.825,27.191,3.219,-1.615,0.212,21.0,1,7,1,1,smoke,0
514.761,2.748,33.938,57.615,0.014,1018.3,7.887,56.411,-4.692,7.984,0.234,-0.006,233.0,1,0,0,0,temperature,1
522.12,3.523,88.137,28.384,0.331,1015.0,2.121,57.422,15.398,1.24,16.214,-0.002,23.0,1,12,0,0,humidity,0
1074.976,-5.949,47.223,22.376,0.011,1014.3,1.147,52.28,29.705,-0.208,1.241,-0.001,9.0,1,17,0,0,gas,0
1178.099,8.739,31.809,26.498,0.015,1013.1,2.776,78.896,243.639,-0.653,3.476,-0.002,49.0,1,14,1,0,gas,0
1067.559,8.764,51.978,22.498,0.03,1010.1,1.348,60.949,114.232,-0.019,2.43,0.002,30.0,1,23,0,0,gas,0
605.089,13.704,74.833,25.365,0.024,1014.7,4.438,73.183,20.535,-0.73,13.016,-0.004,24.0,1,17,1,1,humidity,0
1847.214,7.038,48.25,25.016,0.024,1012.7,4.51,68.921,-1122.311,-0.693,-0.987,0.005,11.0,2,9,1,0,gas,0
784.405,1.579,85.597,32.047,0.285,1008.6,4.824,65.759,5.245,2.145,21.866,0.002,285.0,1,12,1,0,humidity,0
704.72,5.74,56.449,51.398,0.018,1014.2,9.941,85.17,-8.606,6.61,-0.494,-0.003,89.0,1,21,1,0,temperature,1
707.423,2.435,82.602,31.456,0.281,1018.9,3.781,78.496,-6.544,3.729,10.775,-0.002,168.0,1,3,1,0,humidity,0
0.0,5.035,45.665,22.579,0.012,1010.6,3.697,82.727,-907.582,0.187,0.42,-0.007,50.0,1,0,1,0,gas,0
705.73,16.41,42.734,25.023,0.518,1010.0,2.905,72.367,-3.679,1.801,1.448,0.171,53.0,1,10,1,1,smoke,0
1407.039,33.387,25.981,48.867,0.58,1013.1,1.616,54.93,337.38,4.759,0.135,0.189,220.0,4,12,0,0,smoke,1
535.903,5.207,86.081,31.247,0.253,1015.9,3.57,78.618,-29.572,3.94,9.751,0.0,198.0,1,6,1,0,humidity,0
0.0,4.569,63.224,24.911,0.005,1014.5,4.723,85.114,521.569,-1.016,0.99,0.007,53.0,1,20,1,0,gas,0
606.023,8.128,69.593,25.597,0.014,1010.8,3.477,73.562,-1.41,-0.618,17.143,-0.006,57.0,1,19,1,1,humidity,0
737.366,9.02,69.704,24.304,0.016,1011.1,3.58,74.557,-0.772,-0.131,13.161,-0.0,518.0,1,21,1,1,humidity,0
416.383,24.684,45.995,23.548,0.306,1016.2,1.697,55.994,16.241,2.284,-2.109,0.127,17.0,1,5,0,1,smoke,0
1154.185,12.698,47.671,24.32,0.038,1019.6,3.992,68.063,210.065,-2.543,-1.376,0.005,55.0,1,20,1,0,gas,0
629.254,11.091,39.058,25.364,0.417,1014.2,3.171,73.725,13.307,-0.366,1.006,0.132,98.0,1,8,1,1,smoke,0
702.864,7.255,73.563,25.768,0.012,1014.1,4.653,75.761,17.047,0.175,6.894,-0.003,18.0,1,10,1,1,humidity,0
1123.929,31.961,22.953,38.02,0.412,1009.4,0.706,50.612,237.779,4.982,-0.452,0.126,417.0,2,22,0,0,smoke,1
614.621,5.925,88.935,33.502,0.242,1014.6,4.466,74.108,-1.917,1.76,13.734,-0.0,327.0,1,10,1,0,humidity,0
1747.793,28.547,49.403,25.151,0.03,1005.6,0.829,53.943,395.571,0.089,-1.17,-0.002,80.0,3,5,0,0,gas,1
672.57,11.927,73.751,27.043,0.009,1010.2,4.021,70.281,8.676,0.444,17.07,-0.006,105.0,1,4,1,1,humidity,0
1529.868,57.391,24.039,51.865,0.387,1013.1,4.981,73.675,85.733,8.592,0.729,0.163,111.0,2,10,1,0,smoke,1
634.253,6.837,89.344,31.728,0.229,1014.3,3.215,79.094,53.677,3.152,23.221,-0.009,311.0,1,20,1,0,humidity,0
1031.192,4.884,44.775,25.963,0.014,1013.1,3.975,75.268,290.21,-2.612,-2.769,0.002,8.0,1,6,1,0,gas,0
428.724,4.323,88.307,22.556,0.216,1012.3,0.784,54.651,-11.282,2.223,11.057,0.004,102.0,2,1,0,0,humidity,0
2036.787,5.062,48.485,28.892,0.005,1010.4,3.259,75.454,-800.518,0.21,1.026,-0.001,38.0,1,17,1,0,gas,0
566.104,4.092,93.217,25.369,0.159,1013.4,1.556,50.706,5.046,1.886,7.161,0.0,49.0,1,19,0,0,humidity,0
555.838,13.916,33.042,25.417,0.424,1008.8,3.934,67.183,15.817,3.301,0.58,0.094,11.0,1,7,1,1,smoke,0
590.304,17.217,46.522,24.052,0.313,1010.7,1.719,60.362,8.198,4.652,1.275,0.111,14.0,1,3,0,1,smoke,0
658.167,13.432,43.294,25.906,0.408,1017.5,4.263,77.368,20.041,4.108,0.714,0.043,20.0,2,13,1,1,smoke,0
0.0,2.184,44.911,23.371,0.026,1016.1,0.53,51.774,-568.0,0.048,-0.459,0.002,43.0,1,4,0,0,gas,0
668.268,4.659,73.581,26.985,0.033,1012.9,3.171,71.269,-5.361,0.184,12.157,0.002,69.0,2,15,1,1,humidity,0
583.615,4.369,81.329,35.711,0.224,1011.8,2.821,72.904,3.482,2.088,14.202,-0.004,39.0,1,15,1,0,humidity,0
558.889,10.919,44.631,23.12,0.362,1009.1,1.182,61.76,16.821,2.435,0.798,0.11,44.0,1,23,0,1,smoke,0
1565.454,32.129,37.89,51.293,0.567,1006.5,3.132,81.052,428.09,5.184,-0.833,0.275,87.0,2,12,1,0,smoke,1
504.25,9.846,67.991,20.959,0.014,1014.7,1.355,50.45,-7.569,0.505,10.997,-0.006,91.0,1,1,0,1,humidity,0
688.856,4.245,89.809,30.272,0.36,1014.2,3.212,72.927,-33.646,3.33,10.942,-0.002,13.0,1,6,1,0,humidity,0
672.449,3.586,97.26,30.006,0.197,1014.1,5.413,80.427,-4.557,1.638,14.054,-0.003,167.0,1,12,1,0,humidity,0
1926.33,18.588,38.065,22.714,0.01,1006.1,3.757,70.993,193.514,0.4,-2.584,-0.004,81.0,3,14,1,0,gas,1
532.227,1.664,87.422,24.148,0.277,1014.9,0.591,53.452,-17.001,2.071,13.528,-0.006,128.0,1,13,0,0,humidity,0
1172.938,21.131,39.517,27.102,0.018,1006.0,1.327,60.796,200.653,-2.161,-3.608,-0.006,11.0,1,0,0,0,gas,0
657.218,5.92,87.255,33.117,0.335,1014.8,5.608,79.128,-0.936,5.259,16.786,-0.004,41.0,1,9,1,0,humidity,0
473.841,3.645,90.093,28.695,0.143,1011.9,1.989,55.077,-10.325,1.831,9.067,-0.008,144.0,1,5,0,0,humidity,0
1087.164,10.346,36.512,26.541,0.016,1009.1,3.793,78.896,373.336,-2.483,0.779,-0.004,16.0,1,15,1,0,gas,0
1315.664,40.806,45.226,59.535,0.614,1013.2,0.712,50.417,405.946,7.425,1.339,0.205,79.0,2,23,0,0,smoke,1
554.531,6.135,88.788,27.892,0.17,1013.4,4.864,76.941,8.858,1.414,30.117,0.006,28.0,1,1,1,0,humidity,0
2407.867,4.178,32.406,27.974,0.003,1012.6,4.677,78.778,-123.751,-0.138,-1.319,0.012,76.0,1,12,1,0,gas,1
762.085,10.986,51.749,23.54,0.196,1007.8,4.301,73.45,8.823,0.51,-1.466,0.043,142.0,1,21,1,1,smoke,0
1093.854,34.715,38.811,47.736,0.397,1016.3,3.796,75.229,515.668,2.376,-0.647,0.289,149.0,2,12,1,0,smoke,1
1178.246,32.624,49.92,27.645,0.009,1014.6,3.112,80.99,439.835,-1.955,1.709,-0.002,35.0,1,19,1,0,gas,0
682.628,4.553,90.699,28.452,0.238,1007.9,4.778,74.402,16.511,4.434,10.845,0.004,22.0,1,7,1,0,humidity,0
535.541,15.519,52.243,25.319,0.345,1010.5,5.278,80.3,-0.262,1.626,-0.436,0.214,14.0,1,19,1,1,smoke,0
528.864,3.323,42.042,54.078,0.017,1011.6,8.245,84.31,-17.085,5.086,-3.643,0.001,480.0,2,5,0,0,temperature,1
1259.268,54.178,30.761,44.962,0.482,1013.1,0.22,56.688,78.169,7.199,0.485,0.302,78.0,3,7,0,0,smoke,1
515.315,20.434,53.102,24.799,0.361,1013.9,0.058,45.745,35.072,2.374,-0.858,0.044,42.0,1,19,0,1,smoke,0
629.106,11.174,51.088,24.501,0.471,1014.5,4.242,77.72,-33.862,-0.137,-1.499,0.254,66.0,1,20,1,1,smoke,0
1883.117,2.738,42.951,22.85,0.039,1009.2,0.302,57.448,708.622,-0.105,0.36,0.008,21.0,1,0,0,0,gas,0
707.146,4.387,32.054,62.541,0.037,1010.5,8.695,99.587,-1.94,10.819,-0.145,0.008,219.0,1,12,1,0,temperature,1
676.884,7.092,82.815,27.241,0.131,1009.4,3.854,74.688,8.19,-0.525,12.224,-0.001,48.0,1,9,1,0,humidity,0
1568.655,56.251,37.405,74.046,0.602,1010.1,2.969,69.352,203.847,4.294,-1.182,0.161,94.0,4,13,1,0,smoke,1
600.162,5.25,43.32,22.608,0.235,1011.2,2.387,59.981,16.183,4.085,-1.461,0.038,4.0,1,4,0,1,smoke,0
623.354,5.947,72.324,22.924,0.022,1013.7,4.231,67.414,-9.228,-0.177,17.603,-0.005,338.0,1,22,1,1,humidity,1
645.203,17.967,46.525,24.728,0.284,1010.2,4.671,78.177,-40.138,4.783,1.623,0.152,16.0,1,10,1,1,smoke,0
1345.618,23.033,42.19,25.595,0.036,1012.9,4.245,74.63,277.371,-1.281,-1.153,-0.004,352.0,1,15,1,0,gas,0
1814.049,28.37,27.303,53.881,0.837,1019.2,3.568,78.838,253.07,3.471,1.583,0.094,221.0,2,16,1,0,smoke,1
2643.313,21.576,38.296,21.369,0.018,1008.4,0.851,44.865,-31.81,-0.337,-0.948,0.004,134.0,3,12,0,0,gas,1
727.782,10.256,30.813,24.924,0.583,1014.7,4.154,69.318,24.438,1.214,-0.85,0.132,30.0,1,8,1,1,smoke,0
689.468,10.18,54.086,28.803,0.305,1010.3,2.589,74.035,-3.52,3.048,1.799,-0.023,35.0,1,13,1,1,smoke,0
0.0,3.682,44.94,21.778,0.03,1015.3,4.015,64.304,-390.092,-0.006,1.465,-0.003,76.0,1,17,1,0,gas,0
2148.493,26.818,54.746,56.129,0.682,1018.6,4.443,76.739,392.627,8.531,-0.207,0.186,23.0,2,7,1,0,smoke,1
487.594,3.924,74.937,23.615,0.026,1012.6,1.448,51.487,-33.681,0.232,17.177,0.009,100.0,1,20,0,1,humidity,0
563.458,2.088,39.518,55.85,0.038,1018.4,7.153,73.301,4.298,10.592,-2.785,0.004,37.0,1,2,0,0,temperature,1
2232.919,3.559,40.713,22.785,0.02,1012.7,0.437,55.273,396.079,0.439,-0.507,0.007,13.0,1,0,0,0,gas,0
1170.427,3.061,35.833,19.543,0.019,1014.2,1.157,55.012,690.021,-0.117,-0.622,0.002,14.0,1,23,0,0,gas,0
1822.767,33.521,56.36,22.636,0.03,1005.7,2.97,79.333,131.908,-0.212,-2.098,-0.005,309.0,3,4,1,0,gas,1
1408.234,36.737,39.882,57.165,0.779,1013.1,2.015,53.229,157.88,10.182,-1.399,0.185,462.0,2,3,0,0,smoke,1
621.278,4.027,95.208,28.089,0.119,1008.6,4.994,75.98,7.69,2.212,20.155,-0.004,76.0,1,16,1,0,humidity,0
915.778,11.758,46.037,25.56,0.017,1009.7,0.274,58.647,400.207,-1.231,1.354,0.007,64.0,1,5,0,1,gas,1
727.439,5.648,93.901,31.501,0.227,1011.5,2.023,75.95,-10.068,3.196,26.519,0.009,41.0,1,16,1,0,humidity,0
456.853,2.462,85.167,23.87,0.183,1014.8,0.552,56.349,-22.593,4.512,12.39,-0.007,155.0,1,1,0,0,humidity,0
948.404,9.806,51.666,24.328,0.007,1014.3,0.29,57.929,314.24,-0.543,0.49,0.0,12.0,1,0,0,0,gas,0
455.226,3.914,82.559,30.066,0.111,1003.6,1.135,56.676,-10.88,3.285,22.062,0.002,24.0,1,5,0,0,humidity,0
766.167,15.199,33.15,28.413,0.514,1011.6,3.669,70.991,40.681,1.839,-0.923,0.226,9.0,1,10,1,1,smoke,0
639.371,26.882,38.371,27.29,0.408,1016.8,4.681,78.183,10.157,1.031,1.117,0.196,44.0,1,10,1,1,smoke,0
0.0,5.771,42.96,24.686,0.006,1015.1,4.97,74.292,-993.535,0.45,-0.544,-0.001,13.0,2,10,1,0,gas,0
1155.007,44.521,37.787,70.587,0.608,1010.8,1.064,51.502,209.705,8.541,-1.301,0.091,689.0,2,7,0,0,smoke,1
1769.285,40.096,40.329,51.783,0.684,1010.0,3.495,81.009,337.992,5.67,-0.251,0.351,49.0,2,18,1,0,smoke,1
547.984,2.404,53.172,63.485,0.002,1018.9,10.164,64.859,16.753,2.957,0.821,0.008,227.0,1,2,0,0,temperature,1
1337.01,47.973,45.714,64.649,0.594,1018.6,3.726,70.462,210.098,1.124,1.521,0.292,79.0,4,9,1,0,smoke,1
687.769,4.207,88.044,35.126,0.237,1010.8,4.364,85.273,-13.503,3.417,21.573,-0.005,199.0,1,11,1,0,humidity,0
469.579,3.179,39.653,58.208,0.033,1017.3,11.1,69.655,-2.964,6.314,0.085,-0.008,99.0,1,23,0,0,temperature,1
1068.18,17.003,52.131,25.823,0.009,1015.4,3.817,68.608,14.322,-2.175,-0.105,-0.007,24.0,1,20,1,0,gas,0
564.134,3.858,49.503,51.417,0.04,1016.3,8.524,64.986,-24.066,7.053,-0.467,-0.008,237.0,1,0,0,0,temperature,1
579.328,5.255,83.799,30.461,0.188,1015.8,0.169,52.842,-24.693,1.647,14.821,0.003,62.0,1,5,0,0,humidity,0
737.8,17.078,42.027,22.597,0.364,1015.6,3.441,72.082,-9.24,1.873,-0.078,0.09,68.0,1,21,1,1,smoke,0
550.12,2.593,36.195,61.679,0.018,1015.4,5.989,65.753,19.064,6.384,-0.455,-0.005,543.0,2,23,0,0,temperature,1
1531.649,11.872,36.485,22.96,0.007,1016.1,4.555,79.945,199.97,-1.482,-0.555,-0.008,85.0,1,10,1,0,gas,0
2181.985,23.898,46.771,26.562,0.025,1007.7,4.467,74.138,405.516,-0.355,-1.176,-0.001,228.0,2,20,1,0,gas,1
660.282,10.425,83.12,27.714,0.013,1016.2,4.155,78.827,-15.194,0.326,6.14,-0.005,68.0,1,10,1,1,humidity,0
602.48,5.72,82.58,25.417,0.23,1017.2,0.408,56.243,9.306,0.844,17.601,-0.003,127.0,1,1,0,0,humidity,0
618.162,8.163,29.157,23.484,0.452,1016.6,4.631,74.507,-0.338,0.585,0.327,0.086,53.0,1,19,1,1,smoke,0
671.508,8.409,50.806,56.595,0.029,1010.9,9.691,82.442,18.45,8.328,-0.063,0.001,74.0,2,6,1,0,temperature,1
704.308,10.062,69.838,23.955,0.038,1012.0,3.77,70.798,-0.146,0.951,27.264,0.01,96.0,1,18,1,1,humidity,0
637.185,10.365,75.213,24.57,0.014,1012.9,0.635,60.894,-12.587,0.413,21.959,-0.004,124.0,1,5,0,1,humidity,0
574.14,4.369,84.279,29.757,0.287,1010.7,2.554,51.692,-1.091,2.633,8.455,0.007,49.0,1,15,0,0,humidity,0
0.0,7.749,40.559,25.218,0.023,1009.6,3.664,71.886,-885.472,-0.587,2.288,0.005,28.0,1,17,1,0,gas,0
1445.783,13.191,41.588,21.596,0.014,1017.4,2.008,52.842,341.49,-0.335,0.492,0.005,8.0,2,23,0,0,gas,0
470.732,3.362,89.914,33.744,0.257,1016.3,0.82,60.091,-32.083,3.775,19.271,0.0,131.0,1,3,0,0,humidity,0
709.528,4.368,50.496,51.301,0.028,1011.8,8.393,90.782,8.008,-1.135,-0.317,-0.007,239.0,1,19,1,0,temperature,1
800.357,11.085,43.717,25.388,0.278,1011.1,3.928,79.152,7.514,2.86,-0.889,0.253,13.0,1,7,1,1,smoke,0
624.455,8.836,39.12,26.242,0.532,1016.9,4.068,75.226,-31.187,4.534,-1.647,0.153,18.0,1,8,1,1,smoke,0
611.444,4.098,96.687,26.683,0.217,1007.9,2.249,54.112,24.883,4.176,21.194,-0.006,43.0,1,2,0,0,humidity,0
717.156,3.222,84.924,28.026,0.17,1008.3,5.312,78.759,18.68,1.472,5.691,-0.001,57.0,1,12,1,0,humidity,0
962.901,1.376,37.816,22.648,0.026,1010.8,1.04,50.329,-154.751,-0.451,-1.23,-0.004,10.0,1,8,0,1,gas,0
556.721,28.66,37.825,28.188,0.455,1014.6,3.977,70.707,-13.898,0.432,-0.449,0.148,27.0,1,17,1,1,smoke,0
555.676,5.739,49.416,54.586,0.025,1014.0,9.012,59.781,15.541,1.161,0.583,0.007,118.0,1,4,0,0,temperature,1
605.317,21.323,51.03,26.009,0.33,1014.1,3.842,73.211,8.504,2.958,4.486,0.058,10.0,1,17,1,1,smoke,0
1193.121,34.748,31.407,41.15,0.279,1010.7,3.041,57.472,580.833,3.619,0.794,0.193,46.0,2,17,0,0,smoke,1
709.483,5.104,88.155,27.32,0.208,1016.1,3.85,75.02,21.172,0.154,13.264,-0.003,36.0,1,9,1,0,humidity,0
2348.118,7.289,52.395,29.694,0.02,1014.0,6.052,70.221,39.096,0.091,1.797,-0.0,114.0,1,15,1,0,gas,0
1351.399,8.802,52.428,23.01,0.011,1012.4,1.636,47.034,215.572,-0.753,1.392,-0.001,24.0,1,2,0,0,gas,0
1433.125,42.358,31.968,50.985,0.396,1009.9,0.108,52.805,743.829,3.29,-1.264,0.147,267.0,3,19,0,0,smoke,1
645.925,3.358,91.388,30.972,0.232,1014.5,3.783,75.114,-21.11,0.568,22.17,-0.006,140.0,1,7,1,0,humidity,0
2142.208,34.409,58.413,26.236,0.025,1010.9,2.833,71.418,455.835,-0.224,0.855,-0.001,28.0,2,18,1,0,gas,1
561.182,4.185,83.271,30.431,0.165,1014.6,0.322,51.413,-14.826,3.458,14.323,-0.001,329.0,1,22,0,0,humidity,0
2463.65,-2.446,33.884,25.892,0.026,1010.6,4.681,72.776,739.802,0.089,-1.689,0.003,29.0,2,6,1,0,gas,1
589.744,9.5,73.212,23.685,0.022,1013.8,1.333,55.851,-1.757,0.545,18.533,-0.003,71.0,1,2,0,1,humidity,0
672.495,21.832,46.681,23.71,0.387,1011.7,4.161,75.742,-12.124,2.777,0.155,0.198,33.0,1,16,1,1,smoke,0
2462.125,6.375,49.548,24.362,0.01,1002.3,4.377,82.293,396.347,-0.518,1.098,-0.003,96.0,2,19,1,0,gas,1
556.32,16.069,48.67,23.165,0.422,1010.9,1.048,59.12,20.137,2.818,0.998,0.032,33.0,1,0,0,1,smoke,0
686.999,6.413,88.14,31.323,0.241,1015.0,3.858,74.376,4.296,1.869,5.636,-0.001,80.0,1,12,1,0,humidity,0
668.056,7.541,89.475,30.248,0.194,1014.4,3.491,82.092,-2.971,-0.773,29.279,-0.001,36.0,1,21,1,0,humidity,0
466.838,21.097,38.204,26.348,0.402,1012.3,0.071,47.416,18.352,1.314,2.255,0.207,16.0,1,3,0,1,smoke,0
1293.185,12.78,52.483,22.451,0.022,1015.5,1.353,53.218,489.463,-1.905,-2.135,-0.005,41.0,1,11,0,0,gas,0
0.0,5.538,55.872,22.532,0.013,1007.6,0.439,52.266,364.393,-0.273,-3.654,0.004,17.0,1,13,0,0,gas,0
543.83,5.825,48.948,25.173,0.397,1011.9,0.986,49.289,14.578,2.602,0.804,0.113,6.0,1,1,0,1,smoke,0
694.828,16.524,45.321,27.531,0.373,1016.8,3.989,78.711,-36.165,2.675,2.189,0.159,35.0,1,20,1,1,smoke,0
638.973,15.1,55.313,23.499,0.285,1015.9,2.913,76.062,-42.516,2.563,-0.384,0.043,28.0,1,15,1,1,smoke,0
1422.235,15.255,35.99,23.429,0.025,1014.4,2.729,72.554,325.412,-2.018,0.916,0.012,24.0,1,13,1,0,gas,0
1350.37,20.809,48.522,24.21,0.013,1010.1,3.416,80.711,40.138,-1.745,1.571,0.004,29.0,2,20,1,1,gas,0
506.523,1.03,33.699,54.991,0.018,1015.9,1.639,62.608,5.247,8.075,1.737,-0.004,96.0,2,18,0,0,temperature,1
792.026,5.811,99.107,31.774,0.211,1011.8,3.82,79.327,32.604,3.183,26.36,0.002,74.0,1,15,1,0,humidity,0
670.456,20.432,48.582,24.392,0.4,1010.8,4.994,78.367,-21.08,0.479,2.334,0.204,2.0,1,4,1,1,smoke,0
0.0,2.061,51.594,27.59,0.025,1012.9,3.841,72.637,315.848,0.125,-0.144,-0.009,12.0,1,9,1,0,gas,0
1487.572,43.762,39.657,46.243,0.612,1013.0,0.691,55.525,406.529,9.883,-1.349,0.371,54.0,2,22,0,0,smoke,1
0.0,3.037,42.404,28.274,0.019,1018.4,2.448,72.091,372.369,0.6,-0.425,0.003,19.0,1,10,1,0,gas,0
1074.77,13.567,45.941,24.308,0.006,1006.4,1.689,51.838,139.6,-2.071,-0.164,0.006,51.0,1,4,0,0,gas,0
1107.289,18.031,55.395,21.681,0.021,1011.0,3.445,76.075,123.974,-2.356,1.775,0.013,31.0,1,10,1,0,gas,0
576.707,5.397,37.048,19.979,0.571,1011.8,0.484,64.243,21.712,0.409,0.666,-0.028,60.0,1,22,0,1,smoke,0
1440.307,18.347,39.841,21.968,0.007,1016.9,0.567,51.515,74.179,-1.928,1.885,-0.003,236.0,2,22,0,0,gas,0
596.518,3.599,44.206,56.275,0.016,1018.3,14.359,82.339,-3.819,11.109,0.161,0.0,417.0,2,21,1,0,temperature,1
1709.613,6.543,56.272,25.721,0.024,1014.0,3.259,73.88,974.292,-0.335,-1.496,-0.002,30.0,1,9,1,0,gas,0
717.514,10.841,33.468,25.378,0.326,1009.1,4.066,73.781,36.157,0.654,-0.548,0.112,135.0,1,11,1,1,smoke,0
641.008,7.831,70.69,23.45,0.042,1014.9,2.609,56.584,14.277,0.277,12.576,0.0,264.0,1,3,0,1,humidity,0
517.665,6.361,98.598,26.327,0.228,1013.8,0.965,62.083,50.217,2.343,22.472,-0.003,44.0,1,22,0,0,humidity,0
2401.453,2.199,39.779,27.767,0.025,1016.7,4.104,77.246,665.688,-0.641,1.552,-0.003,47.0,2,21,1,0,gas,0
1032.152,19.737,48.949,23.318,0.006,1017.4,3.547,76.039,320.29,-1.752,-3.797,-0.001,30.0,1,12,1,1,gas,0
1057.162,13.805,40.222,25.062,0.019,1011.7,4.997,79.626,190.876,-0.737,-2.982,0.0,44.0,1,19,1,0,gas,0
1760.131,23.653,18.273,45.605,0.517,1008.1,0.515,59.508,207.009,3.45,2.111,0.212,185.0,2,10,0,0,smoke,1
1562.217,41.955,37.18,55.144,0.542,1018.5,1.329,54.34,302.906,6.781,0.139,-0.04,158.0,4,6,0,0,smoke,1
598.991,19.008,42.339,24.469,0.273,1015.9,3.52,76.42,21.393,0.528,-0.723,0.021,9.0,1,19,1,1,smoke,0
2052.111,3.863,56.062,27.042,0.016,1013.5,4.292,80.467,-469.67,-0.536,2.09,0.001,17.0,1,14,1,0,gas,0
640.16,10.41,89.218,24.112,0.022,1012.5,4.682,77.568,-0.718,-0.812,9.869,0.003,103.0,1,20,1,1,humidity,0
587.317,5.602,88.138,24.9,0.188,1018.9,0.476,55.963,-23.671,3.079,19.413,-0.006,115.0,1,22,0,0,humidity,0
666.445,5.698,81.496,25.916,0.027,1012.3,4.057,77.911,34.601,-0.013,23.029,0.006,192.0,1,6,1,1,humidity,0
507.636,2.952,80.054,30.758,0.235,1007.7,0.348,51.741,-2.341,0.801,21.771,-0.015,298.0,1,0,0,0,humidity,0
586.969,7.586,42.62,24.733,0.42,1010.7,0.288,49.528,-10.808,3.88,-1.779,0.095,34.0,1,1,0,1,smoke,0
530.163,1.82,79.581,25.965,0.138,1011.8,1.112,53.805,12.72,3.413,19.505,-0.003,318.0,1,10,0,0,humidity,0
1502.999,41.883,52.184,50.086,0.505,1012.7,4.004,78.069,688.213,4.211,-1.566,0.227,69.0,2,19,1,0,smoke,1
703.546,8.975,40.205,25.121,0.427,1016.0,3.567,75.778,16.187,2.377,-2.128,0.21,24.0,1,15,1,1,smoke,0
0.0,7.661,52.634,23.905,0.042,1011.6,2.552,76.118,773.86,0.248,-0.775,0.0,37.0,1,5,1,0,gas,0
631.347,9.326,64.699,24.001,0.38,1015.0,4.132,69.11,-3.811,1.568,-1.881,0.187,72.0,1,6,1,1,smoke,0
785.624,10.481,91.592,27.348,0.038,1013.8,4.75,78.624,30.662,-0.093,12.125,0.008,291.0,2,11,1,1,humidity,0
611.745,11.286,38.425,26.795,0.466,1012.8,3.969,78.385,-35.304,2.245,1.325,0.057,42.0,1,20,1,1,smoke,0
1855.894,45.032,35.23,52.358,0.651,1008.9,0.224,54.415,86.458,10.96,-0.122,0.188,72.0,2,23,0,0,smoke,1
1700.731,59.138,34.144,68.938,0.515,1012.1,0.477,57.926,8.64,6.981,-0.84,0.136,229.0,3,4,0,0,smoke,1
588.86,24.792,40.928,21.799,0.359,1011.2,1.086,57.262,14.628,1.028,-1.787,0.19,27.0,1,0,0,1,smoke,0
434.087,4.771,91.162,24.257,0.142,1014.0,0.545,51.786,14.109,1.459,18.454,-0.002,117.0,1,4,0,0,humidity,0
1905.853,35.329,45.732,25.531,0.012,1006.9,3.689,82.735,491.843,-0.52,-1.029,0.002,301.0,2,17,1,0,gas,1
1206.736,43.605,25.452,33.447,0.672,1019.1,0.654,52.95,434.072,4.886,0.549,0.315,55.0,4,1,0,0,smoke,1
745.585,20.415,35.295,29.391,0.36,1015.0,2.461,75.227,8.59,0.207,-1.781,0.066,33.0,1,11,1,1,smoke,0
1981.165,2.235,39.303,25.358,0.014,1016.5,4.91,84.231,545.206,-0.747,1.52,0.005,12.0,1,20,1,0,gas,0
643.845,5.887,84.09,30.104,0.236,1015.5,3.527,68.167,3.13,3.611,30.999,-0.004,34.0,1,7,1,0,humidity,0
736.489,19.463,35.148,23.79,0.006,1015.9,3.979,75.553,413.514,-1.679,0.754,-0.005,22.0,1,21,1,1,gas,0
0.0,6.723,49.206,24.18,0.004,1013.3,4.533,80.948,-1068.59,0.188,1.892,0.002,11.0,1,16,1,0,gas,0
619.38,14.947,78.629,23.713,0.006,1008.0,4.006,69.597,24.7,-0.269,13.078,-0.003,60.0,1,7,1,1,humidity,0
557.224,20.407,52.751,25.334,0.517,1012.8,1.328,56.428,-21.131,1.566,-0.209,0.17,26.0,1,5,0,1,smoke,0
622.891,23.535,39.922,27.403,0.37,1012.5,3.132,69.379,21.97,-0.431,-0.637,0.084,78.0,1,13,1,1,smoke,0
523.13,21.437,50.658,30.076,0.557,1017.7,3.836,77.327,30.185,1.689,2.305,0.083,7.0,1,2,1,1,smoke,0
634.207,9.755,43.003,26.559,0.377,1016.2,3.91,74.195,-5.115,2.084,-1.258,0.108,9.0,1,9,1,1,smoke,0
1234.052,16.515,51.525,24.954,0.02,1012.3,0.194,53.02,375.162,-1.141,-0.745,0.004,16.0,2,4,0,0,gas,0
470.702,3.277,89.749,27.584,0.142,1012.1,0.973,58.315,-13.487,2.665,15.938,-0.002,331.0,1,1,0,0,humidity,0
598.563,2.871,83.069,20.815,0.007,1012.4,0.206,53.92,-7.682,-0.133,16.918,-0.002,63.0,1,12,0,1,humidity,0
536.021,3.812,87.411,26.033,0.207,1012.8,1.28,51.22,-5.295,2.634,29.851,-0.004,172.0,1,23,0,1,humidity,0
798.847,14.799,42.261,23.75,0.492,1014.5,4.021,77.258,-6.992,-0.002,-1.933,0.112,21.0,1,17,1,1,smoke,0
1343.72,5.45,34.02,27.709,0.009,1010.9,3.675,72.311,-392.589,0.009,-1.99,-0.009,17.0,1,18,1,0,gas,0
1024.304,17.414,40.665,24.427,0.001,1014.3,0.816,60.607,361.339,-0.786,-1.924,0.0,9.0,1,4,0,1,gas,0
1850.443,35.083,36.008,23.78,0.018,1003.2,0.942,52.379,355.947,0.75,0.458,-0.002,20.0,3,22,0,0,gas,1
674.955,-0.734,39.82,25.819,0.221,1011.5,1.277,55.472,22.653,1.549,1.011,0.22,32.0,1,8,0,1,smoke,0
1449.961,9.991,46.192,21.338,0.019,1014.6,0.331,50.505,180.358,-2.609,-0.397,0.005,38.0,1,0,0,0,gas,0
654.478,5.346,43.896,51.402,0.012,1011.4,15.024,88.061,-7.639,6.986,0.288,0.0,47.0,1,17,1,0,temperature,1
625.143,3.175,85.131,27.665,0.179,1011.4,2.908,76.875,17.865,3.73,28.604,0.003,270.0,1,12,1,0,humidity,0
532.512,6.037,87.718,25.868,0.268,1015.5,0.652,53.402,12.671,0.544,20.07,0.003,89.0,2,5,0,0,humidity,0
635.03,11.531,91.078,24.51,0.019,1013.5,4.726,77.163,10.789,0.768,10.731,-0.003,124.0,1,17,1,1,humidity,0
1126.689,16.986,57.218,26.563,0.019,1014.0,3.507,78.481,289.596,-1.825,0.477,0.006,9.0,1,8,1,0,gas,0
672.382,5.417,44.209,51.824,0.014,1015.3,9.876,84.346,4.548,9.542,0.998,0.004,119.0,1,4,1,0,temperature,1
549.686,4.08,91.981,30.16,0.122,1013.6,1.271,58.583,52.438,2.621,18.19,-0.003,401.0,1,17,0,0,humidity,0
663.41,13.905,83.397,25.9,0.01,1012.4,2.541,80.829,34.094,0.019,22.928,-0.004,123.0,1,7,1,1,humidity,0
710.66,15.039,47.096,26.734,0.23,1015.5,4.009,78.692,-5.684,1.132,1.099,0.013,56.0,1,7,1,1,smoke,0
2355.366,5.729,50.106,27.33,0.028,1015.0,3.81,75.245,635.517,0.259,0.229,-0.005,11.0,1,20,1,0,gas,0
747.579,22.219,48.022,27.234,0.363,1015.4,3.902,71.168,8.375,1.779,-2.059,0.086,12.0,1,14,1,1,smoke,0
1826.455,37.737,52.115,26.838,0.013,1010.0,4.299,69.814,126.923,-0.561,-1.914,-0.008,258.0,2,19,1,0,gas,1
2461.277,16.581,51.202,24.575,0.006,1002.6,4.391,72.612,198.599,0.011,-2.671,-0.005,51.0,2,14,1,0,gas,1
1176.787,6.516,34.644,25.668,0.018,1011.3,4.495,74.832,281.593,-1.117,3.406,-0.0,21.0,1,16,1,0,gas,0
1197.486,8.068,43.25,23.324,0.017,1011.9,4.808,75.345,207.109,-0.838,-0.398,-0.005,36.0,1,17,1,0,gas,1
732.7,20.456,51.34,24.122,0.416,1015.0,3.392,71.527,11.771,2.001,0.424,0.1,74.0,1,9,1,1,smoke,0
1098.847,17.066,30.377,25.243,0.009,1012.1,4.587,71.527,345.77,-0.91,0.554,0.005,111.0,1,11,1,0,gas,0
812.62,4.875,93.536,31.384,0.2,1013.0,4.223,73.382,1.914,3.354,9.284,-0.006,237.0,1,6,1,0,humidity,0
1102.042,22.202,49.134,26.196,0.009,1018.4,3.841,67.117,263.984,-1.623,-0.442,-0.0,40.0,1,6,1,0,gas,0
947.426,16.387,40.997,23.319,0.005,1010.9,4.261,89.062,314.694,-0.795,1.684,-0.007,109.0,1,22,1,0,gas,0
645.006,14.078,78.12,24.808,0.019,1010.7,4.315,75.835,-10.723,0.023,4.305,-0.008,254.0,1,16,1,1,humidity,0
452.421,12.892,45.762,22.876,0.386,1010.4,1.334,52.879,-25.017,2.643,1.225,0.189,34.0,1,14,0,1,smoke,0
1520.326,32.061,32.612,51.045,0.538,1011.6,3.867,72.739,328.241,7.299,-1.311,0.19,828.0,2,10,1,0,smoke,1
2159.682,46.479,40.993,44.724,0.212,1010.1,3.578,77.519,601.906,7.362,1.234,0.04,60.0,3,17,1,0,smoke,1
721.421,12.1,41.236,25.901,0.251,1014.1,3.87,73.87,15.748,-0.328,-2.539,0.242,12.0,1,14,1,1,smoke,0
0.0,3.233,53.862,26.968,0.013,1007.0,5.955,71.026,-439.574,0.353,0.945,0.002,47.0,2,12,1,0,gas,0
1754.694,5.153,40.634,22.288,0.03,1014.0,3.369,77.164,310.207,0.478,0.325,-0.0,25.0,1,20,1,1,gas,0
757.548,7.151,85.805,27.576,0.175,1008.4,3.671,77.471,10.857,1.421,25.763,0.005,88.0,1,23,1,0,humidity,0
1274.697,11.229,39.515,22.842,0.024,1014.3,2.955,75.576,191.468,-1.655,-1.394,0.004,7.0,1,14,1,0,gas,0
2197.798,4.308,45.591,27.077,0.031,1011.2,4.329,71.255,653.608,-0.473,-0.646,-0.003,73.0,1,21,1,0,gas,0
1524.231,15.423,44.525,23.478,0.041,1018.7,3.578,78.252,399.144,-2.307,-0.825,-0.004,33.0,1,4,1,0,gas,0
566.478,9.538,60.563,22.536,0.405,1011.9,0.731,54.857,9.415,1.216,-1.217,0.062,5.0,1,1,0,1,smoke,0
617.155,24.565,35.967,24.868,0.297,1007.7,0.05,57.626,-12.759,1.204,-2.728,0.072,37.0,1,3,0,1,smoke,0
518.937,14.583,38.114,23.779,0.462,1011.2,0.065,61.853,-15.393,1.992,0.775,0.073,75.0,1,9,0,1,smoke,1
607.878,10.273,76.534,22.958,0.033,1013.5,4.151,76.702,18.827,-0.097,13.765,0.006,55.0,1,21,1,1,humidity,0
662.431,3.736,77.813,27.857,0.178,1015.1,4.156,72.119,-14.77,1.512,11.924,0.001,97.0,2,13,1,0,humidity,0
1686.144,41.901,39.669,43.708,0.607,1016.2,3.53,78.791,393.968,7.048,1.825,0.01,59.0,2,19,1,0,smoke,1
3007.677,18.175,49.547,27.053,0.03,1005.1,3.38,67.551,360.433,0.033,0.377,-0.002,48.0,3,10,1,0,gas,1
535.538,5.075,81.293,21.366,0.032,1011.1,1.379,53.776,-32.462,0.657,18.569,0.005,44.0,1,5,0,1,humidity,0
2389.546,37.105,41.008,23.431,0.027,1002.1,1.769,54.095,514.176,0.111,1.367,0.002,422.0,2,12,0,0,gas,1
554.398,3.603,93.515,28.633,0.131,1016.9,2.039,55.489,-24.021,1.302,17.035,-0.001,59.0,1,6,0,0,humidity,0
545.777,6.454,78.377,22.847,0.021,1011.4,2.493,51.261,-13.296,-0.612,16.412,-0.012,184.0,1,22,0,1,humidity,0
528.368,7.456,54.443,20.559,0.336,1011.9,0.276,56.043,-6.645,1.436,1.508,0.121,149.0,1,2,0,1,smoke,0
1299.838,18.144,45.868,21.224,0.034,1011.7,0.67,55.083,332.284,-1.483,-0.653,-0.001,20.0,1,5,0,1,gas,0
415.727,2.117,89.01,26.643,0.278,1014.7,1.887,55.692,15.285,3.858,22.553,0.007,34.0,1,21,0,0,humidity,0
703.062,9.455,86.306,26.067,0.027,1013.1,3.173,72.835,11.646,0.112,-5.753,0.001,36.0,1,10,1,1,humidity,0
676.148,5.161,48.024,48.77,0.035,1015.3,13.945,81.774,-13.42,3.375,-1.839,0.004,147.0,1,11,1,1,temperature,1
695.31,11.074,41.079,26.225,0.353,1010.7,4.047,75.565,34.009,0.91,-0.678,-0.011,52.0,1,20,1,1,smoke,0
576.276,3.472,90.565,30.291,0.245,1016.3,0.566,55.417,27.087,4.024,8.436,0.004,71.0,1,5,0,0,humidity,0
701.727,9.948,78.372,24.888,0.03,1017.3,4.354,71.396,-1.801,-0.095,15.421,-0.001,171.0,1,16,1,1,humidity,0
647.52,5.617,86.971,28.148,0.191,1013.3,4.379,78.441,-31.227,0.457,17.053,0.003,33.0,1,9,1,0,humidity,0
637.887,9.516,78.295,27.01,0.019,1010.3,3.794,71.0,-52.282,0.485,-0.591,0.002,163.0,1,16,1,1,humidity,0
719.417,13.171,49.39,25.925,0.416,1013.3,3.738,69.131,25.589,1.494,0.752,0.133,23.0,1,17,1,1,smoke,0
661.396,19.121,21.709,24.571,0.46,1012.9,3.759,72.805,0.89,0.877,2.455,0.124,37.0,1,13,1,1,smoke,0
1376.423,12.203,22.416,41.766,0.708,1016.9,0.283,51.929,209.001,7.959,0.238,0.305,48.0,4,1,0,0,smoke,1
678.339,10.97,78.456,24.884,0.004,1016.0,4.358,73.698,-26.306,-0.028,11.493,0.01,155.0,1,14,1,1,humidity,0
636.306,12.339,40.993,26.014,0.323,1015.5,2.264,72.604,-20.685,4.325,-3.747,0.095,48.0,1,17,1,1,smoke,0
490.895,8.771,83.742,23.598,0.029,1017.3,1.113,51.091,6.242,-0.596,22.523,0.005,343.0,1,19,0,1,humidity,0
0.0,3.764,47.13,21.606,0.016,1013.6,0.11,54.361,-369.044,-0.119,-2.281,-0.003,26.0,1,1,0,0,gas,0
1333.151,15.046,59.519,24.875,0.023,1016.2,4.078,77.306,218.225,-1.229,1.695,-0.005,31.0,1,11,1,0,gas,0
2274.957,35.009,47.369,24.76,0.02,1000.4,3.895,81.583,80.079,0.415,-1.225,0.006,224.0,3,2,1,0,gas,1
677.238,10.413,42.254,26.619,0.403,1009.3,3.581,73.013,23.24,3.527,-0.391,0.129,17.0,1,19,1,1,smoke,0
670.844,4.69,31.885,59.337,0.026,1012.4,9.074,98.66,-11.759,3.933,-0.648,-0.004,189.0,2,8,1,0,temperature,1
724.147,20.695,48.856,27.63,0.362,1008.2,4.032,80.466,43.1,2.528,0.469,0.025,20.0,1,21,1,1,smoke,0
0.0,3.655,28.435,18.314,0.011,1016.4,1.984,54.799,692.333,0.718,-1.122,-0.004,188.0,1,5,0,0,gas,0
1217.668,13.94,45.167,26.132,0.023,1008.2,4.176,77.668,241.205,-1.008,-0.079,0.004,53.0,2,6,1,0,gas,0
723.652,12.818,47.435,26.774,0.37,1010.6,3.167,74.635,13.004,-0.411,1.499,0.103,78.0,1,9,1,1,smoke,0
604.321,13.085,67.804,24.021,0.012,1010.3,5.064,74.015,23.052,-0.663,10.798,0.005,129.0,1,22,1,1,humidity,0
643.292,6.517,98.158,35.168,0.214,1009.8,3.576,70.464,-23.521,2.09,12.924,0.003,134.0,2,17,1,0,humidity,0
2480.914,3.337,40.626,27.356,0.014,1008.8,3.666,71.567,-1045.378,-0.642,1.936,-0.004,71.0,1,0,1,0,gas,0
773.94,7.894,90.413,34.743,0.174,1016.3,4.496,69.213,-21.767,3.064,13.96,0.0,47.0,1,1,1,0,humidity,0
1436.559,37.225,35.902,43.487,0.636,1011.7,0.545,58.037,229.232,5.95,-1.93,0.256,676.0,3,9,0,0,smoke,1
564.479,3.041,81.175,23.862,0.011,1015.2,2.717,60.205,16.995,-0.17,4.835,-0.004,92.0,1,23,0,1,humidity,0
509.458,2.153,86.265,22.519,0.209,1016.0,0.488,54.912,-0.47,0.1,15.968,-0.003,73.0,1,0,0,0,humidity,0
442.322,5.2,88.423,26.325,0.251,1010.8,0.421,56.431,10.774,1.833,27.33,-0.0,35.0,1,3,0,0,humidity,0
751.513,7.459,87.684,34.835,0.214,1008.5,4.548,70.035,-0.961,3.637,19.334,0.003,259.0,1,19,1,0,humidity,0
931.881,8.347,32.555,50.141,0.721,1011.3,0.331,48.726,301.534,5.21,0.307,0.149,163.0,2,3,0,0,smoke,1
0.0,3.8,46.542,26.04,0.021,1014.0,4.071,72.846,31.873,0.055,-1.475,0.008,99.0,1,8,1,0,gas,0
675.903,4.135,95.93,38.256,0.273,1010.3,4.33,82.04,23.35,2.801,6.4,0.006,41.0,1,18,1,1,humidity,0
2366.335,8.771,40.913,25.623,0.022,1009.9,3.01,75.935,118.179,-0.299,0.392,-0.005,32.0,3,19,1,0,gas,1
656.977,11.684,80.419,23.981,0.02,1011.7,3.912,70.543,-12.776,-0.486,18.433,0.015,163.0,1,11,1,1,humidity,0
1773.704,16.425,45.755,29.171,0.015,1009.9,3.969,73.333,309.391,-0.552,-0.086,-0.006,180.0,3,9,1,0,gas,1
1875.418,40.64,31.829,44.805,0.553,1014.0,1.565,53.828,-34.351,10.653,-0.788,0.112,111.0,4,4,0,0,smoke,1
693.382,5.474,90.415,34.086,0.097,1010.3,4.139,73.534,0.327,0.707,30.018,-0.001,118.0,1,10,1,0,humidity,0
679.569,1.252,88.48,27.609,0.194,1013.8,2.029,47.894,-11.252,5.184,23.84,0.0,84.0,1,5,0,0,humidity,0
614.295,3.272,92.816,33.136,0.173,1020.8,1.612,79.834,-4.993,3.8,18.904,0.002,211.0,1,3,1,0,humidity,0
731.328,10.671,82.272,24.562,0.024,1011.7,2.238,83.61,49.708,0.073,11.735,0.0,108.0,1,19,1,1,humidity,0
2663.419,18.346,53.793,24.073,0.02,1003.3,0.417,53.685,621.19,-0.587,-0.807,-0.006,131.0,3,11,0,0,gas,1
1518.047,49.005,37.68,62.756,0.565,1011.0,3.9,75.384,-101.952,8.282,-1.623,0.233,211.0,2,8,1,0,smoke,1
645.331,6.757,84.816,25.348,0.011,1006.7,0.478,59.378,29.945,-0.086,6.416,0.002,313.0,1,19,0,1,humidity,0
611.812,4.651,47.868,43.103,0.032,1007.4,10.361,87.328,-14.0,5.579,1.362,0.0,421.0,2,17,1,0,temperature,1
2465.524,3.471,40.306,26.733,0.022,1014.3,4.222,75.263,1008.751,0.149,-2.501,0.011,33.0,2,22,1,1,gas,0
1478.074,58.025,39.311,46.932,0.336,1007.4,3.624,74.303,262.022,-0.2,1.083,0.171,324.0,3,18,1,0,smoke,1
483.6,0.834,59.179,19.605,0.446,1011.1,2.158,61.148,13.136,2.466,-0.594,0.057,14.0,2,22,0,1,smoke,0
0.0,6.055,55.193,28.13,0.026,1010.9,3.629,75.76,-554.112,-0.039,-1.81,0.002,8.0,1,6,1,0,gas,0
721.798,13.047,83.9,25.533,0.015,1010.7,4.185,72.08,-23.621,-0.03,20.44,0.002,75.0,1,8,1,1,humidity,0
1006.166,7.3,43.804,22.408,0.015,1014.7,4.98,76.889,74.474,-1.498,0.184,0.011,83.0,1,7,1,0,gas,0
584.847,6.144,96.204,30.483,0.259,1010.1,3.622,79.183,11.052,1.52,12.676,0.008,17.0,1,13,1,0,humidity,0
751.913,11.606,44.066,28.638,0.348,1012.7,2.862,72.083,8.041,1.237,-0.054,0.216,23.0,1,15,1,1,smoke,0
1561.491,14.892,50.624,24.486,0.008,1007.2,4.16,81.365,350.191,0.139,-0.146,-0.001,170.0,2,19,1,0,gas,1
0.0,6.184,45.642,22.897,0.008,1015.6,4.425,77.709,-782.615,-0.176,-0.089,0.005,48.0,1,6,1,0,gas,0
735.601,13.894,44.002,28.084,0.461,1013.0,2.694,80.739,0.847,1.664,1.553,0.145,107.0,1,19,1,1,smoke,0
2882.538,5.539,55.817,27.075,0.011,1008.9,4.525,83.881,510.11,0.349,-1.014,-0.008,30.0,1,11,1,0,gas,0
2232.294,25.202,57.356,27.8,0.027,1010.5,3.651,80.959,333.034,-0.586,1.632,-0.004,143.0,2,18,1,0,gas,1
2662.825,33.577,56.203,25.592,0.015,1010.7,0.062,51.699,438.273,-0.798,0.339,0.001,65.0,2,5,0,0,gas,1
1389.713,19.535,16.865,24.448,0.015,1009.3,4.099,72.005,393.43,-0.728,-0.582,0.002,6.0,2,10,1,0,gas,0
529.223,4.693,83.114,24.376,0.034,1009.8,2.495,56.005,44.471,-0.655,9.012,-0.007,58.0,1,3,0,1,humidity,0
1190.748,23.857,59.483,25.816,0.023,1012.9,4.436,75.417,-12.64,-1.502,-1.464,0.002,39.0,1,14,1,0,gas,0
640.392,5.858,41.307,64.926,0.036,1018.0,10.027,97.042,11.99,1.522,1.129,-0.002,138.0,2,9,1,0,temperature,1
0.0,5.626,44.985,23.185,0.04,1011.4,3.802,73.447,-434.098,0.47,1.699,0.008,24.0,1,12,1,0,gas,0
2278.428,32.167,48.249,23.941,0.023,1002.9,4.404,80.001,136.564,-0.399,2.977,-0.001,184.0,2,10,1,0,gas,1
634.764,15.428,49.698,23.948,0.361,1012.6,4.078,76.438,-11.078,0.763,0.392,0.138,35.0,1,11,1,1,smoke,0
945.522,19.821,45.422,26.591,0.011,1012.3,3.974,72.963,310.522,-1.032,-0.241,-0.001,29.0,1,13,1,0,gas,0
1985.517,47.215,35.207,39.26,0.658,1013.4,1.292,54.255,216.002,3.429,-0.085,0.222,212.0,2,22,0,0,smoke,1
518.251,7.805,87.793,27.53,0.26,1012.2,3.52,77.875,0.49,4.955,7.651,0.001,211.0,1,12,1,0,humidity,0
703.999,7.231,50.902,23.398,0.397,1015.1,3.375,79.05,14.718,1.983,2.421,0.079,20.0,1,4,1,1,smoke,0
699.432,11.515,88.709,26.341,0.013,1010.6,2.752,76.379,0.069,-0.393,8.92,0.006,53.0,1,10,1,1,humidity,0
1060.428,17.159,30.04,24.415,0.017,1008.0,2.531,71.38,363.344,-2.23,0.157,-0.001,58.0,1,13,1,0,gas,0
1568.202,31.231,31.253,45.385,0.384,1011.9,4.516,70.915,225.603,5.293,-0.218,0.253,232.0,2,14,1,0,smoke,1
421.496,6.289,82.785,18.505,0.032,1018.1,1.299,52.654,3.853,-0.614,8.629,0.0,26.0,1,23,0,1,humidity,0
611.335,14.377,45.264,26.116,0.372,1012.3,3.982,75.811,-9.116,-2.414,-1.281,0.177,8.0,1,6,1,1,smoke,0
1486.451,9.68,28.359,46.352,0.571,1013.1,0.128,47.017,280.011,2.952,-2.693,0.21,41.0,4,22,0,0,smoke,1
584.968,4.735,86.194,28.466,0.268,1012.1,0.7,52.644,-1.723,4.425,22.926,0.0,29.0,1,12,0,1,humidity,0
696.352,6.019,85.543,34.137,0.307,1016.6,3.271,73.323,-23.695,4.716,5.26,0.012,191.0,1,6,1,0,humidity,0
1098.812,25.539,45.043,24.583,0.019,1013.9,0.766,53.208,349.313,-1.949,-0.514,0.003,17.0,1,1,0,0,gas,0
654.35,6.265,42.598,49.372,0.023,1011.2,11.161,83.422,-21.461,-0.467,0.641,-0.006,40.0,2,17,1,0,temperature,1
1280.213,16.529,48.083,28.017,0.015,1016.2,5.117,78.647,456.105,-0.971,-1.854,0.0,8.0,1,13,1,0,gas,0
762.764,18.205,53.59,28.992,0.423,1009.5,5.286,77.977,13.504,2.159,1.614,0.129,40.0,1,17,1,1,smoke,0
527.903,9.504,84.986,21.609,0.049,1013.6,1.996,55.286,23.529,0.347,6.513,0.005,105.0,1,3,0,1,humidity,0
1205.944,14.153,34.965,27.394,0.028,1014.7,1.437,46.805,133.286,-2.143,2.903,0.007,19.0,1,11,0,1,gas,0
552.945,11.186,78.655,21.735,0.022,1008.3,1.483,55.099,19.885,-0.063,12.314,-0.004,97.0,1,22,0,1,humidity,0
1190.934,20.578,53.263,25.686,0.027,1016.3,4.908,73.62,368.706,-1.468,2.132,-0.001,27.0,1,12,1,0,gas,0
632.602,13.997,70.85,33.735,0.034,1011.9,4.725,71.582,-16.36,0.084,5.652,0.006,128.0,1,9,1,1,humidity,0
617.23,4.375,89.334,27.636,0.243,1016.7,1.066,51.342,4.942,3.099,18.019,0.005,98.0,1,3,0,0,humidity,0
1875.562,31.646,43.181,29.57,0.011,1008.2,4.249,78.455,326.158,0.664,1.348,-0.005,114.0,3,13,1,0,gas,1
709.148,9.887,46.52,23.653,0.312,1007.1,3.306,77.838,-14.725,2.521,-1.98,0.077,30.0,1,13,1,1,smoke,0
517.727,7.465,76.824,24.223,0.025,1013.0,1.102,48.246,-43.383,0.128,14.194,0.002,113.0,1,0,0,1,humidity,0
1417.811,36.941,43.584,25.994,0.028,1008.0,4.881,76.677,513.304,0.444,1.484,-0.001,332.0,3,20,1,0,gas,1
0.0,5.24,53.527,20.082,0.013,1014.6,1.503,53.801,251.772,-0.336,1.661,-0.0,6.0,2,5,0,1,gas,0
671.068,1.335,81.362,29.741,0.349,1018.7,4.402,81.8,-0.837,0.103,8.166,-0.005,38.0,1,7,1,0,humidity,0
1540.779,12.116,45.197,28.031,0.018,1017.6,4.247,77.059,366.708,-1.626,1.257,-0.006,30.0,1,7,1,1,gas,0
628.836,14.515,47.74,24.358,0.336,1017.1,3.792,76.437,-43.756,2.635,1.21,0.134,130.0,1,10,1,1,smoke,0
0.0,5.442,50.155,21.887,0.012,1015.1,3.199,73.019,-380.965,0.831,1.358,-0.011,25.0,1,16,1,0,gas,0
1318.015,24.327,48.919,27.333,0.028,1015.2,4.326,74.828,126.299,-1.853,-0.975,-0.0,25.0,1,14,1,0,gas,0
566.004,3.455,45.449,58.266,0.036,1013.5,6.049,78.459,-31.26,6.628,1.628,-0.004,49.0,1,4,0,0,temperature,1
664.495,4.657,83.779,30.556,0.23,1009.7,4.203,83.047,-33.529,1.797,17.29,0.002,27.0,2,15,1,0,humidity,0
2299.482,6.327,35.335,26.307,0.02,1013.1,3.53,79.476,-761.703,-0.59,0.736,0.004,16.0,1,12,1,0,gas,0
2401.748,6.696,39.182,24.549,0.034,1014.2,4.778,75.955,611.299,0.139,0.062,-0.006,17.0,1,0,1,0,gas,0
666.843,19.73,48.314,19.563,0.317,1015.1,0.558,55.75,36.283,2.313,-0.123,0.168,9.0,1,2,0,1,smoke,0
1995.203,4.061,57.07,21.132,0.03,1011.4,1.47,53.381,314.457,0.012,0.547,0.0,305.0,3,17,0,0,gas,1
1348.811,20.122,50.499,25.831,0.012,1014.2,4.012,74.137,537.055,-0.641,-1.162,0.002,11.0,1,8,1,0,gas,0
623.092,2.644,91.944,32.547,0.164,1014.2,4.479,84.75,-10.878,3.712,7.899,0.002,212.0,1,15,1,0,humidity,0
552.564,10.34,19.732,21.011,0.332,1011.5,1.819,51.882,-3.531,2.65,-0.128,-0.07,15.0,1,17,0,1,smoke,0
484.258,10.657,48.843,23.278,0.317,1010.4,1.327,57.266,9.089,1.128,0.72,0.172,51.0,1,22,0,1,smoke,0
604.11,10.39,83.966,25.159,0.027,1013.0,3.798,73.161,-8.407,-0.763,12.193,0.007,132.0,1,16,1,1,humidity,0
1261.437,35.509,28.222,50.147,0.557,1013.1,1.2,53.204,381.607,2.821,-0.101,0.217,216.0,3,23,0,0,smoke,1
1221.121,19.528,40.867,16.529,0.021,1007.4,0.515,54.885,115.806,-1.171,-0.939,-0.014,14.0,1,18,0,0,gas,0
600.356,20.195,54.317,23.976,0.473,1012.4,0.536,52.301,-2.629,0.469,-2.384,0.1,24.0,1,10,0,1,smoke,0
623.103,17.58,52.683,27.825,0.323,1009.9,4.234,71.16,23.522,4.361,0.172,0.112,104.0,1,8,1,1,smoke,0
1780.992,5.377,41.704,19.034,0.018,1017.1,0.38,53.576,530.02,-0.185,-0.085,-0.001,32.0,1,2,0,0,gas,0
715.826,26.31,36.444,30.276,0.406,1012.7,4.923,82.874,-0.956,2.214,-0.378,0.152,9.0,1,11,1,1,smoke,0
515.867,12.123,49.714,21.005,0.298,1007.1,1.004,54.851,-4.199,-0.174,1.508,0.139,8.0,1,3,0,1,smoke,0
1211.825,13.045,51.419,25.593,0.024,1008.7,4.088,78.13,202.509,-1.16,0.551,-0.006,6.0,1,23,1,1,gas,0
699.507,4.355,84.079,29.439,0.322,1009.4,3.465,76.925,1.967,2.835,18.348,-0.002,124.0,1,11,1,1,humidity,0
632.094,10.985,75.188,25.751,0.026,1009.7,5.897,72.253,-9.76,-0.001,13.682,-0.005,29.0,1,14,1,1,humidity,0
430.076,6.552,83.176,21.813,0.211,1013.7,0.491,52.846,-35.384,2.793,12.484,0.001,51.0,1,22,0,0,humidity,0
0.0,7.343,47.589,24.629,0.037,1011.1,4.738,75.141,-577.403,-0.427,-1.799,0.008,4.0,1,16,1,0,gas,0
1141.163,0.312,39.263,25.96,0.029,1015.3,2.184,54.568,-29.26,-0.962,-1.998,-0.002,93.0,1,22,0,0,gas,0
623.687,5.461,89.765,28.942,0.244,1013.8,4.093,73.381,16.5,4.587,19.183,-0.003,329.0,2,7,1,0,humidity,0
1448.911,6.368,37.309,25.835,0.003,1013.0,5.274,68.003,209.954,0.234,-2.863,0.002,5.0,1,12,1,0,gas,0
441.568,12.779,39.312,19.579,0.282,1017.3,2.092,52.507,-4.346,0.622,0.122,0.143,53.0,1,21,0,1,smoke,0
667.784,15.518,42.957,25.893,0.363,1010.2,4.38,74.3,-13.62,2.229,-0.78,0.103,30.0,1,9,1,1,smoke,0
630.259,4.711,88.332,30.538,0.123,1008.0,5.046,77.654,-24.929,1.924,22.849,0.008,307.0,1,15,1,1,humidity,1
608.585,14.037,57.323,31.44,0.392,1008.4,3.375,76.008,-23.576,0.019,-0.506,0.014,59.0,1,9,1,1,smoke,0
879.719,1.418,44.89,18.557,0.018,1013.4,2.516,53.677,452.08,-1.527,-0.431,-0.003,41.0,2,2,0,0,gas,0
724.136,5.114,82.643,34.555,0.176,1015.6,3.955,76.803,26.067,4.081,13.73,-0.004,45.0,1,17,1,0,humidity,0
670.095,24.724,43.647,20.651,0.517,1012.0,1.474,52.215,-13.307,1.597,0.395,0.162,10.0,1,1,0,1,smoke,0
658.788,6.223,79.014,22.908,0.029,1018.5,5.413,76.681,2.165,-0.473,13.677,-0.0,69.0,1,20,1,1,humidity,0
676.782,6.436,86.006,27.228,0.013,1011.9,2.99,77.744,-18.43,-0.232,4.752,-0.001,182.0,1,20,1,1,humidity,0
1926.911,4.269,39.944,22.022,0.019,1014.4,0.432,57.96,-167.411,-0.437,-4.064,0.003,48.0,1,12,0,0,gas,0
1035.984,17.586,43.957,26.858,0.006,1011.0,3.102,82.234,564.539,-0.9,-1.325,0.004,7.0,1,16,1,0,gas,0
651.335,2.913,88.122,29.588,0.2,1011.6,3.4,68.556,3.251,2.194,13.856,0.003,24.0,1,7,1,0,humidity,0
1074.967,7.007,37.766,24.224,0.036,1013.9,0.489,48.384,328.582,-1.138,0.839,0.001,5.0,1,22,0,0,gas,0
1964.144,4.612,57.415,23.272,0.032,1011.6,2.989,80.102,284.307,-0.501,0.765,-0.001,25.0,1,9,1,0,gas,0
1117.893,21.156,48.622,29.251,0.01,1015.4,4.157,72.729,279.738,-1.657,-0.661,0.007,40.0,1,8,1,0,gas,0
649.848,3.644,83.273,31.805,0.175,1011.9,3.537,75.597,-11.73,1.477,12.867,0.001,190.0,1,19,1,0,humidity,0
615.397,21.008,51.315,25.857,0.233,1012.7,3.659,67.897,-9.46,0.485,2.551,0.019,6.0,1,18,1,1,smoke,0
575.51,6.042,91.264,27.899,0.108,1016.5,0.477,50.503,28.665,4.486,12.026,-0.004,92.0,1,22,0,0,humidity,0
681.588,7.098,82.811,23.049,0.001,1014.9,4.255,79.646,41.833,0.034,15.487,-0.007,108.0,2,15,1,1,humidity,0
1441.456,53.966,50.404,50.483,0.386,1017.3,3.439,73.343,247.904,8.413,1.282,0.122,542.0,2,11,1,1,smoke,1
1655.722,50.752,39.259,66.65,0.7,1012.1,4.124,69.957,112.907,10.742,-0.107,0.306,20.0,2,7,1,0,smoke,1
993.24,8.673,37.239,26.625,0.027,1016.9,0.259,60.601,182.173,-2.69,-0.236,-0.003,11.0,1,3,0,0,gas,0
649.609,22.138,47.074,28.118,0.352,1013.5,4.229,66.571,16.849,0.82,1.905,0.018,13.0,1,7,1,1,smoke,0
712.243,7.11,73.626,27.643,0.013,1010.9,4.597,74.111,-12.363,0.621,10.372,0.0,175.0,1,16,1,1,humidity,0
1866.831,13.669,53.028,25.043,0.014,1006.0,3.784,78.939,628.801,-0.13,-0.095,-0.002,88.0,2,20,1,0,gas,1
1344.656,45.208,33.559,50.355,0.797,1019.4,2.647,77.056,252.933,5.116,-0.522,0.203,253.0,2,0,1,1,smoke,1
1632.237,49.122,51.304,57.002,0.873,1010.4,2.107,55.723,256.804,5.495,-0.944,0.413,48.0,3,23,0,0,smoke,1
0.0,5.291,47.981,22.776,0.022,1014.7,4.679,76.557,-224.119,-0.442,-2.852,-0.003,82.0,1,16,1,0,gas,0
663.692,10.421,77.178,26.043,0.025,1008.5,4.575,72.153,19.56,0.174,10.385,0.002,71.0,1,19,1,1,humidity,0
2818.426,6.128,59.731,24.396,0.036,1011.1,4.522,70.76,778.809,-0.137,-1.247,0.009,65.0,1,16,1,1,gas,0
2772.376,6.4,45.825,23.232,0.025,1012.2,4.135,72.976,-283.477,-0.345,-2.061,-0.003,31.0,1,4,1,0,gas,0
1686.016,49.638,44.876,46.69,0.439,1015.6,4.176,83.035,316.033,8.389,-0.175,0.191,228.0,2,19,1,0,smoke,1
535.443,1.081,60.264,50.631,0.023,1010.1,7.673,65.249,-36.417,11.198,0.868,0.002,292.0,1,3,0,0,temperature,1
466.725,3.077,79.254,21.85,0.031,1017.1,0.147,45.675,-13.02,-0.54,14.062,-0.004,24.0,1,4,0,1,humidity,0
714.382,4.44,36.838,56.071,0.019,1009.7,12.167,81.975,-25.755,4.823,1.028,0.006,183.0,1,15,1,0,temperature,1
523.117,9.335,81.985,21.102,0.016,1009.0,1.163,45.7,1.379,-0.212,7.018,0.002,420.0,1,20,0,1,humidity,0
506.661,8.858,75.885,22.934,0.039,1015.1,1.441,55.439,-55.405,0.343,13.009,-0.008,207.0,1,17,0,1,humidity,0
649.948,15.858,61.211,25.847,0.287,1013.1,4.141,69.411,-10.615,1.033,-0.08,0.147,4.0,1,11,1,1,smoke,0
3012.495,4.592,42.181,28.722,0.006,1013.8,3.911,74.372,-31.179,-0.013,-0.344,0.006,32.0,1,19,1,0,gas,0
2437.619,2.89,49.324,25.153,0.014,1016.7,4.22,74.303,-573.405,0.379,-0.001,0.003,11.0,1,21,1,0,gas,0
599.111,6.848,49.758,55.327,0.012,1019.7,11.418,88.646,-21.214,7.795,-0.031,-0.0,129.0,1,15,1,0,temperature,1
780.113,4.268,83.498,33.341,0.166,1014.1,4.132,79.465,-2.578,3.681,14.215,-0.005,276.0,1,10,1,1,humidity,0
643.668,20.871,50.937,22.123,0.379,1016.9,1.056,59.851,14.289,2.471,2.622,-0.039,28.0,1,1,0,1,smoke,0
1494.778,15.041,42.513,48.595,0.555,1011.0,0.758,60.602,415.407,1.856,-2.8,0.287,438.0,4,0,0,1,smoke,1
675.974,20.705,28.655,26.884,0.361,1017.2,3.66,80.363,16.614,2.649,0.815,0.142,33.0,1,8,1,1,smoke,0
507.222,13.143,82.186,22.352,0.006,1011.7,1.869,58.65,-57.821,0.024,12.003,0.006,37.0,1,2,0,1,humidity,0
1358.534,18.641,49.217,21.137,0.019,1015.7,1.222,60.203,198.992,-0.148,-0.474,0.002,17.0,2,23,0,0,gas,0
548.789,2.276,91.067,27.698,0.095,1014.9,0.786,55.484,-31.106,4.798,30.175,0.005,47.0,1,5,0,1,humidity,0
677.522,20.77,42.41,26.749,0.474,1016.4,3.603,75.411,-3.018,1.697,1.039,0.033,10.0,1,6,1,1,smoke,0
688.591,5.453,79.704,26.543,0.018,1015.0,3.988,81.96,-23.753,0.138,9.466,-0.003,418.0,1,21,1,1,humidity,0
529.422,2.638,98.365,29.819,0.112,1012.1,0.483,56.802,-11.007,3.766,18.652,0.01,266.0,1,2,0,0,humidity,0
703.002,5.686,84.021,32.281,0.236,1013.8,3.751,77.373,-11.133,0.564,9.715,0.001,7.0,1,9,1,0,humidity,0
1194.964,21.143,54.809,22.13,0.023,1014.8,3.862,69.583,53.94,-0.467,-1.506,0.006,21.0,1,16,1,0,gas,0
483.937,14.721,40.908,23.108,0.291,1015.2,1.755,64.334,-3.122,2.499,-0.835,-0.006,65.0,1,17,0,1,smoke,1
638.177,20.014,54.875,25.516,0.261,1016.4,3.442,78.828,20.545,0.995,-0.912,0.122,26.0,1,1,1,1,smoke,0
1041.055,17.9,40.5,24.239,0.021,1014.3,1.44,53.98,305.923,-1.667,1.384,-0.0,16.0,2,3,0,0,gas,0
1988.362,20.486,43.61,20.752,0.028,1007.0,2.314,52.743,81.545,0.001,0.385,0.011,178.0,2,2,0,0,gas,1
1544.002,5.8,36.921,24.008,0.029,1014.7,4.215,75.779,205.179,-0.441,0.806,-0.002,24.0,1,10,1,1,gas,0
1465.112,7.653,45.207,24.35,0.017,1012.6,3.304,72.094,240.974,-2.272,-0.428,0.0,8.0,1,17,1,0,gas,0
623.677,4.35,87.713,30.52,0.134,1012.5,4.075,73.281,5.652,-0.548,23.203,-0.0,58.0,1,10,1,0,humidity,0
2069.49,35.698,45.711,27.983,0.041,998.0,4.671,73.469,585.231,-0.38,-1.909,-0.006,199.0,3,12,1,0,gas,1
635.881,16.674,56.47,27.532,0.55,1011.5,4.227,65.235,-10.745,2.582,-0.036,0.144,21.0,1,12,1,1,smoke,0
743.763,6.67,45.249,58.995,0.031,1016.3,10.864,81.084,-9.251,8.873,-0.895,-0.002,74.0,2,21,1,0,temperature,1
624.389,7.486,42.876,56.537,0.025,1011.2,7.932,92.535,6.162,7.607,0.1,-0.002,70.0,2,18,1,0,temperature,1
1502.938,45.437,28.996,41.132,0.301,1012.2,1.839,49.627,245.299,5.135,0.025,0.159,125.0,2,15,0,0,smoke,1
696.299,1.758,80.823,27.271,0.181,1007.0,1.821,50.8,24.806,0.218,24.839,0.002,516.0,1,5,0,0,humidity,0
648.629,11.385,71.25,25.227,0.024,1013.8,4.004,77.677,14.722,0.846,7.471,-0.0,52.0,1,13,1,1,humidity,0
558.594,2.647,97.239,28.956,0.327,1011.8,0.337,55.703,14.878,-1.128,11.013,0.005,55.0,1,22,0,0,humidity,0
1577.737,23.939,19.821,53.836,0.368,1012.2,4.007,69.78,-4.151,7.888,0.209,0.473,154.0,3,14,1,0,smoke,1
642.133,5.237,86.221,31.817,0.17,1013.1,4.297,72.687,-4.35,3.68,28.61,0.0,300.0,1,19,1,0,humidity,0
472.661,4.018,86.557,26.226,0.26,1011.0,0.335,48.278,19.918,6.331,13.562,0.012,56.0,2,2,0,1,humidity,0
718.952,6.228,91.872,33.098,0.118,1012.7,4.346,74.39,15.361,1.981,8.065,-0.001,25.0,1,13,1,0,humidity,0
506.02,0.353,86.518,29.639,0.143,1006.9,1.499,55.247,-12.323,4.132,14.824,-0.003,413.0,1,4,0,0,humidity,0
760.649,21.192,44.748,24.834,0.402,1012.4,2.373,77.852,-23.217,2.838,1.103,0.168,27.0,1,13,1,1,smoke,1
624.97,3.89,86.867,33.713,0.201,1009.0,4.65,77.862,-3.285,2.432,10.244,-0.004,61.0,1,11,1,0,humidity,0
1679.747,15.324,45.194,24.228,0.012,1012.4,3.16,73.009,358.931,-0.831,1.018,-0.003,102.0,1,6,1,0,gas,0
494.648,3.364,50.113,21.381,0.543,1017.1,2.277,60.142,27.414,4.148,2.226,0.046,28.0,1,5,0,1,smoke,0
809.754,2.769,54.864,24.117,0.03,1012.1,0.696,55.914,722.708,-0.325,1.565,-0.007,16.0,1,16,0,0,gas,0
1118.532,4.468,41.041,23.893,0.035,1016.6,1.475,56.855,207.487,-0.116,0.614,0.005,9.0,2,3,0,0,gas,0
717.618,5.714,84.85,29.427,0.268,1017.2,4.709,72.55,-1.502,0.219,14.096,-0.002,186.0,1,0,1,0,humidity,0
0.0,2.202,45.412,21.463,0.006,1010.1,2.255,53.541,-422.771,-0.312,-0.467,-0.006,24.0,1,5,0,0,gas,0
430.152,4.207,53.606,44.395,0.014,1012.6,6.494,60.149,-5.856,2.492,0.283,-0.007,68.0,2,11,0,0,temperature,1
0.0,6.53,48.11,27.093,0.031,1013.6,4.064,75.811,-869.47,-0.31,-4.468,0.0,6.0,1,16,1,0,gas,0
684.103,6.919,87.094,34.062,0.225,1013.8,3.721,77.211,30.799,2.396,15.423,0.002,292.0,1,5,1,0,humidity,0
614.066,13.165,89.393,25.991,0.02,1014.7,3.207,70.478,14.509,0.313,10.004,-0.0,57.0,1,1,1,1,humidity,0
1155.273,6.172,44.084,22.062,0.012,1010.9,2.159,56.45,117.797,-1.385,0.66,-0.003,101.0,2,4,0,0,gas,0
566.231,1.218,91.711,33.982,0.225,1008.8,0.561,52.469,-9.962,2.544,24.63,-0.003,149.0,1,23,0,0,humidity,0
610.765,4.677,48.229,25.711,0.427,1015.3,0.307,50.862,-1.811,-1.523,0.384,0.101,62.0,1,22,0,1,smoke,0
604.5,9.529,84.496,23.36,0.008,1013.4,2.862,80.564,-0.36,-0.19,9.486,0.001,44.0,1,13,1,1,humidity,0
697.514,3.889,41.717,56.97,0.023,1008.3,13.273,90.635,25.944,3.586,-3.17,-0.0,75.0,2,14,1,0,temperature,1
0.0,2.798,55.588,20.695,0.014,1013.9,0.811,56.383,226.828,-0.12,0.294,0.006,46.0,1,0,0,0,gas,0
783.334,8.695,60.846,25.407,0.432,1012.2,4.13,76.567,-20.365,2.201,-3.029,0.125,38.0,1,19,1,1,smoke,0
1637.526,15.953,39.599,27.833,0.014,1012.7,3.459,72.811,269.409,-0.338,1.739,0.0,4.0,2,10,1,0,gas,0
762.359,1.311,88.935,36.104,0.18,1013.9,2.573,73.429,10.47,3.48,17.332,0.002,52.0,1,8,1,0,humidity,0
716.08,5.768,86.818,29.859,0.124,1007.5,3.192,77.507,-1.166,2.334,21.682,0.003,466.0,1,15,1,0,humidity,0
0.0,3.777,50.482,22.259,0.017,1014.3,2.299,52.034,385.74,0.415,-1.011,0.0,16.0,1,5,0,0,gas,0
598.704,0.798,40.517,52.414,0.01,1014.7,4.899,61.269,-3.614,10.627,-2.892,-0.006,131.0,1,19,0,0,temperature,1
618.212,2.988,87.127,29.486,0.245,1012.3,1.187,55.649,14.382,3.745,21.653,-0.01,162.0,1,3,0,0,humidity,0
671.857,2.276,90.554,30.944,0.199,1013.3,3.452,73.848,-33.717,3.76,16.875,0.004,159.0,1,16,1,0,humidity,0
669.701,4.749,86.873,25.838,0.152,1012.8,3.49,83.789,6.392,0.574,12.887,-0.004,161.0,1,18,1,0,humidity,0
485.346,5.265,50.637,58.261,0.029,1016.2,4.116,62.67,1.587,8.92,1.489,0.002,683.0,2,23,0,0,temperature,1
1472.7,17.296,50.949,26.137,0.01,1018.1,0.496,48.184,640.976,-1.113,-1.702,0.005,68.0,1,23,0,0,gas,0
613.107,7.514,82.376,21.455,0.04,1008.5,1.426,50.424,-37.992,-0.621,13.354,0.007,23.0,1,16,0,1,humidity,0
533.486,10.655,49.135,22.586,0.353,1011.6,1.293,55.56,-7.346,2.442,3.704,0.176,22.0,1,5,0,1,smoke,0
787.04,6.566,84.586,30.674,0.239,1012.2,4.02,73.288,11.817,1.409,17.051,-0.0,74.0,1,6,1,0,humidity,0
675.438,2.897,80.403,27.677,0.1,1007.8,1.917,77.441,15.898,0.51,24.92,-0.002,150.0,1,1,1,1,humidity,0
1798.351,30.122,28.647,51.647,0.413,1015.1,4.155,76.621,451.527,9.777,-0.694,0.216,408.0,4,12,1,0,smoke,1
1094.695,13.572,38.017,24.852,0.015,1013.6,0.602,50.197,29.581,-1.398,0.765,-0.001,17.0,2,2,0,0,gas,0
647.286,8.375,83.04,26.361,0.03,1017.7,3.172,85.553,1.22,-0.026,13.79,0.0,38.0,2,21,1,1,humidity,0
674.936,4.418,81.248,30.54,0.184,1019.5,3.658,70.601,-5.799,2.354,27.89,0.006,49.0,1,7,1,0,humidity,0
681.176,4.25,85.835,31.733,0.093,1008.4,4.747,74.768,-20.095,2.729,14.96,-0.007,116.0,1,14,1,0,humidity,0
706.507,0.876,38.605,59.36,0.024,1011.4,12.681,84.605,10.613,5.839,-0.433,-0.007,349.0,1,13,1,0,temperature,1
626.805,21.175,48.495,20.504,0.507,1012.7,4.382,75.177,1.444,1.707,-0.538,0.069,25.0,2,1,1,1,smoke,0
533.351,7.184,81.613,27.283,0.032,1011.6,5.319,72.6,18.679,-0.202,11.234,0.0,240.0,1,11,1,1,humidity,0
722.714,4.859,82.261,29.894,0.183,1013.1,2.961,68.808,-28.508,3.977,20.382,0.004,20.0,1,16,1,0,humidity,0
1186.813,23.381,37.86,23.118,0.013,1013.3,5.087,76.57,316.17,-2.668,-3.683,-0.001,28.0,1,19,1,0,gas,0
511.155,12.622,85.499,22.688,0.018,1012.5,0.472,57.21,11.625,-0.524,12.336,0.003,145.0,1,2,0,1,humidity,0
675.792,5.731,85.311,31.989,0.253,1009.6,3.153,72.184,14.295,1.907,19.19,-0.001,423.0,2,11,1,0,humidity,0
725.196,7.929,78.793,29.468,0.267,1012.2,4.203,79.868,17.628,-0.064,19.889,-0.004,78.0,1,6,1,0,humidity,0
554.349,13.655,51.18,22.916,0.329,1014.0,1.903,50.875,59.065,0.62,0.377,0.071,56.0,1,1,0,1,smoke,0
1079.946,37.416,35.822,55.51,0.479,1013.6,1.954,57.996,488.451,4.825,-0.997,0.301,54.0,2,5,0,0,smoke,1
1125.1,22.542,49.89,25.813,0.009,1012.9,3.705,75.562,218.696,-2.693,2.825,0.0,29.0,1,20,1,0,gas,0
678.313,22.328,47.052,24.154,0.304,1016.0,4.44,78.15,-2.14,0.243,0.176,-0.009,62.0,1,18,1,1,smoke,0
693.603,4.491,41.735,55.489,0.031,1019.7,9.538,79.01,-15.347,2.765,0.181,-0.003,35.0,2,6,1,0,temperature,1
515.01,8.728,50.203,20.427,0.299,1016.0,1.049,50.472,24.644,2.565,-0.394,0.042,43.0,1,17,0,1,smoke,0
0.0,2.782,55.349,21.743,0.025,1018.2,1.125,56.945,-715.527,-0.813,0.47,0.005,2.0,1,5,0,0,gas,0
501.449,6.471,77.517,23.731,0.025,1016.9,0.686,52.344,-1.654,-0.035,4.95,-0.002,79.0,1,5,0,1,humidity,0
1668.503,13.276,43.195,24.19,0.036,1008.6,5.749,81.644,602.567,-0.613,-1.655,0.0,399.0,2,3,1,0,gas,1
1935.941,35.992,23.957,31.766,0.818,1011.9,3.616,77.88,189.186,1.713,-0.682,0.23,218.0,2,17,1,0,smoke,1
1412.652,27.765,35.431,57.578,0.558,1010.6,0.626,62.882,309.372,0.354,0.275,0.284,582.0,4,22,0,0,smoke,1
659.061,16.869,39.661,25.393,0.34,1012.2,3.193,68.912,-0.79,0.907,-3.265,0.091,22.0,1,20,1,1,smoke,0
631.487,1.654,51.449,50.647,0.007,1009.0,10.596,62.691,14.625,12.981,-2.108,0.001,166.0,1,20,0,0,temperature,1
0.0,4.518,42.931,25.993,0.011,1013.0,3.585,74.834,-1388.896,-0.294,-3.709,-0.005,76.0,1,16,1,1,gas,0
702.084,5.667,89.092,26.61,0.189,1018.4,5.368,68.288,5.25,4.264,18.744,0.001,172.0,1,10,1,1,humidity,0
1030.238,15.581,56.972,29.374,0.026,1014.4,5.208,78.541,385.013,-1.271,-0.501,0.001,24.0,2,18,1,0,gas,0
528.027,2.882,93.31,28.604,0.167,1011.1,1.57,58.251,22.192,2.076,26.268,0.002,20.0,1,5,0,1,humidity,0
2134.257,3.704,46.926,24.476,0.022,1015.6,4.468,71.191,900.39,-0.291,-1.231,-0.003,52.0,1,22,1,0,gas,0
663.384,16.786,58.516,24.595,0.404,1016.1,5.472,76.355,0.066,2.087,-1.433,0.254,28.0,1,21,1,1,smoke,0
638.872,11.287,82.331,25.104,0.02,1013.6,3.746,74.156,35.199,-0.031,16.386,0.0,278.0,1,17,1,1,humidity,0
581.771,5.071,81.986,35.042,0.311,1011.2,3.923,80.341,15.743,0.918,26.858,-0.003,73.0,1,15,1,0,humidity,0
1561.711,38.596,37.717,49.337,0.378,1017.6,0.304,53.603,34.162,5.518,0.652,0.258,43.0,4,22,0,0,smoke,1
650.011,5.371,84.004,35.135,0.265,1009.7,2.919,79.05,-25.645,1.653,7.841,0.004,12.0,1,10,1,0,humidity,0
706.347,8.927,48.639,25.497,0.528,1019.7,3.243,76.403,-45.893,0.768,-2.193,0.216,32.0,1,19,1,1,smoke,0
685.077,12.834,87.565,25.382,0.017,1012.0,4.757,79.248,13.979,0.415,18.95,0.009,34.0,1,15,1,1,humidity,0
1969.471,17.924,56.096,28.259,0.022,995.9,5.295,77.809,115.237,-0.174,-3.852,0.009,313.0,2,13,1,0,gas,1
935.938,17.28,40.984,26.752,0.031,1015.9,4.636,72.799,213.587,-1.321,0.967,-0.013,45.0,1,19,1,0,gas,0
553.257,5.197,89.533,23.513,0.189,1012.3,0.94,52.754,-22.751,1.562,20.883,-0.0,194.0,1,22,0,0,humidity,0
557.312,1.995,99.401,30.69,0.143,1014.2,2.188,76.965,8.315,3.766,25.515,-0.004,237.0,1,16,1,0,humidity,0
580.387,11.77,84.998,22.908,0.015,1017.1,1.371,57.819,4.72,-0.18,13.694,0.009,104.0,1,2,0,1,humidity,0
548.15,1.047,50.611,51.528,0.02,1012.7,8.218,61.679,1.74,1.519,-0.356,-0.007,51.0,1,0,0,0,temperature,1
1358.333,66.738,38.302,62.443,0.498,1013.6,3.845,75.444,367.906,3.538,-0.367,0.207,38.0,4,17,1,0,smoke,1
1747.496,29.415,45.601,45.635,0.481,1015.3,4.061,79.585,392.365,7.788,-0.257,0.178,140.0,3,7,1,0,smoke,1
1939.857,4.626,41.068,55.603,0.397,1010.0,4.073,72.591,295.057,6.948,0.786,0.195,173.0,3,15,1,0,smoke,1
1367.565,21.207,48.679,23.388,0.022,1011.1,3.137,70.394,151.975,-0.534,-0.203,0.0,89.0,2,17,1,0,gas,1
668.002,2.35,54.598,59.554,0.009,1010.8,6.78,80.961,-0.914,7.091,-0.694,0.003,172.0,2,20,1,0,temperature,1
853.894,15.681,46.156,26.96,0.005,1007.2,4.963,71.7,334.505,-1.481,-0.454,0.001,21.0,1,11,1,0,gas,0
632.075,6.417,47.491,70.561,0.019,1010.7,9.068,94.992,-6.528,4.333,2.173,0.0,183.0,1,15,1,0,temperature,1
719.451,7.392,87.013,31.221,0.161,1010.7,5.71,75.912,19.422,3.923,21.654,0.004,119.0,1,11,1,0,humidity,0
1824.977,10.785,50.151,52.02,0.65,1014.4,4.491,76.731,443.268,11.179,1.909,0.356,148.0,3,6,1,0,smoke,1
722.11,5.878,51.801,24.603,0.016,1007.6,0.41,56.564,-412.903,-0.397,-1.069,-0.001,222.0,1,4,0,0,gas,0
582.169,5.757,89.376,37.175,0.199,1012.0,4.211,71.165,14.208,2.604,17.716,-0.006,22.0,1,6,1,1,humidity,0
786.147,18.775,46.421,30.182,0.291,1013.6,3.814,78.281,18.976,3.059,-0.434,0.044,16.0,1,6,1,1,smoke,0
569.492,16.566,41.667,22.435,0.514,1014.6,0.478,53.428,7.656,1.486,1.172,0.153,12.0,1,4,0,1,smoke,0
0.0,4.453,34.396,20.06,0.028,1015.4,0.824,60.353,541.591,0.827,0.939,0.004,34.0,1,16,0,1,gas,0
819.762,9.011,84.278,23.131,0.01,1011.9,3.752,72.196,-4.217,0.238,11.111,0.009,57.0,1,7,1,1,humidity,0
658.371,19.737,47.823,22.901,0.383,1017.7,3.893,76.458,-1.585,0.955,2.729,0.284,15.0,2,21,1,1,smoke,0
1287.491,39.879,51.202,48.243,0.597,1012.7,1.669,55.599,191.851,8.931,-0.793,0.224,160.0,4,3,0,0,smoke,1
1490.47,41.465,38.556,56.038,0.381,1016.6,0.549,49.618,277.914,7.028,-0.128,0.3,32.0,2,4,0,0,smoke,1
578.884,4.259,85.979,25.529,0.205,1012.4,0.359,53.241,0.443,2.348,15.248,0.006,107.0,1,17,0,0,humidity,0
617.361,2.306,42.54,52.054,0.025,1015.1,6.585,86.036,1.312,7.596,-1.137,0.005,228.0,1,1,0,0,temperature,1
475.824,7.513,47.444,21.091,0.441,1011.1,1.838,49.75,-17.465,0.939,1.177,0.118,15.0,1,3,0,1,smoke,0
1905.827,22.343,28.673,24.8,0.013,1004.6,3.173,83.661,432.753,-0.161,0.128,0.003,68.0,3,17,1,0,gas,1
1555.38,16.942,40.426,46.915,0.387,1014.6,4.983,73.23,421.488,5.495,-0.331,0.214,264.0,3,15,1,0,smoke,1
1240.568,4.765,39.527,24.396,0.009,1017.5,5.376,82.762,895.381,-0.134,1.177,-0.005,29.0,1,5,1,0,gas,0
847.567,16.075,36.477,27.445,0.323,1009.3,3.653,81.553,-3.448,1.075,0.652,0.134,41.0,1,21,1,1,smoke,0
652.129,27.845,55.138,24.446,0.273,1007.4,3.474,73.613,7.463,0.644,-1.683,0.13,30.0,1,13,1,1,smoke,1
787.985,18.946,39.357,28.481,0.119,1009.6,5.267,77.055,28.04,2.312,-0.14,0.198,48.0,1,7,1,1,smoke,0
548.297,2.834,80.153,25.239,0.211,1018.2,0.534,53.372,11.546,3.61,23.657,-0.007,179.0,1,23,0,1,humidity,0
1241.499,41.582,39.217,46.408,0.384,1010.4,4.508,68.467,448.865,7.501,-0.356,0.054,120.0,4,18,1,0,smoke,1
821.07,25.652,45.479,25.097,0.109,1019.3,4.446,67.887,-45.9,2.972,1.504,0.055,52.0,1,16,1,1,smoke,0
675.639,3.986,85.381,30.424,0.179,1016.7,4.557,74.733,-20.697,1.041,14.038,0.001,194.0,1,20,1,1,humidity,0
788.078,6.889,57.381,23.26,0.008,1016.3,2.556,58.045,366.252,-0.878,-0.062,0.001,50.0,1,5,0,0,gas,0
2455.872,37.474,60.558,28.45,0.016,1007.1,2.432,78.477,404.342,-0.343,-0.307,0.001,17.0,3,20,1,0,gas,1
1233.459,23.534,43.067,29.706,0.014,1011.1,4.72,69.399,106.554,-0.986,-0.356,-0.007,106.0,1,10,1,0,gas,0
474.756,2.895,84.837,27.523,0.148,1018.1,0.566,54.564,-15.645,3.198,31.196,-0.0,106.0,1,22,0,0,humidity,0
572.341,12.765,31.715,21.474,0.465,1013.5,0.623,54.605,6.168,2.052,1.174,0.086,30.0,1,1,0,1,smoke,0
0.0,3.536,42.596,19.645,0.008,1012.7,0.462,48.712,-455.493,0.274,1.148,-0.003,30.0,1,5,0,0,gas,0
741.015,32.219,37.481,24.594,0.436,1013.4,3.334,67.073,-35.921,1.518,2.345,0.118,4.0,1,16,1,1,smoke,0
1392.561,46.829,37.488,50.969,0.873,1014.4,3.589,80.952,410.289,8.755,2.387,0.047,71.0,3,6,1,0,smoke,1
1934.296,28.162,43.314,24.828,0.018,1008.5,5.27,74.598,189.908,0.282,2.015,-0.007,74.0,2,21,1,0,gas,1
0.0,5.009,42.43,27.214,0.02,1015.5,4.286,73.917,963.962,-0.634,-0.032,-0.001,9.0,1,16,1,0,gas,0
1307.112,39.607,29.23,55.652,0.853,1011.3,2.934,72.665,413.252,7.057,-1.237,0.221,157.0,2,11,1,0,smoke,1
761.116,1.242,86.916,31.29,0.228,1015.0,4.761,73.929,-35.28,5.615,20.636,-0.003,19.0,2,7,1,0,humidity,0
858.377,12.346,52.294,34.171,0.024,1013.3,4.277,72.865,285.069,-0.701,-1.018,-0.008,18.0,1,20,1,0,gas,0
665.668,16.59,41.587,29.124,0.362,1015.6,3.481,71.187,3.212,0.544,1.205,0.122,44.0,1,6,1,1,smoke,1
1588.053,26.158,38.204,28.133,0.016,1012.2,2.716,72.892,253.924,-1.853,-0.107,0.0,19.0,1,16,1,0,gas,0
1806.306,0.835,35.197,19.601,0.008,1008.9,0.258,54.006,754.831,-0.109,-0.857,0.001,162.0,1,7,0,0,gas,0
685.144,12.276,76.822,26.969,0.012,1015.9,3.679,79.161,-39.717,0.477,19.946,0.003,50.0,1,10,1,1,humidity,1
3128.57,4.694,40.146,24.391,0.029,1010.9,4.501,76.209,-863.199,-0.381,1.919,-0.008,53.0,1,10,1,0,gas,0
524.359,8.345,81.923,24.02,0.035,1017.6,1.638,48.834,0.652,-0.726,10.901,0.008,204.0,1,23,0,1,humidity,0
732.45,3.503,85.846,36.323,0.229,1020.1,3.424,78.83,-14.352,1.993,14.201,-0.001,70.0,2,19,1,0,humidity,0
703.449,7.515,92.266,32.158,0.177,1013.3,4.418,84.644,-42.526,3.082,13.369,0.002,189.0,1,15,1,0,humidity,0
690.099,6.746,87.614,34.945,0.047,1011.7,4.885,70.713,-17.435,4.875,19.399,-0.007,24.0,2,19,1,0,humidity,0
657.401,23.656,38.409,24.081,0.336,1012.1,2.586,71.422,17.368,2.479,-0.9,0.148,148.0,1,6,1,1,smoke,0
0.0,6.194,46.387,26.261,0.019,1009.9,3.568,85.209,469.373,-0.253,1.002,-0.005,25.0,1,5,1,0,gas,0
2033.779,38.461,35.274,25.478,0.021,1009.4,2.712,52.694,165.429,0.123,1.176,-0.003,648.0,2,16,0,0,gas,1
495.358,2.848,90.129,29.513,0.123,1013.9,2.901,53.776,23.758,2.346,14.743,-0.004,84.0,1,9,0,0,humidity,0
654.496,14.031,39.212,25.493,0.284,1016.3,2.593,75.876,7.6,4.287,2.352,0.059,111.0,2,15,1,1,smoke,0
604.923,5.949,50.713,50.519,0.032,1009.1,13.166,83.904,-37.779,7.408,0.588,-0.005,310.0,1,18,1,0,temperature,1
1646.92,13.724,39.636,19.922,0.008,1013.7,1.071,53.46,211.347,-1.832,-0.287,0.004,18.0,1,0,0,0,gas,0
1348.543,1.128,35.705,26.575,0.039,996.8,4.387,71.549,360.867,0.09,-2.655,0.0,896.0,2,10,1,0,gas,1
544.332,10.172,42.232,27.03,0.29,1013.8,1.744,53.495,-12.266,3.911,-1.792,0.081,18.0,1,5,0,1,smoke,0
708.003,11.834,39.857,27.234,0.487,1011.3,4.249,72.32,6.243,-0.33,1.816,0.118,14.0,1,12,1,1,smoke,0
1310.799,16.076,45.357,24.247,0.015,1014.5,3.549,72.883,-59.607,-2.337,2.373,-0.005,47.0,1,16,1,1,gas,0
0.0,3.953,52.894,26.015,0.037,1015.9,0.55,52.812,46.777,-0.278,1.845,-0.001,34.0,1,0,0,0,gas,0
1405.895,16.819,39.255,24.212,0.019,1006.4,0.65,53.527,133.482,-0.27,-0.546,-0.004,13.0,1,14,0,0,gas,0
1624.495,29.935,51.701,41.98,0.468,1011.1,5.406,77.27,393.775,5.404,0.449,0.178,63.0,2,17,1,0,smoke,1
2495.278,30.736,39.287,24.11,0.032,1004.0,3.195,74.825,243.085,0.41,-1.091,0.0,801.0,2,16,1,0,gas,1
540.596,3.162,95.844,29.673,0.209,1007.4,2.231,52.387,26.217,1.956,17.52,-0.0,56.0,1,7,0,1,humidity,0
586.501,17.473,26.241,23.619,0.489,1012.1,1.168,46.912,6.537,-0.484,-1.831,0.157,95.0,1,19,0,1,smoke,0
666.129,1.924,87.11,27.457,0.157,1015.4,1.128,58.08,23.113,3.506,6.769,0.01,460.0,1,1,0,0,humidity,0
1774.145,24.889,40.567,53.29,0.482,1012.3,3.989,75.09,334.107,5.131,-1.816,0.222,158.0,3,14,1,0,smoke,1
555.473,5.978,87.177,25.966,0.028,1009.8,1.222,51.671,2.684,0.428,18.968,-0.001,90.0,1,1,0,1,humidity,0
2821.458,26.887,41.469,23.128,0.038,1008.6,4.366,68.183,232.758,0.488,-1.901,-0.008,48.0,2,12,1,0,gas,1
1732.716,45.631,26.785,66.19,0.491,1013.2,4.937,75.664,129.686,11.259,-1.988,0.094,236.0,4,11,1,0,smoke,1
1523.945,32.516,40.392,50.61,0.467,1016.7,4.504,79.935,256.319,6.157,1.799,0.189,156.0,4,17,1,0,smoke,1
625.01,5.313,87.479,30.424,0.317,1011.6,2.823,72.065,-2.604,3.457,21.346,0.007,58.0,2,16,1,0,humidity,0
584.79,3.97,96.937,32.354,0.197,1012.2,1.601,49.688,21.76,1.322,21.159,-0.003,18.0,1,22,0,1,humidity,0
801.665,12.105,48.107,26.164,0.54,1012.5,2.29,73.458,-28.385,3.523,-0.098,0.219,3.0,1,21,1,1,smoke,0
492.847,14.359,43.913,22.219,0.272,1012.5,1.613,56.774,-2.017,2.523,0.534,0.154,112.0,1,22,0,1,smoke,0
1438.456,56.673,35.152,43.942,0.405,1013.0,0.119,61.112,299.456,1.938,-2.54,0.0,50.0,3,23,0,0,smoke,1
2152.707,17.97,53.492,27.453,0.033,1005.7,3.45,70.768,441.752,0.437,1.333,0.005,197.0,2,16,1,0,gas,1
1169.322,20.216,46.916,21.195,0.015,1013.2,0.017,57.844,176.96,-1.256,1.543,0.003,34.0,2,0,0,0,gas,0
473.485,2.448,86.55,28.759,0.25,1014.1,2.711,59.617,-16.426,4.083,19.998,-0.009,226.0,2,3,0,0,humidity,0
1322.2,11.261,43.173,24.311,0.018,1013.1,0.71,55.508,203.195,-1.832,-0.33,-0.002,9.0,1,17,0,0,gas,0
1438.032,16.754,43.55,27.499,0.015,1005.1,2.53,73.832,417.413,0.074,2.763,-0.002,190.0,2,10,1,0,gas,1
844.219,8.229,85.969,24.509,0.005,1015.4,4.988,77.148,-42.893,-0.337,12.177,0.003,184.0,1,19,1,1,humidity,0
490.625,11.876,44.187,24.54,0.22,1012.0,2.095,67.789,-12.759,7.704,0.279,0.134,6.0,1,14,1,1,smoke,0
0.0,3.813,48.821,24.6,0.022,1008.9,3.725,80.368,-1108.298,0.155,-0.064,-0.007,48.0,1,12,1,0,gas,0
558.646,19.943,44.266,20.538,0.364,1009.0,2.011,59.456,-22.866,4.116,1.615,0.173,23.0,1,14,0,1,smoke,0
0.0,5.065,35.28,27.499,0.029,1009.7,4.092,77.272,-698.412,0.111,-0.611,0.007,26.0,2,18,1,0,gas,0
0.0,3.079,52.203,21.887,0.016,1013.2,2.481,54.397,645.823,-0.213,-0.066,0.004,26.0,2,0,0,0,gas,0
491.9,14.813,30.87,20.154,0.368,1011.4,0.575,53.947,-32.245,2.742,0.251,0.211,5.0,2,17,0,1,smoke,0
1075.996,15.607,46.328,21.716,0.018,1017.7,0.558,59.244,183.861,-1.677,1.132,-0.005,30.0,1,0,0,0,gas,0
536.407,19.604,44.094,24.836,0.335,1015.4,0.227,54.784,14.943,0.232,0.711,0.015,24.0,1,18,0,1,smoke,0
625.375,4.596,89.184,27.606,0.217,1009.1,3.084,65.399,11.761,0.892,22.037,0.002,49.0,2,7,1,0,humidity,0
1473.792,6.927,49.3,23.376,0.026,1015.0,3.48,76.421,-437.106,0.176,0.424,0.004,18.0,1,14,1,0,gas,0
1571.195,22.239,50.578,25.8,0.001,1010.7,4.404,74.186,393.634,-0.865,-0.357,0.005,7.0,1,19,1,0,gas,0
1680.497,13.473,31.946,23.753,0.023,1014.4,3.787,75.723,216.475,-1.722,-0.669,-0.002,74.0,2,16,1,0,gas,0
552.873,8.976,51.372,24.338,0.384,1012.9,0.291,64.023,35.207,2.431,-0.667,0.207,12.0,1,3,0,1,smoke,0
602.699,1.509,91.457,28.356,0.2,1015.7,0.043,50.01,-2.8,1.593,19.405,0.001,37.0,1,0,0,0,humidity,0
1345.597,15.54,37.445,21.661,0.028,1012.8,4.329,74.49,309.541,-1.27,-1.693,-0.005,92.0,1,15,1,0,gas,0
1425.283,8.136,48.941,22.031,0.01,1011.7,1.709,52.02,59.802,-0.987,0.864,0.003,69.0,1,22,0,0,gas,0
2521.407,5.718,51.714,22.105,0.012,1001.9,2.154,56.827,531.583,-0.414,-0.458,-0.008,583.0,2,4,0,0,gas,1
1857.952,14.581,60.788,28.642,0.015,1006.5,2.974,74.208,104.472,-0.787,-0.074,-0.003,49.0,3,6,1,0,gas,1
831.947,15.293,40.078,29.464,0.02,1013.6,3.381,79.156,178.406,-1.588,0.397,-0.003,18.0,1,14,1,0,gas,0
483.329,10.826,50.325,22.926,0.302,1015.1,0.235,52.061,-12.642,2.503,-0.675,0.056,87.0,1,18,0,1,smoke,0
1224.336,16.151,39.692,47.743,0.341,1013.7,1.301,52.951,373.888,10.614,2.539,0.293,82.0,2,23,0,0,smoke,1
2791.194,2.2,46.441,26.78,0.014,1010.0,3.612,69.929,-852.626,0.533,0.227,0.004,11.0,1,7,1,0,gas,1
643.959,13.683,50.279,26.107,0.416,1015.5,4.113,71.641,4.509,2.042,0.529,0.162,36.0,1,14,1,1,smoke,0
678.113,30.645,36.784,28.519,0.37,1008.8,4.013,80.94,9.661,0.561,0.317,-0.01,38.0,1,23,1,1,smoke,0
1598.398,13.008,41.165,24.875,0.023,1013.7,3.753,76.172,258.03,0.085,0.847,0.007,6.0,1,21,1,0,gas,0
579.622,4.689,94.999,34.818,0.275,1011.3,4.115,71.215,-9.595,4.283,16.937,0.001,93.0,1,15,1,0,humidity,0
710.681,4.108,88.008,32.317,0.258,1010.6,4.415,77.105,12.098,0.178,20.059,-0.004,28.0,1,16,1,0,humidity,0
534.506,11.684,47.138,22.971,0.244,1019.8,0.523,50.3,13.373,2.345,-0.474,0.11,23.0,1,1,0,1,smoke,0
511.229,17.661,45.503,21.784,0.362,1016.2,0.414,56.61,3.797,1.185,2.067,0.089,29.0,1,23,0,1,smoke,0
889.602,15.787,32.628,23.051,0.027,1016.2,0.025,60.071,151.115,-1.772,0.925,0.003,24.0,2,4,0,0,gas,0
651.693,10.908,49.964,25.083,0.462,1013.8,4.092,81.546,25.311,0.43,1.814,0.037,70.0,1,16,1,1,smoke,0
1211.54,16.103,36.712,28.421,0.016,1017.9,1.953,77.995,223.87,-2.208,1.535,-0.004,33.0,2,12,1,0,gas,0
1855.288,37.241,39.053,57.027,0.389,1007.8,0.512,59.414,341.573,5.698,1.28,0.193,172.0,3,4,0,0,smoke,1
0.0,5.272,44.772,27.261,0.026,1008.0,3.73,77.746,643.288,0.118,2.182,0.007,32.0,1,21,1,0,gas,0
722.913,3.844,93.04,27.212,0.253,1014.5,6.261,73.367,18.539,-1.021,29.35,-0.006,139.0,2,9,1,0,humidity,0
500.154,1.521,54.525,55.125,0.035,1011.9,4.341,74.545,33.698,7.161,-0.535,0.009,45.0,2,2,0,0,temperature,1
679.724,5.659,35.477,56.411,0.008,1010.0,8.841,92.742,-24.218,6.035,0.164,0.0,94.0,2,15,1,0,temperature,1
1456.459,13.213,34.048,27.324,0.019,1011.4,4.092,72.647,127.533,-0.372,2.994,-0.0,66.0,2,15,1,0,gas,0
0.0,5.274,53.365,22.584,0.025,1021.6,0.072,53.768,587.398,0.487,-0.104,0.008,20.0,1,1,0,0,gas,0
612.183,6.052,90.034,30.914,0.144,1014.4,3.787,67.085,-20.751,4.666,18.971,0.006,112.0,1,7,1,1,humidity,0
651.867,5.64,84.868,31.487,0.155,1015.3,3.481,79.101,65.815,4.982,17.804,-0.002,65.0,1,11,1,0,humidity,0
616.831,10.572,64.513,24.731,0.009,1016.6,4.584,77.685,61.747,0.359,17.851,0.002,38.0,1,10,1,1,humidity,0
1250.359,12.732,51.717,21.97,0.025,1011.9,0.495,53.757,154.264,-1.474,-1.703,0.002,18.0,1,1,0,0,gas,0
705.33,12.795,75.292,25.386,0.002,1013.3,5.277,69.261,4.055,0.179,11.506,-0.002,165.0,1,12,1,1,humidity,0
692.277,18.171,43.978,25.216,0.371,1010.2,4.243,75.704,38.727,4.053,1.236,0.073,16.0,1,12,1,1,smoke,0
593.919,4.677,39.181,66.922,0.027,1016.2,9.846,83.16,-11.504,-1.258,-0.015,-0.008,423.0,1,22,1,0,temperature,1
509.741,12.411,46.278,19.677,0.341,1010.0,0.934,50.417,18.074,2.716,-1.969,0.134,8.0,1,1,0,1,smoke,0
689.894,7.513,84.433,24.019,0.03,1015.8,3.336,72.727,-16.913,0.22,14.027,-0.002,50.0,2,14,1,1,humidity,0
445.673,6.374,85.36,30.647,0.257,1012.8,1.156,61.164,10.281,5.431,19.155,0.001,84.0,1,3,0,0,humidity,0
1186.16,24.806,39.702,23.918,0.008,1013.3,4.93,70.383,227.443,-1.604,-1.272,-0.002,18.0,2,5,1,1,gas,0
737.607,24.43,52.226,24.763,0.374,1010.8,3.921,73.267,10.472,0.52,-1.005,0.131,26.0,1,7,1,1,smoke,0
1494.351,-6.634,46.239,25.069,0.016,1013.3,4.349,79.59,133.831,-0.938,-2.426,-0.0,71.0,1,14,1,0,gas,0
627.842,11.737,87.605,26.618,0.007,1014.6,4.222,78.294,3.061,0.009,8.369,-0.005,116.0,1,20,1,1,humidity,0
537.358,11.069,55.935,22.25,0.516,1014.4,1.999,54.84,-12.405,0.27,-1.117,0.158,19.0,1,19,0,1,smoke,0
674.716,4.412,41.292,42.554,0.035,1013.2,10.322,82.958,31.4,11.611,-1.471,-0.0,210.0,1,7,1,0,temperature,1
501.854,9.951,45.378,22.816,0.333,1013.4,1.418,60.07,-28.809,3.207,-0.083,0.037,14.0,1,0,0,1,smoke,1
1894.506,63.063,37.098,53.116,0.519,1006.9,4.423,74.711,207.999,8.399,0.786,0.188,281.0,2,19,1,0,smoke,1
548.905,8.139,54.527,25.521,0.331,1010.0,1.981,60.889,-28.218,-1.451,0.68,0.101,35.0,1,22,0,1,smoke,0
669.566,10.296,51.984,26.48,0.446,1015.3,4.094,75.738,-12.53,0.238,-2.642,0.125,6.0,1,12,1,1,smoke,0
1455.686,15.452,51.445,25.963,0.012,1008.1,3.636,81.505,312.097,-0.726,-0.604,-0.002,232.0,1,6,1,0,gas,0
763.302,5.596,43.684,23.419,0.032,1010.1,1.225,53.218,235.986,-0.503,-0.607,-0.002,73.0,1,4,0,0,gas,0
1352.4,10.325,57.359,28.271,0.021,1012.4,2.659,74.672,79.219,-0.481,1.751,0.001,8.0,1,19,1,0,gas,0
625.441,3.015,88.262,26.221,0.196,1011.9,0.03,54.889,16.685,2.638,14.517,0.001,125.0,1,1,0,0,humidity,0
649.94,16.106,34.464,27.127,0.368,1008.2,3.566,78.075,39.702,1.149,3.581,0.069,2.0,1,14,1,1,smoke,0
607.777,24.704,43.256,23.311,0.352,1010.5,4.719,74.803,-36.958,3.238,-1.396,0.059,28.0,1,15,1,1,smoke,0
662.536,18.882,53.601,26.136,0.224,1018.2,3.485,70.073,5.301,0.526,0.952,0.058,30.0,1,14,1,1,smoke,0
717.424,5.062,45.273,65.168,0.014,1012.1,8.328,90.315,-24.563,11.836,-2.739,0.003,1338.0,1,23,1,0,temperature,1
451.425,0.661,43.231,22.269,0.46,1015.4,0.117,49.847,18.661,2.224,0.36,0.115,5.0,1,1,0,1,smoke,0
574.341,14.296,43.024,21.781,0.408,1014.7,0.599,47.801,-4.881,2.407,-0.771,0.176,34.0,1,12,0,1,smoke,0
711.278,14.764,81.258,26.822,0.026,1012.6,4.017,74.892,6.865,-0.385,16.878,-0.009,157.0,1,4,1,1,humidity,0
621.74,19.21,51.505,21.791,0.489,1008.7,2.544,45.505,12.41,1.08,0.403,0.172,32.0,1,0,0,1,smoke,0
720.524,20.934,48.884,24.63,0.281,1008.3,3.88,76.917,22.538,2.16,-1.121,0.075,5.0,1,12,1,1,smoke,0
1630.831,29.678,23.404,45.681,0.731,1014.4,3.961,74.902,363.908,8.404,-0.303,0.077,89.0,3,12,1,0,smoke,1
1417.486,45.367,39.59,49.928,0.644,1011.9,3.12,80.155,211.434,12.484,-0.072,0.318,223.0,3,9,1,0,smoke,1
1433.506,18.818,48.091,28.104,0.03,1016.6,2.874,73.166,311.151,-1.896,-1.863,0.006,44.0,1,16,1,0,gas,0
795.275,9.413,38.262,25.348,0.296,1008.0,0.696,56.539,-14.17,2.281,-0.571,0.094,7.0,1,2,0,1,smoke,0
1656.233,4.541,53.986,21.863,0.018,1009.0,3.732,77.427,190.095,-1.643,0.101,0.0,47.0,1,10,1,0,gas,0
716.292,6.259,48.278,48.75,0.025,1012.3,12.349,87.289,-2.819,5.118,-0.676,0.001,33.0,2,16,1,0,temperature,1
707.924,3.168,83.717,31.579,0.239,1012.6,4.038,73.7,7.364,1.844,12.089,-0.001,464.0,1,17,1,0,humidity,0
543.437,3.093,94.017,31.727,0.213,1016.5,0.627,58.554,-7.184,1.755,20.679,-0.001,26.0,1,11,0,0,humidity,0
590.342,4.047,89.485,26.305,0.169,1017.2,1.596,56.526,9.967,1.098,19.368,0.001,30.0,1,4,0,0,humidity,0
573.32,7.16,88.033,34.072,0.18,1013.7,3.859,77.981,-9.411,2.186,26.373,0.001,305.0,1,16,1,1,humidity,0
1720.713,45.553,49.163,51.635,0.676,1010.6,0.762,54.476,228.129,10.258,0.04,0.279,112.0,4,3,0,0,smoke,1
663.704,-0.174,40.661,28.172,0.271,1010.1,3.272,79.899,14.306,0.793,-0.249,0.142,15.0,1,9,1,1,smoke,0
637.557,10.73,79.377,27.941,0.004,1011.9,5.368,80.16,-10.106,-1.139,5.529,0.003,34.0,1,14,1,1,humidity,0
1201.222,15.721,40.143,24.152,0.026,1012.0,4.231,81.086,146.38,-1.868,1.771,-0.007,20.0,1,9,1,0,gas,0
2763.986,3.03,47.871,27.484,0.028,1008.5,4.886,77.561,591.228,0.576,2.172,-0.003,27.0,2,8,1,0,gas,0
636.201,13.989,77.022,26.981,0.04,1014.9,3.765,78.52,-3.356,-0.469,9.65,-0.003,32.0,1,15,1,1,humidity,0
656.939,6.241,51.292,43.589,0.022,1014.9,12.713,84.168,31.4,10.794,0.867,-0.005,155.0,2,19,1,0,temperature,1
1949.263,16.791,45.716,26.855,0.01,1004.8,3.832,72.323,-15.879,0.554,1.497,-0.005,45.0,2,13,1,0,gas,1
706.911,11.537,43.87,26.637,0.47,1018.6,3.956,70.293,15.322,3.495,-0.563,0.142,11.0,1,4,1,1,smoke,0
700.539,6.532,88.265,29.725,0.12,1009.6,3.204,72.113,-6.862,3.125,16.331,0.001,54.0,2,21,1,1,humidity,0
708.115,14.592,41.971,21.998,0.467,1012.7,3.879,78.326,-34.517,2.505,-2.304,0.219,32.0,1,20,1,1,smoke,0
499.195,3.628,48.009,43.994,0.008,1016.6,7.885,61.503,15.205,2.554,-0.191,-0.004,121.0,1,22,0,0,temperature,1
1577.454,18.437,49.317,27.166,0.018,1012.1,2.637,77.84,326.365,-1.476,-0.232,-0.006,34.0,1,9,1,0,gas,0
687.267,25.259,44.919,26.971,0.361,1012.5,3.753,79.92,23.967,2.911,1.91,0.123,20.0,1,10,1,1,smoke,0
745.863,5.364,86.117,32.233,0.211,1016.2,2.627,76.382,19.578,3.307,17.569,0.002,23.0,1,9,1,1,humidity,0
1736.539,18.344,35.457,26.395,0.014,1010.8,3.879,70.268,106.39,-2.308,-0.324,-0.009,17.0,1,10,1,0,gas,0
2169.089,2.203,42.653,20.448,0.014,1011.4,0.211,50.881,-545.852,0.507,0.829,0.003,15.0,1,4,0,0,gas,0
1581.583,46.832,30.21,52.391,0.373,1013.1,5.581,66.025,376.785,0.953,6.227,0.341,284.0,2,15,1,0,smoke,1
780.602,7.702,77.429,27.114,0.135,1017.3,4.282,70.809,15.354,5.146,17.986,-0.0,87.0,1,10,1,0,humidity,0
632.411,4.58,87.07,33.218,0.099,1011.9,0.386,59.391,17.942,1.478,21.933,-0.013,122.0,2,0,0,0,humidity,0
553.677,2.077,85.193,28.028,0.197,1015.6,1.447,55.445,-3.045,3.577,19.818,0.007,315.0,1,14,0,0,humidity,0
1240.9,-4.125,34.377,23.04,0.014,1007.6,5.268,79.436,360.789,1.28,0.201,0.003,296.0,2,14,1,0,gas,1
618.886,1.053,37.924,26.181,0.312,1015.7,0.102,51.356,-12.371,3.04,-0.614,0.155,30.0,1,0,0,1,smoke,0
487.787,2.939,86.222,26.385,0.272,1010.0,0.758,58.857,2.667,1.806,11.682,0.001,744.0,1,12,0,0,humidity,0
521.565,6.492,35.363,19.929,0.248,1013.9,1.071,61.958,-3.752,1.305,1.092,0.037,128.0,1,9,0,1,smoke,0
718.287,6.392,83.805,34.0,0.129,1015.7,4.625,78.137,-10.402,0.925,25.312,-0.01,1351.0,1,14,1,0,humidity,0
557.682,14.257,60.074,23.764,0.363,1010.8,0.446,57.299,-5.555,2.512,1.584,0.183,10.0,1,12,0,1,smoke,0
657.729,5.861,78.916,24.791,0.022,1017.8,2.237,57.636,27.255,0.105,8.642,0.001,228.0,1,23,0,1,humidity,0
1596.512,14.855,27.105,25.394,0.025,997.7,0.122,59.247,95.219,0.45,0.365,0.003,126.0,3,14,0,0,gas,1
1976.325,1.383,52.977,26.412,0.049,1013.5,3.052,80.653,-336.431,-0.462,1.08,0.015,11.0,1,7,1,0,gas,0
679.42,27.728,26.342,27.395,0.435,1011.4,3.846,75.796,3.798,4.984,-1.954,0.049,16.0,1,14,1,1,smoke,0
557.605,2.742,89.832,29.497,0.144,1018.8,0.157,59.76,-7.09,5.614,18.29,-0.008,726.0,1,4,0,0,humidity,0
632.387,4.403,86.194,32.6,0.132,1016.7,4.252,78.822,-12.709,-1.005,17.572,-0.012,276.0,1,14,1,0,humidity,0
658.24,3.732,27.278,66.67,0.01,1014.2,14.634,87.945,47.154,4.047,3.216,0.005,40.0,2,20,1,0,temperature,1
645.427,5.199,37.591,49.348,0.024,1012.2,9.107,61.121,3.8,8.019,-0.338,0.007,54.0,1,4,0,0,temperature,1
1625.568,29.965,49.338,54.643,0.03,1011.4,4.481,72.824,154.658,-0.191,1.958,0.2,142.0,4,17,1,0,smoke,1
632.843,10.265,86.539,24.012,0.024,1012.2,3.486,78.337,-5.45,-0.123,8.452,0.001,105.0,1,14,1,1,humidity,0
569.602,9.312,49.539,19.043,0.262,1018.0,1.83,51.552,12.419,0.07,-0.261,0.186,21.0,2,21,0,1,smoke,0
615.401,7.973,83.619,22.438,0.016,1010.5,4.662,71.208,-6.336,-0.268,11.921,-0.001,238.0,1,18,1,1,humidity,0
629.38,20.126,44.731,29.592,0.601,1009.0,6.135,77.05,-4.54,4.371,-2.262,0.143,89.0,1,9,1,1,smoke,0
581.365,3.515,77.239,22.607,0.175,1011.7,1.58,49.622,6.454,1.338,11.205,-0.002,241.0,2,4,0,0,humidity,0
583.331,0.363,84.869,28.506,0.093,1015.6,0.386,58.932,-49.309,2.357,18.311,-0.002,172.0,1,1,0,0,humidity,1
1628.723,51.335,29.462,56.212,0.565,1015.2,0.219,68.744,236.258,2.601,0.743,0.266,99.0,3,2,0,0,smoke,1
609.267,9.703,84.452,26.707,0.026,1016.3,3.714,72.281,-3.47,-0.026,13.477,0.005,179.0,1,19,1,1,humidity,0
634.57,1.591,84.794,32.197,0.182,1017.5,3.833,70.607,0.324,3.821,9.495,-0.009,491.0,1,1,1,0,humidity,0
1372.224,19.87,36.823,25.57,0.002,1016.3,4.258,81.639,82.608,-1.316,-2.101,0.0,26.0,1,21,1,1,gas,0
1828.399,1.005,41.393,25.706,0.013,1014.0,1.477,55.117,445.154,-0.461,0.4,0.001,9.0,1,1,0,0,gas,0
1098.63,12.929,41.605,22.416,0.016,1012.2,0.733,50.195,282.602,-2.128,1.668,0.002,12.0,1,3,0,0,gas,0
555.954,5.839,90.798,29.629,0.148,1017.1,5.43,78.023,18.245,2.458,24.002,-0.007,94.0,1,0,1,1,humidity,0
692.229,6.847,92.344,35.474,0.187,1015.9,4.176,61.741,-7.095,0.9,9.826,-0.001,696.0,1,6,1,0,humidity,0
1348.572,29.473,34.625,43.071,0.511,1016.8,1.749,55.141,19.862,4.772,0.114,0.124,46.0,4,3,0,0,smoke,1
0.0,5.345,31.362,26.616,0.034,1010.1,3.544,74.469,1025.033,0.333,1.203,-0.002,11.0,1,7,1,0,gas,0
536.233,3.04,79.534,27.401,0.215,1009.1,0.096,48.536,-3.327,1.862,7.577,0.008,34.0,1,4,0,0,humidity,0
1189.555,12.628,47.992,22.451,0.025,1004.8,0.38,54.972,78.347,-2.481,-0.945,0.005,60.0,1,5,0,0,gas,0
794.431,37.688,39.515,22.861,0.364,1013.1,4.063,73.721,-8.957,1.509,-3.743,0.112,43.0,1,8,1,1,smoke,0
1106.901,23.522,33.961,24.926,0.018,1017.5,3.814,65.418,254.488,-1.859,0.6,0.002,42.0,1,11,1,0,gas,0
1490.191,30.002,38.822,39.319,0.578,1008.6,1.337,55.401,225.623,9.257,-1.338,0.312,51.0,3,16,0,0,smoke,1
475.665,13.494,44.759,27.068,0.571,1008.7,1.202,53.287,-31.565,1.332,-3.917,0.077,15.0,1,22,0,1,smoke,0
583.716,21.502,56.34,23.227,0.16,1014.1,0.269,53.458,12.938,2.77,-0.068,0.066,75.0,2,4,0,1,smoke,0
635.422,8.488,90.916,35.203,0.135,1012.5,4.362,78.177,-11.255,2.721,19.364,0.001,35.0,1,21,1,0,humidity,0
661.803,4.377,92.284,33.202,0.274,1011.0,3.062,82.951,-16.511,1.077,21.381,-0.002,129.0,1,17,1,1,humidity,0
558.027,5.225,90.664,26.938,0.246,1011.4,0.89,54.962,-14.033,5.797,13.235,0.005,136.0,1,23,0,0,humidity,0
1751.871,25.354,45.627,47.728,0.571,1017.1,4.677,68.893,575.729,7.049,0.152,0.361,75.0,3,7,1,1,smoke,1
637.66,8.106,87.452,27.501,0.021,1016.0,4.352,71.712,17.847,0.138,5.472,0.001,201.0,1,14,1,1,humidity,0
497.062,8.597,88.742,24.739,0.023,1012.4,1.021,51.606,0.823,-0.135,9.563,0.006,87.0,1,3,0,1,humidity,0
624.666,8.246,87.269,24.531,0.039,1012.8,4.784,67.582,29.82,-0.563,9.321,0.006,188.0,1,7,1,1,humidity,0
1269.076,22.81,37.351,22.896,0.024,1014.5,2.115,59.894,489.807,-0.293,-0.065,-0.002,20.0,1,23,0,0,gas,0
1325.862,17.873,39.996,25.399,0.034,1011.9,4.008,73.674,274.557,-2.287,-3.744,0.007,66.0,1,14,1,1,gas,0
0.0,6.661,48.326,23.947,0.014,1012.9,3.277,75.538,756.819,0.702,-2.279,0.009,17.0,1,12,1,0,gas,0
708.09,2.341,89.657,28.608,0.14,1009.3,3.587,75.74,3.605,-0.555,7.09,0.001,45.0,1,21,1,0,humidity,0
529.767,18.726,43.698,20.332,0.357,1011.3,0.133,56.903,0.685,2.611,0.492,0.147,12.0,1,3,0,1,smoke,0
633.954,4.853,90.975,28.155,0.264,1017.4,4.412,80.859,0.433,0.881,24.305,-0.01,292.0,1,13,1,0,humidity,0
1787.726,16.046,39.406,27.432,0.022,1008.0,3.513,79.666,100.934,0.212,1.003,-0.004,117.0,2,15,1,0,gas,1
686.396,18.085,59.714,24.05,0.315,1017.9,2.776,72.326,-17.688,0.38,0.562,0.138,39.0,1,15,1,1,smoke,0
560.238,2.865,47.619,43.03,0.012,1017.8,3.707,65.495,-25.614,6.857,1.377,0.001,67.0,1,8,0,0,temperature,1
0.0,4.007,47.282,27.7,0.034,1013.3,4.206,77.303,-854.837,-0.249,-1.27,-0.004,15.0,1,14,1,0,gas,0
666.169,4.997,91.097,28.254,0.145,1013.7,3.595,70.09,-11.392,3.416,9.725,0.001,50.0,1,1,1,0,humidity,0
21.276,4.239,51.383,26.403,0.021,1009.7,4.867,83.678,-636.014,0.037,-1.949,-0.002,35.0,1,11,1,0,gas,0
527.622,4.922,89.085,34.021,0.306,1007.9,3.853,73.452,33.053,3.838,17.421,-0.003,50.0,1,14,1,0,humidity,0
1419.731,54.019,24.357,48.561,0.384,1016.8,3.495,73.811,491.585,5.017,-0.326,0.246,523.0,4,16,1,0,smoke,1
1250.956,9.06,55.376,21.744,0.037,1019.3,0.315,52.58,339.666,-1.276,0.489,-0.009,4.0,2,3,0,0,gas,0
564.716,7.319,36.127,25.501,0.41,1014.8,0.704,50.019,2.237,1.733,2.294,0.059,65.0,1,22,0,1,smoke,0
615.786,20.2,35.599,21.964,0.007,1014.2,1.875,55.787,293.277,-1.132,2.284,0.002,19.0,1,2,0,0,gas,0
2222.685,2.498,40.713,21.061,0.037,1010.5,2.08,54.83,877.688,-0.044,-0.612,0.002,18.0,1,20,0,0,gas,0
774.344,9.968,87.265,25.635,0.018,1008.8,3.949,80.918,-16.134,0.096,10.042,-0.003,33.0,1,16,1,1,humidity,0
1311.321,19.834,42.613,25.837,0.005,1013.4,3.328,72.07,277.109,-2.61,1.396,-0.005,12.0,1,10,1,0,gas,0
619.537,1.645,48.193,52.039,0.008,1014.6,10.615,61.349,-23.616,4.9,3.917,-0.005,359.0,2,5,0,0,temperature,1
540.008,10.439,75.31,25.149,0.024,1014.2,0.051,53.599,-5.812,-0.004,18.876,-0.005,102.0,1,2,0,1,humidity,0
618.859,25.333,42.761,26.806,0.427,1010.3,4.737,78.06,-6.557,1.906,2.233,0.134,146.0,1,19,1,1,smoke,0
481.541,2.5,86.658,30.834,0.22,1008.7,0.244,57.513,-26.926,0.17,19.752,-0.001,162.0,1,9,0,0,humidity,0
2268.842,5.182,56.31,22.387,0.011,1011.8,4.203,75.662,955.713,-0.657,1.547,-0.005,12.0,1,14,1,0,gas,0
739.96,7.944,77.506,23.201,0.027,1011.4,3.847,80.44,50.949,0.598,12.014,0.002,47.0,1,21,1,1,humidity,0
0.0,4.437,43.614,21.335,0.028,1011.0,1.921,56.442,431.514,-0.233,1.383,0.015,54.0,1,23,0,0,gas,0
1070.044,14.44,49.579,25.779,0.014,1008.4,5.346,72.646,511.571,-1.435,0.128,-0.003,12.0,1,1,1,0,gas,0
1182.198,17.511,53.297,26.628,0.034,1011.7,4.999,81.514,49.614,-2.31,-0.94,0.001,7.0,1,9,1,1,gas,0
728.578,21.177,47.228,26.413,0.513,1014.8,4.377,77.254,7.511,0.93,-3.644,0.18,57.0,2,16,1,1,smoke,0
2146.074,36.737,12.947,49.143,0.676,1012.9,4.19,66.725,17.724,3.494,0.225,-0.033,94.0,2,11,1,0,smoke,1
1233.557,20.578,45.687,28.178,0.009,1010.2,4.699,71.029,273.575,-1.06,-0.114,-0.004,53.0,1,17,1,0,gas,0
897.478,14.615,51.301,25.635,0.012,1016.6,1.359,49.765,276.163,-2.264,3.194,-0.003,4.0,1,22,0,0,gas,0
1879.458,28.949,37.615,24.343,0.02,1008.2,3.073,78.834,-102.874,-0.35,-0.411,-0.002,61.0,2,15,1,0,gas,1
942.815,19.631,53.345,22.7,0.027,1011.7,0.874,50.655,462.716,-1.079,-0.553,0.009,19.0,1,5,0,1,gas,0
593.081,17.659,53.546,27.418,0.232,1016.5,4.288,70.582,8.453,1.555,0.322,0.138,111.0,2,6,1,1,smoke,0
458.228,1.643,83.539,30.771,0.193,1013.9,0.247,54.829,15.998,2.147,17.926,0.003,896.0,1,3,0,0,humidity,0
631.112,11.297,76.942,25.794,0.033,1006.6,4.353,76.936,7.574,-0.016,10.786,-0.0,113.0,1,10,1,1,humidity,0
694.916,9.434,67.689,27.005,0.04,1016.9,2.916,74.295,-33.168,-0.386,12.808,0.001,107.0,1,7,1,1,humidity,0
658.368,3.793,99.855,34.209,0.206,1007.4,3.45,71.718,36.662,5.079,7.984,0.007,157.0,1,21,1,0,humidity,0
718.759,1.686,35.899,45.399,0.027,1015.0,9.485,61.371,-9.43,4.719,0.013,-0.001,191.0,2,0,0,0,temperature,1
1022.018,12.196,54.415,25.273,0.024,1012.8,3.633,75.623,147.314,-1.898,1.526,0.006,41.0,1,11,1,0,gas,0
509.464,2.897,85.889,27.614,0.049,1013.1,0.608,46.476,-31.469,3.585,27.398,-0.004,115.0,1,22,0,0,humidity,0
652.339,4.486,42.941,50.097,0.004,1010.6,8.557,92.957,-16.042,7.258,1.932,0.005,77.0,1,8,1,0,temperature,1
642.116,22.35,49.499,31.114,0.216,1014.8,4.933,74.204,5.022,0.416,-0.117,0.072,78.0,1,7,1,1,smoke,0
656.962,14.268,81.94,26.914,0.021,1012.4,3.611,73.454,-0.39,-0.029,7.698,-0.002,43.0,1,13,1,1,humidity,0
541.845,3.679,78.759,24.661,0.019,1009.7,0.934,50.903,-19.528,-0.176,19.541,-0.0,86.0,1,1,0,1,humidity,0
0.0,5.713,31.403,25.403,0.034,1015.7,4.58,73.756,-1145.113,0.291,0.774,-0.002,15.0,1,7,1,0,gas,0
648.0,6.267,92.077,28.315,0.176,1011.5,4.372,71.869,-9.339,-1.025,16.385,0.001,89.0,1,11,1,0,humidity,0
1849.34,8.078,48.655,52.482,0.407,1012.1,1.527,50.326,639.556,7.792,1.642,0.134,67.0,3,19,0,0,smoke,1
720.395,5.612,47.816,63.982,0.024,1014.9,9.169,83.49,-12.551,3.998,1.514,0.004,49.0,1,10,1,0,temperature,1
1216.769,16.309,51.523,24.179,0.026,1011.2,3.015,68.755,186.639,-2.174,2.488,0.009,115.0,1,8,1,0,gas,0
554.844,3.853,83.287,32.303,0.169,1013.0,2.327,57.358,-3.94,1.813,13.903,0.001,42.0,2,4,0,0,humidity,0
0.0,4.592,51.921,22.462,0.028,1013.5,3.811,78.427,-401.424,-0.423,-1.734,0.004,10.0,1,15,1,0,gas,0
1538.542,57.438,43.486,54.429,0.619,1012.4,3.865,78.51,408.309,8.705,-1.393,0.394,103.0,3,14,1,0,smoke,1
1317.445,23.44,39.218,29.653,0.044,1013.1,4.896,79.774,186.479,-1.534,-1.46,0.005,5.0,1,19,1,1,gas,0
623.442,14.26,45.937,21.323,0.307,1010.9,1.31,52.125,-5.238,0.955,1.698,0.147,68.0,1,23,0,1,smoke,0
1562.941,0.531,48.008,28.003,0.027,1010.0,1.528,51.943,94.921,-1.654,-0.957,-0.003,11.0,1,8,0,0,gas,0
74.058,6.446,55.709,28.459,0.031,1011.6,3.892,78.833,399.366,0.093,-1.214,0.004,15.0,1,9,1,0,gas,0
577.47,7.683,87.014,22.465,0.018,1015.9,0.996,53.506,35.622,-0.149,3.801,0.011,75.0,2,2,0,1,humidity,0
592.148,2.545,89.476,28.874,0.105,1014.8,2.032,46.573,22.366,3.179,13.206,0.004,181.0,1,22,0,0,humidity,0
2054.806,46.197,44.268,57.114,0.832,1014.1,3.869,76.877,151.837,3.66,-0.777,0.109,102.0,4,20,1,0,smoke,1
2360.784,24.029,41.057,27.159,0.034,1005.7,3.716,73.601,405.603,0.036,-1.298,-0.003,123.0,3,13,1,0,gas,1
502.816,14.245,45.576,21.634,0.228,1012.0,0.222,51.075,-9.739,3.127,-2.979,0.129,28.0,1,0,0,1,smoke,0
2544.368,6.018,30.981,26.001,0.037,1014.3,3.372,71.808,-280.587,0.379,1.458,-0.001,41.0,1,16,1,0,gas,0
1840.888,15.768,47.162,67.223,0.601,1010.3,4.506,77.616,468.612,7.487,0.912,0.17,73.0,2,11,1,0,smoke,1
2644.236,34.14,51.383,24.01,0.026,1010.8,3.701,77.11,312.234,-0.052,0.085,-0.006,106.0,3,3,1,0,gas,1
1876.174,3.516,54.77,23.624,0.015,1013.8,0.933,50.508,-217.213,0.091,1.085,-0.006,11.0,1,1,0,0,gas,0
2268.32,22.883,50.889,26.564,0.036,1005.8,0.218,60.116,339.28,-0.476,1.117,-0.011,269.0,3,2,0,0,gas,1
646.986,31.143,44.419,27.144,0.345,1016.7,4.864,75.493,26.935,0.954,0.887,0.094,24.0,1,14,1,1,smoke,0
580.183,2.868,58.318,54.209,0.001,1012.3,3.503,77.266,-7.206,8.41,2.904,-0.005,34.0,1,3,0,0,temperature,1
1592.506,42.513,34.078,56.894,0.558,1010.9,3.334,70.594,361.954,4.284,1.6,0.205,57.0,2,10,1,0,smoke,1
1416.674,13.637,50.346,27.393,0.024,1013.8,5.423,71.352,252.85,-1.777,-1.186,-0.01,15.0,1,17,1,0,gas,0
1731.435,25.295,54.777,57.502,0.581,1011.2,0.791,48.811,386.354,7.845,-0.11,0.223,289.0,4,22,0,0,smoke,1
731.398,13.894,50.725,25.39,0.451,1015.7,3.81,76.386,-20.1,2.161,-0.766,0.139,42.0,1,15,1,1,smoke,0
0.0,1.249,59.952,23.477,0.011,1016.3,1.376,56.772,952.192,0.644,0.791,0.004,20.0,1,17,0,0,gas,0
706.688,6.217,89.905,30.344,0.269,1016.1,3.931,71.577,-6.594,2.139,21.137,0.003,132.0,1,10,1,0,humidity,0
733.254,13.274,45.709,25.407,0.316,1012.0,4.314,75.663,-6.138,0.724,-1.84,0.063,14.0,1,7,1,1,smoke,0
746.045,11.188,51.902,27.946,0.327,1014.0,4.169,79.874,8.102,1.934,1.771,0.01,56.0,1,18,1,1,smoke,0
0.0,4.061,41.632,20.497,0.017,1010.7,1.631,56.896,-807.556,0.048,0.689,-0.004,32.0,1,10,0,0,gas,0
0.0,5.645,61.233,25.801,0.026,1010.8,4.528,65.386,-79.857,-0.077,1.515,-0.002,22.0,1,16,1,0,gas,0
622.034,21.492,46.813,27.362,0.269,1011.7,4.057,72.723,-17.213,1.307,-0.712,0.137,11.0,1,18,1,1,smoke,0
694.093,4.648,92.871,32.201,0.288,1020.7,3.619,74.968,-5.853,2.592,15.605,-0.006,361.0,1,4,1,0,humidity,0
1346.665,12.6,46.735,29.648,0.011,1016.5,3.439,68.198,195.879,-2.74,-0.711,-0.004,31.0,1,7,1,0,gas,0
594.328,4.735,92.842,32.038,0.244,1012.3,3.18,72.459,-4.532,2.7,16.054,0.007,209.0,1,13,1,0,humidity,0
2307.197,2.13,45.857,23.518,0.024,1013.8,0.532,54.239,794.37,0.155,-1.815,-0.0,12.0,1,1,0,0,gas,0
0.0,6.508,55.867,27.483,0.033,1018.7,4.794,81.532,-533.174,-0.414,-0.685,-0.009,37.0,2,15,1,1,gas,0
671.487,5.412,85.889,31.92,0.187,1010.1,4.206,73.926,-10.03,1.693,18.073,-0.007,173.0,1,20,1,0,humidity,0
522.405,2.946,88.265,30.505,0.22,1014.5,0.836,61.566,-0.77,3.168,23.802,-0.005,208.0,1,0,0,0,humidity,0
564.32,16.381,35.262,27.067,0.291,1013.4,3.913,80.745,-22.506,4.777,0.114,0.109,7.0,1,19,1,1,smoke,0
1471.673,7.426,43.209,28.301,0.023,1007.6,4.135,73.131,278.442,-0.279,2.214,-0.008,48.0,1,8,1,0,gas,0
596.995,3.308,95.341,36.408,0.174,1010.2,3.999,75.277,9.654,5.197,14.261,-0.009,82.0,1,21,1,1,humidity,0
571.15,16.04,25.391,28.366,0.552,1011.7,3.381,73.267,-27.898,3.247,-0.757,-0.002,63.0,1,18,1,1,smoke,0
2202.362,28.855,45.341,23.024,0.011,1004.8,1.478,61.746,50.256,0.736,2.194,-0.0,381.0,2,0,0,0,gas,1
997.37,16.627,39.634,28.828,0.027,1016.1,3.701,78.608,325.542,-2.575,-2.558,0.004,25.0,1,10,1,0,gas,0
729.519,16.167,44.579,28.784,0.356,1017.5,4.939,79.505,-18.186,3.944,3.294,0.219,74.0,1,14,1,1,smoke,0
572.242,15.103,32.24,22.238,0.388,1012.3,1.067,55.337,-7.211,-1.15,0.975,0.12,23.0,1,2,0,1,smoke,0
602.39,4.494,87.761,28.207,0.234,1013.1,4.867,67.026,15.157,4.778,17.973,0.001,51.0,1,20,1,0,humidity,0
1265.637,6.659,36.567,27.353,0.03,1006.8,3.971,78.639,272.779,-2.891,0.04,0.0,127.0,1,18,1,0,gas,0
663.676,10.139,74.829,27.516,0.017,1010.1,3.737,69.881,41.731,0.833,24.53,-0.007,60.0,2,9,1,1,humidity,0
1190.767,37.578,34.939,34.12,0.542,1013.1,0.807,54.188,277.959,1.83,-0.917,0.076,167.0,3,2,0,0,smoke,1
742.162,4.258,38.074,48.516,0.021,1012.4,9.554,83.115,19.936,6.239,1.798,-0.002,132.0,2,10,1,0,temperature,1
662.03,5.509,86.062,29.346,0.183,1014.5,5.98,68.985,-1.369,1.822,13.915,-0.008,50.0,1,3,1,0,humidity,0
743.471,19.004,41.406,27.55,0.391,1012.2,6.111,77.738,5.131,1.968,1.72,0.013,20.0,1,16,1,1,smoke,0
634.475,7.167,90.718,29.659,0.076,1011.8,5.604,69.103,-8.391,3.142,29.051,0.004,274.0,1,20,1,0,humidity,0
2066.909,5.696,45.329,28.185,0.027,1010.1,4.599,83.826,465.376,-0.22,1.245,-0.007,18.0,2,14,1,0,gas,0
690.799,18.018,33.923,25.088,0.52,1016.2,4.776,76.126,-10.706,2.893,1.112,0.159,12.0,1,7,1,1,smoke,0
1533.432,22.106,44.669,25.009,0.022,1015.5,4.748,69.004,267.097,-1.517,1.112,-0.0,30.0,1,8,1,0,gas,0
596.849,7.34,81.631,19.383,0.011,1013.9,2.781,54.389,-2.08,0.071,10.617,0.003,28.0,1,4,0,1,humidity,0
515.452,2.388,81.895,27.677,0.139,1009.4,1.768,50.082,17.838,1.17,5.502,0.006,759.0,1,8,0,0,humidity,0
658.908,19.553,83.564,27.818,0.019,1015.1,4.955,69.882,21.322,-0.05,20.468,-0.007,159.0,1,12,1,1,humidity,0
614.446,6.87,75.643,25.105,0.022,1012.2,1.491,55.165,-9.939,0.307,8.312,-0.004,48.0,2,23,0,1,humidity,0
606.738,12.97,79.411,24.52,0.014,1014.4,2.58,76.736,20.307,0.55,10.446,0.007,82.0,1,13,1,1,humidity,0
601.797,10.622,72.031,23.823,0.012,1013.0,1.269,56.89,10.033,0.232,12.781,0.005,22.0,1,3,0,1,humidity,0
1900.258,16.881,46.809,26.672,0.007,1007.8,4.186,77.866,272.596,-0.398,0.218,-0.008,35.0,2,2,1,0,gas,1
703.055,4.494,42.044,57.13,0.01,1009.9,11.498,83.485,-14.991,4.736,-0.556,0.003,19.0,2,10,1,0,temperature,1
588.073,9.575,87.904,26.383,0.02,1013.6,3.714,75.056,14.176,0.129,19.01,-0.009,116.0,1,8,1,1,humidity,0
0.0,0.181,24.133,21.686,0.013,1011.4,0.365,58.563,262.84,-0.063,0.084,0.003,3.0,1,7,0,0,gas,0
2387.275,7.581,47.854,26.183,0.016,1003.7,4.768,78.707,315.487,-0.628,-0.149,-0.001,114.0,2,11,1,0,gas,0
3322.596,2.948,53.731,24.303,0.026,1017.6,1.348,57.425,-899.204,-0.129,-1.186,-0.0,7.0,1,22,0,0,gas,0
598.743,4.905,45.5,24.14,0.33,1010.1,2.246,62.515,15.566,2.711,-1.533,0.131,63.0,1,2,0,1,smoke,0
497.887,2.008,92.893,26.918,0.187,1015.9,0.633,55.038,-18.832,1.278,25.531,-0.008,83.0,1,23,0,0,humidity,0
1335.166,4.073,42.926,19.598,0.015,1010.1,0.558,55.771,262.849,-2.213,4.178,-0.003,34.0,1,8,0,0,gas,0
1405.28,13.571,32.487,22.843,0.026,1015.1,0.049,59.457,449.457,-0.803,-0.412,-0.004,21.0,2,16,0,0,gas,0
567.444,4.064,40.734,44.129,0.016,1007.3,6.537,62.096,26.194,1.263,-0.034,-0.003,64.0,1,23,0,0,temperature,1
611.393,6.496,87.397,32.677,0.181,1013.3,4.028,70.245,-27.716,1.356,8.258,0.0,497.0,1,6,1,0,humidity,0
2143.292,4.178,42.334,27.9,0.004,1015.6,4.52,78.553,237.191,-0.041,-0.291,0.003,7.0,1,16,1,0,gas,0
710.782,11.394,86.854,24.09,0.024,1016.2,4.566,81.322,25.595,0.515,7.996,0.002,86.0,1,14,1,1,humidity,0
759.287,10.201,87.443,27.298,0.042,1008.2,3.308,72.107,-7.118,0.035,10.714,-0.006,13.0,1,8,1,1,humidity,0
1485.221,26.931,34.963,44.912,0.296,1016.7,4.582,72.743,293.382,8.268,0.237,0.147,100.0,3,7,1,0,smoke,1
1827.476,4.321,43.008,25.049,0.01,1014.0,2.466,83.227,199.157,-0.12,-0.904,0.003,19.0,1,7,1,0,gas,0
1640.854,42.81,41.338,41.554,0.467,1009.7,3.947,70.057,461.412,3.974,-0.941,0.255,194.0,4,8,1,0,smoke,1
503.398,12.78,60.1,27.438,0.493,1010.4,0.865,53.984,18.319,2.557,-0.96,0.119,10.0,2,3,0,1,smoke,0
2282.336,5.106,51.983,22.199,0.016,1011.8,1.312,55.062,-1155.564,0.506,-0.599,-0.01,26.0,1,2,0,0,gas,0
755.806,6.365,83.156,30.958,0.217,1012.7,3.273,74.688,13.967,1.7,10.878,-0.002,100.0,2,17,1,0,humidity,1
1135.224,16.291,40.549,25.263,0.016,1010.0,3.837,76.506,292.624,-0.955,-0.914,-0.003,8.0,1,7,1,0,gas,0
2089.916,41.633,39.653,23.734,0.013,1003.6,0.462,50.4,376.827,0.186,-1.4,-0.006,104.0,2,3,0,0,gas,1
2229.595,1.82,38.649,23.806,0.002,1015.8,0.652,54.399,425.481,0.427,2.056,-0.003,23.0,1,2,0,0,gas,0
1809.763,5.249,30.636,24.29,0.016,1010.0,4.562,74.346,528.061,-0.543,-0.196,0.001,27.0,2,9,1,1,gas,0
2000.055,4.592,41.035,25.726,0.036,1010.7,5.116,75.032,667.489,0.024,3.094,-0.002,80.0,1,7,1,0,gas,0
465.703,2.742,80.207,29.107,0.07,1010.9,0.35,54.043,-3.801,4.644,18.807,-0.004,55.0,1,3,0,0,humidity,0
1544.583,14.274,40.311,54.917,0.924,1014.0,0.819,46.444,414.288,7.559,0.438,0.438,136.0,4,22,0,0,smoke,1
686.967,7.74,85.893,29.462,0.145,1014.0,3.846,76.95,-0.352,-1.299,19.068,0.0,103.0,1,9,1,0,humidity,0
1917.076,19.438,42.903,22.656,0.029,1008.8,0.106,62.034,260.801,-0.271,0.109,0.007,158.0,3,0,0,0,gas,1
483.131,2.397,82.783,29.527,0.172,1013.4,0.654,49.088,-23.794,4.333,7.257,-0.005,43.0,1,8,0,1,humidity,0
513.964,24.952,42.654,23.17,0.289,1009.9,1.468,56.78,14.609,2.473,-0.537,0.128,12.0,1,7,0,1,smoke,0
2204.666,4.556,50.391,21.891,0.024,1017.5,1.669,57.73,-992.99,-0.53,0.452,0.006,15.0,1,0,0,0,gas,0
2385.044,2.635,52.511,21.984,0.021,1011.4,1.899,54.156,-701.363,-0.12,2.907,0.005,37.0,1,23,0,0,gas,0
640.812,13.299,72.874,23.702,0.016,1010.6,3.423,69.453,39.501,-0.168,12.812,0.0,35.0,1,16,1,1,humidity,0
1191.483,20.038,22.386,47.293,0.559,1011.7,1.335,59.196,168.124,10.701,0.89,0.317,139.0,3,20,0,0,smoke,1
764.541,1.966,43.919,62.004,0.021,1010.3,9.971,87.464,2.674,2.497,-1.056,-0.001,57.0,2,7,1,0,temperature,1
611.469,8.377,56.027,26.606,0.25,1018.3,3.621,76.796,-33.287,4.764,-0.832,0.087,180.0,1,3,1,1,smoke,0
505.243,5.112,85.459,32.336,0.197,1010.6,0.339,55.997,-1.892,1.296,26.008,-0.002,34.0,2,2,0,0,humidity,0
1104.961,8.68,37.448,24.559,0.031,1014.1,0.554,62.261,46.017,-1.728,-0.732,0.005,43.0,1,10,0,0,gas,0
2283.526,33.071,40.567,60.173,0.58,1013.0,5.608,71.457,361.217,6.952,-1.908,0.161,273.0,4,18,1,0,smoke,1
755.116,4.121,88.75,25.573,0.237,1014.2,1.955,68.1,21.184,-0.077,14.6,-0.011,139.0,1,11,1,0,humidity,0
0.0,4.322,38.163,28.383,0.038,1020.7,4.17,75.539,-503.613,0.528,-1.149,-0.001,8.0,1,7,1,0,gas,0
592.132,4.822,83.829,27.127,0.313,1010.4,0.605,52.519,-14.469,3.632,19.507,0.003,86.0,1,5,0,0,humidity,1
1448.652,49.712,34.481,52.064,0.309,1007.7,0.824,61.561,108.202,3.401,-2.59,0.106,68.0,3,5,0,0,smoke,1
656.885,18.4,56.954,26.024,0.292,1013.5,4.506,82.552,2.165,0.245,1.296,0.119,26.0,1,20,1,1,smoke,0
2244.968,5.168,42.908,25.987,0.023,1011.8,4.162,75.871,-502.928,0.172,0.621,-0.004,40.0,2,19,1,1,gas,0
613.738,20.781,49.266,24.249,0.526,1009.8,0.683,54.404,5.172,2.599,-2.352,0.054,6.0,2,9,0,1,smoke,0
1564.73,27.457,52.222,24.696,0.03,1014.9,5.003,76.056,428.43,-1.488,-0.302,0.004,27.0,1,14,1,0,gas,0
710.057,10.835,32.897,24.938,0.251,1008.8,4.161,74.695,-19.406,0.396,0.356,0.125,54.0,1,13,1,1,smoke,0
1952.637,22.341,39.01,27.085,0.006,1012.8,4.776,78.264,451.462,-0.222,-1.623,0.007,102.0,3,6,1,0,gas,1
681.036,6.042,54.822,26.803,0.512,1011.0,3.427,78.982,-22.835,2.254,0.812,0.157,27.0,1,6,1,1,smoke,0
561.716,2.705,56.745,51.628,0.021,1012.8,6.47,59.363,19.686,5.038,-1.622,-0.007,45.0,2,5,0,0,temperature,1
2097.672,12.743,44.07,26.004,0.001,1009.1,4.355,75.324,386.957,-0.562,0.267,-0.003,51.0,2,10,1,0,gas,1
550.861,11.878,76.436,23.554,0.023,1012.3,0.996,51.971,12.385,0.274,20.726,0.002,125.0,1,2,0,1,humidity,0
547.735,11.819,40.154,22.695,0.377,1015.9,1.135,58.203,-19.014,0.957,-0.886,-0.04,23.0,2,5,0,1,smoke,0
1780.974,45.549,36.878,33.33,0.6,1010.8,3.594,73.35,410.33,7.619,-0.591,0.137,338.0,3,19,1,0,smoke,1
2369.812,29.765,46.365,24.631,0.03,1010.3,4.037,71.963,385.006,-0.352,-1.589,-0.002,69.0,3,14,1,0,gas,1
594.885,33.417,41.976,24.707,0.365,1014.4,0.422,50.819,-5.76,1.341,0.498,0.155,80.0,1,23,0,1,smoke,0
524.333,15.809,34.786,24.277,0.177,1012.9,1.366,53.938,12.156,0.475,0.266,0.157,36.0,1,2,0,1,smoke,0
1665.707,4.058,55.595,28.376,0.009,1016.6,5.255,72.527,671.084,-1.08,0.612,0.005,10.0,2,9,1,0,gas,0
0.0,1.257,33.246,24.483,0.005,1007.6,0.729,51.83,-679.498,-0.358,0.43,0.002,21.0,1,2,0,0,gas,0
538.314,9.232,39.988,22.189,0.451,1018.3,1.49,50.06,-18.297,2.228,0.374,0.089,20.0,1,22,0,1,smoke,0
1545.39,70.429,43.196,48.741,0.547,1013.5,4.738,67.115,529.313,3.175,0.325,0.326,123.0,4,17,1,0,smoke,1
657.193,20.379,35.757,23.951,0.313,1011.2,3.723,78.569,-4.369,1.993,-0.613,0.21,68.0,1,21,1,1,smoke,0
1260.201,51.398,32.006,44.544,0.622,1016.2,4.345,74.971,639.593,6.931,1.184,0.155,401.0,3,8,1,0,smoke,1
1453.942,41.655,58.818,66.445,0.66,1014.6,0.975,51.876,-19.389,8.522,-2.732,0.1,187.0,3,10,0,1,smoke,1
840.292,15.291,51.427,26.302,0.041,1016.0,3.264,77.102,270.811,-1.17,-0.843,-0.006,22.0,1,7,1,0,gas,0
603.421,1.355,94.951,27.038,0.161,1011.4,0.629,53.275,25.104,1.402,15.911,0.005,262.0,1,2,0,0,humidity,0
1482.123,24.431,46.309,25.1,0.002,1011.5,3.903,70.459,284.993,-1.423,1.52,0.007,36.0,1,18,1,0,gas,0
1048.856,9.6,36.706,21.242,0.049,1015.0,3.786,60.065,269.227,-0.958,-1.317,0.004,25.0,1,4,0,0,gas,0
606.504,6.441,82.666,21.239,0.021,1014.0,0.141,61.292,57.238,0.32,23.259,-0.0,184.0,2,9,0,1,humidity,0
583.026,17.785,33.404,28.351,0.257,1016.5,3.438,70.478,6.026,0.165,-2.614,0.072,12.0,1,8,1,1,smoke,0
761.657,12.628,79.374,24.942,0.016,1012.9,3.114,75.687,-6.609,-0.659,10.11,0.004,41.0,1,6,1,1,humidity,0
1874.93,56.072,40.238,50.148,0.845,1015.0,3.686,75.339,390.837,5.763,0.669,0.282,191.0,2,18,1,0,smoke,1
0.0,0.645,32.554,26.932,0.025,1015.1,3.576,73.753,728.103,-0.178,-1.775,-0.009,8.0,2,12,1,0,gas,0
712.27,10.308,77.531,29.066,0.016,1010.4,2.987,78.003,17.597,0.041,6.473,-0.004,160.0,1,10,1,1,humidity,0
757.062,12.742,90.07,22.457,0.024,1015.3,3.976,79.583,42.867,-0.401,15.791,-0.0,105.0,1,21,1,1,humidity,0
1459.39,46.906,63.739,47.845,0.562,1014.7,0.277,55.834,531.238,3.314,0.193,0.192,50.0,3,22,0,0,smoke,1
1451.866,35.498,27.277,45.888,0.709,1017.0,3.932,67.256,439.841,6.669,-2.028,0.177,90.0,3,12,1,0,smoke,1
622.934,17.84,39.852,26.737,0.441,1016.9,3.762,68.616,-13.394,4.445,-0.877,0.114,8.0,1,18,1,1,smoke,0
511.348,0.213,36.887,52.132,0.01,1010.7,4.646,64.166,1.376,2.655,-0.592,-0.01,114.0,1,11,0,0,temperature,1
654.773,7.309,88.759,24.19,0.006,1008.4,5.602,79.716,-6.7,-0.61,24.252,-0.002,136.0,1,9,1,1,humidity,0
553.477,10.269,79.337,22.436,0.012,1013.4,0.656,61.737,42.49,0.121,14.934,-0.006,354.0,1,2,0,1,humidity,0
695.022,4.906,86.842,30.269,0.25,1016.5,5.037,78.362,23.761,4.041,13.579,0.004,44.0,1,10,1,0,humidity,0
0.0,3.592,42.589,24.401,0.024,1015.0,5.193,72.099,743.128,0.022,-1.055,0.006,51.0,1,23,1,0,gas,0
2178.813,6.326,47.084,20.67,0.024,1015.7,3.573,73.43,1010.433,0.031,0.223,0.006,48.0,1,16,1,0,gas,0
559.306,10.802,81.092,24.231,0.024,1007.9,1.948,56.401,25.648,-0.149,10.194,-0.002,25.0,1,1,0,1,humidity,0
1579.155,13.047,44.041,23.354,0.021,1011.0,4.514,77.106,348.481,-0.704,-0.791,-0.001,36.0,1,9,1,1,gas,0
427.736,1.432,26.327,52.574,0.027,1014.9,11.24,71.692,14.942,3.646,-0.644,-0.001,73.0,2,2,0,0,temperature,1
483.064,18.599,49.529,21.339,0.299,1012.6,1.231,60.384,12.654,3.425,1.396,0.113,6.0,1,22,0,1,smoke,0
0.0,6.423,56.594,24.356,0.037,1010.3,4.657,74.478,-661.087,-0.105,0.196,0.001,22.0,1,0,1,0,gas,0
1303.815,14.075,41.42,22.801,0.041,1015.9,1.254,55.596,405.279,-1.919,-4.034,0.007,9.0,1,3,0,0,gas,0
1538.967,54.225,43.938,52.579,0.439,1012.1,5.632,68.433,456.828,8.593,-0.193,0.127,420.0,2,10,1,0,smoke,1
489.892,1.066,80.005,21.176,0.175,1013.1,1.143,55.726,-5.597,1.613,25.524,-0.006,53.0,1,22,0,0,humidity,0
1960.021,4.29,57.68,27.64,0.013,1015.9,4.538,77.685,331.143,-0.103,0.441,-0.003,150.0,1,2,1,0,gas,0
688.689,22.326,47.759,25.415,0.553,1012.7,3.001,76.611,9.052,4.082,-0.468,0.09,10.0,1,22,1,1,smoke,0
2231.393,20.053,45.528,23.875,0.032,1006.0,0.463,65.274,416.747,0.185,-2.253,-0.011,167.0,3,3,0,0,gas,1
1499.059,9.779,51.131,23.478,0.018,1011.1,4.073,76.81,307.048,-1.815,0.919,-0.0,21.0,1,9,1,0,gas,0
677.044,5.21,88.963,32.602,0.171,1015.0,4.414,77.03,-33.036,0.448,13.549,-0.011,87.0,1,1,1,0,humidity,0
715.046,21.756,45.972,25.596,0.467,1010.5,5.387,70.121,8.943,3.838,0.024,0.18,4.0,1,15,1,1,smoke,0
1434.386,14.043,37.55,25.446,0.004,1017.7,3.963,76.199,316.006,-0.308,-3.498,-0.0,107.0,1,12,1,0,gas,0
1678.397,31.897,40.842,43.716,0.416,1020.3,4.721,76.175,425.245,3.002,-1.096,0.324,483.0,3,21,1,0,smoke,1
549.756,7.024,89.887,21.295,0.022,1010.4,1.368,55.771,-23.467,-0.282,16.67,0.002,116.0,1,4,0,1,humidity,0
589.763,9.27,40.248,25.019,0.43,1014.6,4.824,74.021,-5.95,-0.08,-0.7,0.12,30.0,1,10,1,1,smoke,0
636.014,9.675,46.535,24.133,0.459,1010.8,1.145,49.92,3.07,2.911,0.944,0.1,42.0,1,4,0,1,smoke,0
608.314,6.425,78.283,27.481,0.123,1017.2,3.328,77.568,34.731,0.303,7.868,-0.007,112.0,1,4,1,0,humidity,0
473.454,13.048,45.698,20.849,0.363,1013.4,1.198,55.215,-21.297,2.466,-0.121,0.101,60.0,1,4,0,1,smoke,0
758.988,2.349,91.578,35.47,0.174,1013.0,3.634,73.419,1.157,3.666,22.281,-0.005,1125.0,1,17,1,1,humidity,0
584.157,25.348,37.101,26.108,0.531,1014.0,2.955,70.574,-10.473,2.765,-1.166,0.128,39.0,1,7,1,1,smoke,0
684.443,4.521,90.164,29.996,0.174,1010.8,4.188,74.946,11.134,2.719,22.075,0.001,122.0,1,8,1,0,humidity,0
1273.662,9.51,43.041,26.346,0.01,1009.2,3.488,84.774,274.882,-1.831,0.98,0.001,43.0,1,9,1,0,gas,0
669.656,14.296,49.54,21.775,0.499,1011.8,0.804,51.351,-31.423,4.898,-2.129,0.22,10.0,1,4,0,1,smoke,0
2179.194,8.932,31.187,27.087,0.012,1011.0,4.091,75.748,156.277,0.198,-0.683,0.002,342.0,1,8,1,0,gas,0
641.139,3.891,90.961,26.284,0.244,1011.1,3.695,72.469,30.141,1.924,23.272,0.001,43.0,1,16,1,0,humidity,0
678.127,2.819,91.966,31.844,0.287,1013.5,3.65,76.532,-1.794,2.589,13.35,-0.005,224.0,1,15,1,0,humidity,0
1594.147,4.997,31.124,21.798,0.009,1012.3,2.426,56.108,898.486,-0.098,3.333,-0.003,27.0,1,1,0,0,gas,0
0.0,8.048,60.499,25.437,0.024,1015.2,3.12,73.682,416.482,-0.604,-0.634,-0.014,11.0,1,23,1,0,gas,0
602.081,10.992,45.492,22.478,0.643,1012.1,2.195,53.555,3.778,2.252,-0.061,0.168,30.0,1,12,0,1,smoke,0
2085.101,6.779,52.712,27.227,0.028,1008.2,3.982,69.085,509.871,-0.638,2.654,-0.001,73.0,1,6,1,0,gas,0
645.002,3.765,83.697,35.697,0.259,1014.2,2.575,77.937,12.7,4.866,22.336,0.001,46.0,1,3,1,1,humidity,0
597.959,13.91,78.376,27.783,0.02,1010.4,4.104,72.706,11.64,0.41,20.425,-0.007,58.0,1,11,1,1,humidity,0
627.115,8.239,81.999,24.686,0.017,1015.7,3.343,76.695,7.32,0.301,4.742,-0.0,99.0,1,18,1,1,humidity,0
612.271,11.827,36.27,21.948,0.312,1013.6,1.952,49.026,30.76,-1.75,1.282,0.132,38.0,1,22,0,1,smoke,0
572.781,3.256,39.973,49.752,0.025,1012.2,6.623,72.924,8.4,7.109,-0.084,-0.002,51.0,2,3,0,0,temperature,1
591.81,17.275,45.795,22.389,0.432,1011.8,1.454,58.934,-19.07,2.617,-0.411,0.117,27.0,1,0,0,1,smoke,0
620.899,8.568,82.14,24.099,0.021,1008.8,0.733,55.756,-20.173,-0.273,12.373,0.004,55.0,1,4,0,1,humidity,0
2245.677,23.609,36.811,24.012,0.014,1011.5,1.573,57.399,360.568,-0.337,-2.605,-0.003,80.0,3,1,0,0,gas,1
490.64,0.471,83.476,28.733,0.099,1013.7,0.048,56.015,0.63,1.159,25.372,0.008,23.0,1,4,0,0,humidity,0
540.494,18.941,53.578,28.366,0.509,1011.4,4.196,74.224,-14.406,0.261,1.889,0.129,58.0,2,7,1,1,smoke,0
0.0,3.369,55.647,24.943,0.029,1013.0,4.437,70.106,953.28,-0.1,1.065,-0.0,30.0,1,19,1,0,gas,0
1338.763,13.563,44.648,20.568,0.003,1011.8,1.368,54.32,78.456,-1.053,-0.373,-0.002,25.0,2,23,0,0,gas,0
806.646,6.61,39.559,56.626,0.01,1017.6,11.238,80.863,9.884,8.893,-3.534,0.005,162.0,1,21,1,0,temperature,1
642.025,9.935,78.362,27.779,0.016,1006.5,3.376,74.821,-1.539,-0.338,19.442,-0.002,32.0,1,9,1,1,humidity,1
719.161,6.659,45.81,61.325,0.02,1012.7,7.44,88.244,-15.829,3.839,-1.997,0.011,61.0,2,14,1,0,temperature,1
642.349,22.862,31.421,29.568,0.349,1007.5,2.721,77.346,27.185,2.99,0.242,0.049,37.0,1,16,1,1,smoke,0
486.749,4.187,87.385,26.292,0.218,1004.7,0.774,52.618,-2.398,-0.343,21.769,-0.001,16.0,1,22,0,0,humidity,0
1507.937,28.674,57.44,26.842,0.028,1012.2,3.766,76.117,63.009,-0.564,-1.269,-0.004,26.0,1,0,1,0,gas,0
507.276,22.661,41.713,23.657,0.289,1013.3,1.526,56.463,54.663,1.25,-2.247,0.059,16.0,1,15,0,1,smoke,0
709.631,5.215,32.903,24.244,0.189,1014.8,3.078,74.23,-26.594,3.85,-0.683,0.182,58.0,1,14,1,1,smoke,0
623.304,4.014,44.49,40.448,0.021,1020.0,9.549,70.879,-16.903,8.668,-2.136,0.004,226.0,2,5,0,0,temperature,1
662.897,15.289,30.494,26.906,0.301,1011.6,4.779,74.127,-26.722,4.412,0.586,0.119,19.0,1,15,1,1,smoke,0
1835.946,17.342,23.999,20.343,0.016,1006.7,1.688,61.656,166.515,-0.506,0.014,-0.007,163.0,3,6,0,0,gas,1
677.612,2.125,48.15,47.791,0.019,1009.9,12.73,84.303,-5.611,7.451,-1.32,0.006,116.0,1,18,1,0,temperature,1
0.0,6.765,41.622,20.234,0.006,1006.7,3.962,71.476,-638.199,-0.12,3.15,0.005,5.0,1,7,1,0,gas,0
1310.473,15.272,58.523,22.647,0.034,1021.1,0.907,51.495,180.316,-1.985,0.233,0.002,34.0,1,2,0,0,gas,0
654.696,5.419,91.177,31.572,0.173,1010.1,4.12,75.425,-34.705,3.338,21.778,0.006,348.0,1,2,1,0,humidity,0
1241.554,9.276,35.801,26.91,0.035,1014.9,1.311,58.532,438.517,-1.051,0.144,-0.003,141.0,1,0,0,0,gas,0
1483.627,18.367,36.989,21.015,0.022,1011.2,1.586,59.727,314.596,-1.265,-0.652,0.002,27.0,1,5,0,0,gas,0
1247.892,14.986,45.5,21.133,0.019,1012.9,2.234,51.299,276.789,-2.862,1.181,0.0,25.0,1,2,0,0,gas,0
602.345,2.577,87.842,31.607,0.154,1007.4,4.244,69.825,-47.688,3.362,28.217,0.003,58.0,1,9,1,0,humidity,0
1299.036,46.665,20.249,44.499,0.508,1012.7,5.049,77.693,508.016,5.7,0.527,0.326,16.0,4,19,1,0,smoke,1
528.962,1.317,85.732,28.835,0.234,1007.2,0.281,58.581,-15.599,2.012,20.985,-0.001,36.0,1,21,0,0,humidity,0
698.492,4.61,84.21,32.424,0.256,1011.1,5.395,81.115,7.152,2.778,19.024,-0.002,74.0,1,17,1,0,humidity,0
587.445,5.584,52.415,64.04,0.018,1011.0,8.305,90.89,-8.315,9.539,-0.974,0.004,43.0,1,21,1,0,temperature,1
750.982,13.331,44.001,28.44,0.285,1011.3,3.199,70.42,61.6,1.012,-1.019,0.074,13.0,1,18,1,1,smoke,0
665.783,18.656,54.339,25.821,0.316,1013.4,4.223,78.104,-12.265,1.428,-0.665,0.009,56.0,1,13,1,1,smoke,0
542.144,9.275,40.149,23.239,0.31,1011.1,1.595,60.14,-0.694,4.699,0.262,0.157,9.0,1,23,0,1,smoke,0
577.313,18.469,49.908,21.08,0.375,1009.6,0.642,53.53,2.457,1.9,0.413,0.035,7.0,1,2,0,1,smoke,0
641.705,4.188,90.726,30.58,0.254,1015.6,3.489,70.801,33.678,2.457,16.242,-0.001,100.0,1,9,1,0,humidity,0
710.678,23.421,49.707,27.325,0.532,1017.3,3.801,79.262,9.971,1.162,0.378,0.079,47.0,2,16,1,1,smoke,0
634.875,15.064,46.829,26.663,0.468,1012.0,4.113,78.419,-67.502,0.441,-3.34,0.086,6.0,2,12,1,1,smoke,0
630.307,4.28,81.147,31.873,0.09,1015.3,3.883,75.303,14.795,2.804,18.46,-0.01,96.0,1,0,1,0,humidity,0
765.347,7.781,50.77,24.497,0.408,1012.1,3.799,73.771,33.89,1.044,-1.657,0.029,29.0,1,6,1,1,smoke,0
657.238,23.124,35.811,28.555,0.383,1014.4,3.603,79.168,-2.071,3.047,-0.829,0.151,27.0,1,19,1,1,smoke,0
776.668,14.755,91.49,25.454,0.035,1014.5,4.215,73.926,19.886,0.413,14.334,-0.002,152.0,1,20,1,1,humidity,0
547.679,14.051,50.024,27.394,0.41,1010.2,0.581,58.907,-24.405,2.659,-0.561,0.109,7.0,1,16,0,1,smoke,0
0.0,3.288,54.885,24.407,0.029,1009.7,1.574,60.544,768.854,0.177,1.268,0.001,24.0,1,0,0,0,gas,0
1343.694,64.25,52.614,51.949,0.468,1015.4,1.632,50.849,538.867,6.359,1.776,0.302,98.0,3,2,0,0,smoke,0
1039.057,16.989,43.851,21.625,0.021,1012.0,0.53,44.772,174.362,-0.782,1.096,0.008,5.0,1,23,0,0,gas,0
616.076,9.79,85.245,29.847,0.242,1017.1,3.96,75.201,-12.148,0.882,23.65,-0.002,162.0,1,9,1,0,humidity,0
1028.306,6.941,60.074,23.462,0.015,1009.5,4.197,82.453,189.433,0.226,0.222,-0.005,7.0,1,20,1,0,gas,0
634.026,3.18,86.35,24.996,0.227,1002.7,1.3,52.675,40.455,3.432,15.021,-0.008,66.0,2,1,0,0,humidity,0
2196.186,22.271,47.371,23.802,0.032,1009.2,4.607,71.806,542.438,-0.471,0.062,0.001,17.0,2,12,1,0,gas,1
1640.795,20.52,40.358,41.505,0.802,1013.2,5.165,76.093,351.102,6.88,0.252,0.174,354.0,3,10,1,0,smoke,1
603.641,3.675,82.142,22.053,0.275,1003.9,1.021,51.902,20.096,-0.677,14.461,-0.002,574.0,1,16,0,1,humidity,0
1559.986,35.99,38.42,50.5,0.568,1011.4,1.276,60.405,434.767,4.282,1.31,0.15,71.0,3,0,0,0,smoke,1
1102.491,15.474,49.73,21.393,0.015,1010.5,4.391,84.334,64.808,-1.177,-1.161,-0.008,92.0,1,14,1,0,gas,0
679.349,2.254,91.665,31.123,0.193,1011.2,4.108,73.19,17.571,3.352,19.966,0.003,80.0,1,12,1,0,humidity,0
565.355,5.401,83.969,27.758,0.122,1013.9,0.379,57.838,9.644,4.957,22.251,0.009,108.0,1,0,0,1,humidity,0
1502.631,16.917,44.905,25.952,0.025,1011.2,4.78,75.323,322.829,-1.633,0.992,-0.003,92.0,2,21,1,0,gas,0
1192.554,20.285,56.192,21.929,0.033,1006.9,3.623,81.158,64.796,-2.2,0.29,-0.009,7.0,1,2,1,1,gas,0
735.991,7.999,79.243,25.358,0.015,1010.1,4.776,78.778,-11.828,-0.206,9.483,-0.004,95.0,1,13,1,1,humidity,0
692.505,20.164,33.799,25.065,0.492,1008.4,4.286,74.843,12.666,1.701,0.875,0.159,20.0,2,6,1,1,smoke,0
592.382,4.449,76.427,33.024,0.239,1014.4,4.424,74.944,24.869,1.897,18.058,-0.004,16.0,2,17,1,0,humidity,0
1267.032,15.675,57.317,21.212,0.017,1003.1,0.36,58.646,-13.119,-1.067,1.463,-0.004,27.0,1,0,0,0,gas,0
518.231,0.817,81.409,31.538,0.184,1012.0,0.361,48.165,-41.933,1.741,7.01,0.004,170.0,1,4,0,0,humidity,0
601.635,14.943,71.276,28.567,0.016,1018.9,3.786,69.055,-28.147,0.298,10.063,0.003,154.0,1,16,1,1,humidity,0
550.075,4.01,90.238,32.705,0.045,1009.4,1.441,48.633,13.487,1.795,12.424,0.01,58.0,1,14,0,0,humidity,0
665.874,13.815,55.745,25.967,0.311,1016.0,3.524,71.959,8.539,3.461,1.322,0.08,52.0,1,7,1,1,smoke,0
485.412,26.637,41.28,23.025,0.378,1009.5,0.576,51.413,2.271,1.619,1.809,0.013,13.0,1,2,0,1,smoke,0
644.287,4.748,94.628,30.48,0.199,1010.0,3.715,78.34,-0.218,2.421,12.329,0.008,101.0,1,8,1,0,humidity,0
582.468,5.911,34.246,58.036,0.017,1015.3,6.044,71.704,5.406,2.621,-0.271,0.006,760.0,2,4,0,0,temperature,1
604.656,6.114,85.146,31.797,0.248,1014.1,3.628,71.144,-22.385,-0.231,23.839,-0.007,37.0,1,11,1,0,humidity,0
854.019,18.948,42.165,21.855,0.026,1017.9,1.862,59.649,258.816,-1.807,-0.314,0.005,54.0,1,22,0,0,gas,0
522.631,1.593,82.444,28.859,0.104,1018.0,1.838,47.368,-0.578,0.969,30.096,0.005,113.0,1,10,0,0,humidity,0
1666.315,5.7,33.779,27.094,0.022,1014.0,4.036,74.514,949.783,-0.41,0.403,-0.001,6.0,2,9,1,0,gas,0
1299.251,9.197,37.228,27.499,0.003,1009.8,3.943,75.496,32.353,-1.08,0.507,0.015,24.0,1,9,1,0,gas,0
663.312,12.272,48.429,21.96,0.578,1014.9,5.235,78.333,46.135,2.569,2.17,0.129,3.0,1,0,1,1,smoke,0
699.35,9.703,78.132,24.514,0.028,1016.5,3.066,74.449,10.756,-0.199,12.407,-0.002,37.0,1,23,1,1,humidity,0
1800.731,3.092,34.77,23.285,0.026,1009.2,1.213,55.136,-827.73,0.083,1.336,0.005,56.0,1,2,0,0,gas,0
2325.389,8.591,43.068,25.685,0.035,1015.1,4.203,71.892,-473.312,0.383,0.656,0.011,32.0,1,6,1,0,gas,0
2216.332,3.877,42.74,20.117,0.03,1017.1,1.505,57.084,588.535,0.149,2.35,-0.002,6.0,1,23,0,0,gas,0
569.935,4.155,81.451,30.375,0.383,1012.5,4.465,77.559,-22.713,1.322,21.787,-0.0,39.0,1,9,1,1,humidity,0
1676.807,29.97,42.321,23.601,0.002,1001.2,1.26,63.115,413.191,-0.064,-1.641,0.001,140.0,3,5,0,0,gas,1
1445.862,5.441,38.115,26.095,0.003,1014.5,4.269,68.841,363.616,-0.923,-0.78,-0.009,6.0,1,7,1,0,gas,0
517.765,9.858,75.655,22.602,0.022,1010.0,0.432,58.708,20.546,0.468,15.075,0.004,53.0,1,10,0,1,humidity,0
1223.817,10.753,36.966,24.231,0.023,1017.7,4.889,73.92,247.523,-1.47,-0.407,-0.003,12.0,1,12,1,0,gas,0
565.645,0.172,57.228,56.462,0.018,1011.9,10.351,66.038,-5.108,0.408,0.28,0.005,136.0,2,2,0,0,temperature,1
617.253,4.361,92.566,31.308,0.125,1011.3,3.481,77.633,-5.123,2.927,28.959,0.005,54.0,1,20,1,0,humidity,0
2814.931,2.596,48.839,25.836,0.019,1011.3,1.495,55.734,802.087,-0.485,-1.689,-0.001,21.0,1,12,0,0,gas,0
1400.456,15.352,43.288,26.594,0.013,1004.6,3.03,80.322,267.566,-0.496,0.52,-0.011,83.0,1,13,1,1,gas,0
440.002,0.359,87.604,28.604,0.233,1016.1,0.2,45.998,-10.355,0.928,17.407,0.005,34.0,1,2,0,0,humidity,0
0.0,5.791,38.769,27.798,0.011,1012.1,3.912,75.574,-443.126,-0.506,-1.263,0.0,12.0,1,19,1,0,gas,0
460.939,2.624,86.484,27.086,0.137,1014.8,2.457,51.6,3.705,5.398,22.523,0.003,56.0,1,23,0,0,humidity,0
1035.208,22.345,55.639,23.963,0.028,1009.0,1.679,60.568,245.738,-1.451,-1.33,-0.006,69.0,1,22,0,0,gas,0
552.337,12.049,80.737,22.151,0.02,1010.2,1.347,56.909,23.352,0.004,14.145,0.002,148.0,1,1,0,1,humidity,0
555.278,2.839,47.254,44.669,0.0,1013.0,3.513,62.857,-28.021,8.225,-0.164,-0.0,106.0,2,2,0,0,temperature,1
630.941,7.064,48.738,26.433,0.295,1016.3,3.656,68.133,15.863,0.322,-0.669,0.064,17.0,1,17,1,1,smoke,0
541.054,3.765,62.719,21.653,0.019,1013.3,2.291,58.238,-11.934,0.256,9.281,-0.003,11.0,1,5,0,1,humidity,0
704.122,10.985,74.222,28.043,0.046,1012.7,4.322,74.936,-4.002,0.087,15.679,0.004,32.0,1,23,1,1,humidity,0
671.041,4.652,89.196,32.986,0.269,1015.1,4.05,78.949,10.153,3.38,14.888,0.004,317.0,1,14,1,1,humidity,0
548.488,4.579,34.144,26.771,0.02,1018.0,5.085,83.041,-1431.036,-0.247,-0.471,0.005,25.0,1,13,1,0,gas,0
670.147,3.81,87.031,28.191,0.342,1009.4,3.169,79.134,11.108,1.901,16.414,0.002,166.0,1,9,1,0,humidity,0
579.404,13.108,76.022,24.616,0.01,1010.9,1.019,58.757,4.958,0.06,17.45,0.004,115.0,1,23,0,1,humidity,0
657.53,10.895,82.645,25.161,0.019,1011.6,1.178,50.965,25.667,0.384,7.16,-0.002,104.0,1,22,0,1,humidity,0
671.454,11.983,82.708,25.584,0.014,1012.3,4.626,73.828,-42.36,-0.387,15.627,0.003,19.0,1,8,1,1,humidity,0
550.668,15.379,50.932,22.587,0.385,1011.1,1.568,53.499,-8.99,2.961,-0.761,0.131,14.0,1,0,0,1,smoke,0
630.584,1.392,46.399,21.784,0.382,1011.2,0.418,55.979,16.051,1.494,-0.944,0.108,31.0,1,22,0,1,smoke,0
1177.351,9.439,49.933,23.053,0.032,1015.8,2.663,51.852,229.058,-1.336,0.582,-0.008,50.0,1,2,0,0,gas,0
576.066,4.381,87.723,27.339,0.326,1013.2,1.255,53.512,6.372,1.823,11.711,0.005,105.0,1,23,0,0,humidity,0
469.081,3.858,80.902,25.966,0.247,1012.9,0.08,54.909,23.577,1.466,28.497,0.0,106.0,1,9,0,0,humidity,0
0.0,3.968,55.742,22.87,0.027,1016.2,0.951,62.208,721.207,0.119,-0.319,0.003,75.0,1,1,0,0,gas,0
1552.445,32.109,43.348,50.195,0.675,1016.5,4.214,74.741,237.714,5.618,1.998,-0.044,40.0,2,7,1,0,smoke,1
726.323,7.862,81.618,31.225,0.244,1013.0,2.124,75.207,0.121,1.427,20.809,-0.006,107.0,2,11,1,1,humidity,0
704.708,4.516,86.963,30.774,0.238,1009.4,3.676,73.626,18.017,-0.564,11.303,-0.0,91.0,1,21,1,0,humidity,0
0.0,5.55,43.342,28.549,0.023,1012.7,4.264,69.79,480.534,0.053,1.116,0.009,73.0,1,2,1,0,gas,0
1085.032,7.637,49.999,25.485,0.022,1008.1,2.934,70.442,447.894,-1.392,-0.857,0.002,8.0,1,15,1,0,gas,0
540.651,7.012,85.666,30.018,0.27,1016.9,2.712,74.925,-4.548,2.427,15.436,0.006,49.0,2,11,1,0,humidity,0
1635.0,35.51,36.083,53.162,0.675,1017.5,2.955,69.006,557.927,2.926,-1.817,0.226,97.0,4,19,1,0,smoke,1
547.449,22.299,27.717,20.733,0.397,1018.0,1.068,51.667,15.266,1.946,-1.295,0.127,65.0,1,1,0,1,smoke,0
1464.304,14.121,37.463,25.455,0.027,1017.6,3.68,85.057,336.401,-1.682,2.847,-0.004,313.0,1,17,1,0,gas,0
2294.841,25.554,47.712,26.275,0.038,1003.8,3.761,72.725,334.798,0.21,0.354,-0.009,152.0,3,1,1,0,gas,1
577.835,3.456,87.186,27.744,0.194,1009.0,0.328,60.073,20.022,5.775,31.406,-0.005,370.0,2,3,0,0,humidity,0
1507.103,3.471,50.402,24.345,0.02,1014.6,3.954,75.288,1067.023,-0.124,-1.315,-0.002,11.0,1,8,1,0,gas,0
705.483,12.911,73.297,26.57,0.029,1011.2,4.764,71.319,20.143,0.497,10.006,-0.007,56.0,1,16,1,1,humidity,0
2083.757,2.518,40.826,24.74,0.028,1018.9,4.546,74.725,-285.409,-0.497,-1.742,0.005,58.0,1,7,1,0,gas,0
499.912,0.795,90.198,28.676,0.273,1016.4,1.182,51.812,-11.917,4.013,21.365,0.004,599.0,1,23,0,0,humidity,0
709.597,20.016,45.492,25.807,0.188,1018.7,3.461,70.707,0.696,5.214,-2.606,0.008,36.0,1,9,1,1,smoke,0
690.072,12.192,47.347,25.007,0.498,1012.9,3.231,80.681,-0.381,0.135,-1.765,0.069,48.0,1,12,1,1,smoke,0
1101.249,30.596,36.804,49.127,0.454,1012.2,3.403,84.122,492.676,0.116,-2.84,0.379,134.0,4,17,1,0,smoke,1
2753.524,30.065,63.847,28.992,0.016,1011.4,1.437,61.281,229.045,-0.119,-0.427,0.007,15.0,2,2,0,1,gas,1
647.727,14.812,37.102,26.946,0.294,1008.8,3.064,78.171,30.692,0.924,-0.358,0.104,20.0,2,14,1,1,smoke,0
1986.62,3.732,46.627,28.531,0.031,1013.0,3.149,69.849,-619.547,-0.126,-1.667,0.012,3.0,1,11,1,0,gas,0
545.555,14.753,49.19,26.896,0.361,1011.2,3.51,74.436,-28.365,1.151,0.99,0.129,16.0,2,15,1,1,smoke,0
666.123,3.727,47.077,62.598,0.002,1014.0,6.297,75.427,-10.562,2.348,-1.837,0.004,159.0,2,3,0,0,temperature,1
558.502,2.332,84.473,24.451,0.285,1016.3,1.702,63.246,-6.48,6.638,35.026,0.002,10.0,1,22,0,0,humidity,0
478.739,1.87,87.778,30.45,0.278,1008.9,2.134,54.332,53.593,2.349,26.974,-0.001,76.0,1,18,0,0,humidity,0
1622.239,38.985,36.358,40.051,0.534,1007.7,0.982,55.127,195.56,9.923,-0.616,0.117,184.0,3,3,0,0,smoke,1
1440.358,17.194,51.206,24.367,0.022,1005.6,2.619,76.682,61.01,0.329,0.833,0.008,62.0,2,7,1,0,gas,1
697.582,3.217,33.951,56.567,0.019,1015.3,9.295,88.067,34.805,3.312,-2.324,0.013,49.0,1,10,1,0,temperature,1
0.0,5.422,41.488,26.866,0.032,1008.6,4.513,81.139,-770.298,-0.759,-1.699,-0.005,24.0,1,2,1,0,gas,0
1901.232,18.438,33.626,26.646,0.029,1005.7,3.376,73.069,418.724,-0.165,-0.419,-0.008,34.0,2,14,1,0,gas,1
3196.227,13.938,61.511,27.077,0.025,1000.3,4.356,77.424,388.894,0.124,-1.674,-0.0,500.0,3,20,1,0,gas,1
2292.552,18.804,34.405,24.985,0.019,1003.1,2.539,56.005,417.487,0.599,-0.347,0.013,25.0,2,15,0,0,gas,1
524.678,9.365,71.02,24.534,0.015,1011.1,2.786,63.387,-26.027,0.173,14.898,-0.007,157.0,1,4,0,1,humidity,0
737.903,15.345,52.879,26.497,0.474,1012.7,3.702,76.568,-4.382,1.867,0.847,0.092,5.0,1,1,1,1,smoke,0
567.089,10.888,87.603,28.434,0.024,1017.5,2.633,73.828,47.199,0.31,18.346,-0.004,95.0,1,7,1,1,humidity,0
558.485,4.253,39.072,56.353,0.026,1009.0,8.101,59.972,11.863,3.898,-1.65,-0.0,359.0,1,2,0,0,temperature,1
699.277,5.039,86.721,34.13,0.276,1014.2,4.912,69.651,-18.428,1.541,17.574,0.001,45.0,1,8,1,0,humidity,0
647.327,29.701,48.099,28.154,0.165,1015.2,5.455,75.17,28.654,1.218,-0.295,0.154,15.0,1,10,1,1,smoke,0
577.502,12.766,77.156,21.71,0.017,1017.6,0.94,51.598,37.118,0.443,3.412,-0.004,92.0,1,5,0,1,humidity,0
609.799,3.332,88.194,30.951,0.167,1014.6,3.827,69.652,5.644,2.323,28.096,0.005,24.0,1,16,1,0,humidity,0
887.512,22.3,44.728,20.85,0.01,1015.3,0.764,52.779,178.815,-2.539,-0.294,0.008,74.0,1,5,0,0,gas,0
617.64,5.192,87.933,30.431,0.2,1011.0,0.149,56.178,6.9,5.338,19.451,0.011,294.0,1,23,0,1,humidity,0
1965.39,7.863,36.677,23.59,0.012,1014.4,3.861,72.116,-723.162,0.506,1.551,-0.002,15.0,2,19,1,0,gas,0
563.572,4.143,80.659,23.092,0.004,1017.1,0.988,49.194,-43.373,-0.052,16.023,-0.003,20.0,1,1,0,1,humidity,0
1018.395,10.64,66.145,24.587,0.014,1010.1,5.571,72.415,315.688,-2.437,2.526,-0.009,10.0,1,6,1,0,gas,0
1352.696,18.087,48.29,23.259,0.028,1009.7,3.907,77.516,184.386,0.434,-1.914,-0.005,7.0,1,16,1,0,gas,0
0.0,3.557,42.798,28.704,0.015,1012.9,3.216,81.423,-370.733,0.186,-1.081,-0.002,45.0,1,6,1,0,gas,0
736.805,5.182,90.394,34.839,0.277,1016.4,5.377,69.304,-11.477,4.524,6.972,0.002,223.0,1,10,1,0,humidity,0
1536.137,7.929,51.903,26.197,0.025,1012.2,1.527,63.663,303.484,-1.015,1.073,-0.001,217.0,1,22,0,0,gas,0
665.42,15.095,32.943,26.693,0.343,1014.3,2.607,77.659,33.604,3.646,0.27,0.053,46.0,1,13,1,1,smoke,0
708.018,15.202,36.315,26.219,0.47,1011.7,3.425,74.735,8.39,3.702,2.999,0.093,62.0,1,23,1,1,smoke,0
776.087,28.519,40.534,26.651,0.358,1008.2,3.891,80.565,41.851,2.111,1.426,0.105,74.0,1,20,1,1,smoke,0
990.743,10.274,61.025,23.976,0.015,1014.0,1.287,51.738,297.048,-1.748,0.616,-0.007,19.0,1,23,0,0,gas,0
614.621,4.734,85.498,27.054,0.209,1014.4,3.681,74.774,22.594,3.256,13.359,-0.002,43.0,1,11,1,0,humidity,0
0.0,3.759,49.395,30.486,0.019,1010.9,2.775,72.087,872.872,0.216,1.981,0.002,30.0,1,16,1,0,gas,0
651.398,4.75,86.617,30.073,0.148,1012.7,3.868,77.544,18.145,-0.377,16.901,0.0,71.0,1,13,1,1,humidity,0
606.57,5.133,79.703,24.517,0.024,1015.6,1.153,55.761,-25.348,0.001,10.591,-0.007,134.0,1,0,0,1,humidity,0
2162.042,3.517,43.039,26.493,0.021,1012.7,3.89,75.462,188.954,0.13,2.736,0.001,21.0,2,15,1,0,gas,0
549.336,14.486,33.93,20.483,0.183,1011.4,0.178,56.84,22.755,1.684,-2.559,0.091,38.0,1,0,0,1,smoke,0
511.132,4.582,74.707,22.943,0.032,1012.6,2.105,57.529,14.733,0.052,7.995,-0.006,87.0,1,3,0,1,humidity,1
566.144,11.703,52.708,21.956,0.333,1008.2,1.913,52.561,-26.801,-0.873,0.554,0.082,71.0,1,14,0,1,smoke,0
632.768,11.31,83.679,24.874,0.014,1010.8,4.08,74.297,-0.779,-0.04,6.188,-0.001,56.0,1,6,1,1,humidity,0
864.286,13.427,44.6,27.101,0.031,1018.5,1.991,55.22,315.876,-2.365,2.125,0.001,12.0,2,23,0,0,gas,0
621.069,6.557,82.882,27.43,0.198,1015.5,5.055,69.041,-18.584,1.528,15.336,0.006,91.0,2,18,1,0,humidity,0
659.518,5.902,73.704,33.777,0.221,1010.2,4.03,74.202,18.079,3.937,13.934,0.003,34.0,1,19,1,0,humidity,0
2195.15,25.043,29.49,26.531,0.017,1003.6,3.089,74.356,194.617,0.287,1.688,-0.005,135.0,2,0,1,0,gas,1
2143.469,27.091,48.078,25.528,0.025,1012.6,3.632,74.787,186.437,-0.219,1.886,-0.001,40.0,2,21,1,0,gas,1
627.003,19.718,39.393,27.783,0.445,1006.9,2.101,79.085,-16.323,0.706,-2.954,0.07,6.0,1,3,1,1,smoke,0
1431.175,10.208,48.959,26.707,0.007,1006.6,3.364,76.814,125.974,-1.904,-1.217,-0.01,28.0,1,21,1,0,gas,0
316.852,2.474,29.466,23.085,0.028,1013.8,1.728,51.728,618.481,-0.236,1.325,0.003,15.0,1,5,0,0,gas,0
572.745,6.492,61.259,51.764,0.022,1011.9,6.337,98.043,2.026,2.979,0.959,0.012,66.0,2,13,1,0,temperature,1
0.0,5.068,44.78,28.325,0.018,1011.7,4.532,71.218,-615.413,-0.41,-0.161,0.001,41.0,1,18,1,1,gas,0
596.997,7.996,78.463,28.165,0.004,1015.9,4.211,75.976,23.506,-0.244,-2.44,0.008,123.0,1,14,1,1,humidity,0
666.143,10.409,78.091,28.859,0.036,1012.2,3.782,70.818,-17.953,-0.435,4.254,-0.0,22.0,1,20,1,1,humidity,0
1741.685,22.869,46.615,22.955,0.018,1008.3,2.953,75.12,143.193,-2.61,0.825,0.004,13.0,1,0,1,1,gas,1
605.364,4.999,81.065,32.682,0.141,1018.2,4.573,78.5,-24.847,6.367,29.452,0.007,138.0,1,10,1,0,humidity,0
590.045,4.111,78.998,26.47,0.012,1013.6,4.422,80.316,6.807,0.292,15.805,0.003,400.0,1,10,1,1,humidity,0
789.746,11.314,87.235,23.104,0.033,1016.1,3.935,76.32,-13.498,0.426,8.842,-0.005,227.0,1,7,1,1,humidity,0
704.969,5.485,89.527,34.893,0.22,1008.5,4.659,70.075,31.72,-1.201,26.559,0.007,222.0,1,13,1,0,humidity,0
1286.629,13.896,53.068,25.65,0.025,1012.9,3.166,75.379,211.295,-2.636,-0.526,0.001,11.0,1,15,1,0,gas,0
646.227,5.854,78.477,26.447,0.024,1008.8,3.017,73.59,21.056,-0.094,16.87,-0.003,46.0,1,13,1,1,humidity,0
1538.708,13.502,41.22,22.498,0.023,1004.7,1.022,62.925,285.891,-0.305,1.273,-0.003,386.0,2,6,0,0,gas,1
1222.051,3.499,33.682,26.179,0.028,1012.6,3.379,73.352,300.116,-1.934,-0.407,-0.004,159.0,2,11,1,1,gas,0
1655.072,36.48,33.979,56.632,0.422,1013.8,3.15,78.046,298.59,9.397,-0.417,0.132,138.0,2,2,1,0,smoke,1
644.027,5.007,91.696,28.874,0.249,1018.7,4.64,71.612,-24.098,6.356,14.363,-0.009,73.0,1,9,1,0,humidity,0
718.881,10.545,48.648,24.034,0.458,1016.2,4.259,73.293,-2.592,0.938,0.528,0.146,72.0,2,8,1,1,smoke,0
0.0,0.99,36.8,23.157,0.013,1015.6,0.225,59.621,-157.849,0.138,-0.76,-0.009,19.0,1,5,0,0,gas,0
2506.635,29.937,40.024,26.839,0.026,1009.9,4.117,80.135,332.917,0.735,-0.391,-0.007,160.0,3,7,1,0,gas,1
1432.371,20.446,32.719,40.555,0.663,1008.6,0.893,47.388,256.135,7.16,0.088,0.069,101.0,3,1,0,0,smoke,1
2077.212,38.541,48.49,24.106,0.03,1006.7,3.987,73.212,328.865,0.736,1.437,-0.003,104.0,2,19,1,0,gas,1
1804.431,17.945,38.446,48.756,0.497,1012.1,0.537,59.365,426.541,3.639,-0.818,0.161,85.0,3,0,0,0,smoke,1
640.271,7.725,77.644,27.509,0.136,1009.2,3.459,73.545,22.531,4.07,17.657,0.003,89.0,1,7,1,0,humidity,0
1367.052,15.163,35.946,27.103,0.032,1015.8,3.842,76.436,291.045,-2.455,-1.735,0.001,27.0,1,21,1,0,gas,0
701.035,3.416,83.767,30.334,0.28,1015.7,4.471,74.085,13.674,2.663,10.892,0.002,45.0,1,10,1,0,humidity,0
2130.702,7.833,43.458,24.529,0.02,1009.8,3.284,77.416,-326.464,-0.666,-2.028,0.004,40.0,1,23,1,1,gas,0
828.638,17.628,43.173,21.558,0.019,1011.0,0.473,53.282,63.976,-1.207,0.958,-0.0,13.0,1,13,0,0,gas,0
662.158,10.886,74.823,24.59,0.015,1013.4,2.657,79.862,25.322,0.097,10.155,0.006,48.0,1,13,1,1,humidity,0
613.323,21.282,28.173,23.413,0.332,1020.7,4.526,71.499,-3.681,2.37,-0.921,0.039,15.0,1,16,1,1,smoke,0
486.388,4.436,88.463,27.33,0.233,1010.5,1.717,59.098,-1.187,2.226,5.379,-0.008,152.0,1,0,0,0,humidity,0
546.838,8.35,75.159,23.801,0.003,1015.7,1.321,57.61,-8.586,-0.23,20.832,-0.005,65.0,1,19,0,1,humidity,0
683.966,10.967,70.191,25.628,0.004,1015.8,4.141,75.006,17.75,-0.592,6.74,0.004,27.0,1,23,1,1,humidity,0
628.644,9.158,53.323,27.608,0.288,1012.0,2.694,76.029,-24.29,3.853,1.886,-0.013,13.0,2,11,1,1,smoke,0
682.154,19.231,41.511,26.474,0.456,1014.6,3.581,68.207,12.534,1.008,0.034,0.158,67.0,1,16,1,1,smoke,0
625.478,6.955,38.342,27.342,0.358,1007.8,4.83,68.713,3.991,5.681,-2.253,0.025,34.0,1,10,1,1,smoke,0
696.878,5.585,94.499,30.771,0.141,1013.9,4.595,73.907,-6.976,0.852,22.031,-0.003,30.0,1,14,1,0,humidity,0
547.016,15.548,37.637,22.125,0.428,1013.0,0.734,57.09,-16.78,3.302,-0.06,0.154,18.0,1,5,0,1,smoke,0
1413.807,33.851,26.973,53.654,0.623,1009.3,3.317,75.829,207.684,9.386,0.151,0.205,174.0,2,19,1,0,smoke,1
641.327,11.802,41.274,25.366,0.538,1011.0,2.089,57.074,-34.675,1.137,0.536,0.217,38.0,1,2,0,1,smoke,0
563.277,2.859,83.087,25.039,0.162,1008.5,1.624,51.391,-7.463,1.634,16.445,-0.002,62.0,1,0,0,0,humidity,0
684.253,7.384,91.537,30.477,0.308,1013.1,5.665,71.482,-1.522,4.062,13.761,0.011,77.0,2,18,1,1,humidity,0
585.511,17.985,41.497,22.716,0.353,1012.5,0.481,50.531,10.006,2.377,3.369,0.192,48.0,1,23,0,1,smoke,0
2541.852,19.928,38.868,26.024,0.022,1009.4,3.832,71.744,385.742,-0.615,-0.653,0.003,209.0,3,14,1,0,gas,1
1554.183,23.422,48.505,29.048,0.012,1014.2,4.047,69.819,189.928,-0.881,2.524,-0.005,31.0,1,15,1,0,gas,0
1605.734,26.236,51.923,47.751,0.433,1011.8,5.001,72.772,117.119,8.735,2.615,0.214,36.0,3,12,1,0,smoke,1
668.588,17.882,56.678,24.461,0.317,1013.5,3.876,73.389,-0.332,1.854,1.918,0.195,83.0,1,13,1,1,smoke,0
765.186,4.816,90.377,29.364,0.201,1018.6,4.121,67.884,5.066,3.29,26.92,-0.004,207.0,1,11,1,0,humidity,0
595.256,6.163,83.876,25.944,0.031,1010.4,1.001,52.087,-12.471,0.098,10.594,0.004,60.0,1,2,0,1,humidity,0
646.682,3.721,32.3,51.259,0.028,1008.9,8.73,89.787,36.285,4.964,2.355,-0.008,156.0,2,6,1,0,temperature,1
641.776,10.183,80.995,26.745,0.016,1013.3,3.75,74.655,-4.435,-0.448,3.169,0.008,53.0,1,13,1,1,humidity,0
644.459,3.952,83.056,32.644,0.182,1010.1,3.027,72.791,-33.4,0.227,12.873,0.0,344.0,1,17,1,0,humidity,0
1434.696,29.074,55.202,58.65,0.497,1015.0,4.074,72.978,417.665,4.825,-0.516,0.308,20.0,2,14,1,0,smoke,1
692.315,5.118,88.494,25.104,0.02,1013.2,4.027,72.689,-12.431,-0.131,12.51,0.004,28.0,1,14,1,1,humidity,0
1726.726,23.064,57.984,27.851,0.035,1004.8,2.997,73.363,297.398,-0.13,0.129,-0.008,240.0,2,4,1,0,gas,1
1167.015,7.437,42.599,22.829,0.024,1010.6,0.157,57.704,30.467,-0.623,-1.196,0.009,3.0,2,4,0,0,gas,0
1612.27,3.818,39.069,24.179,0.023,1016.7,1.645,55.491,-1302.728,-0.217,-0.181,-0.007,25.0,1,3,0,0,gas,0
561.128,3.391,88.249,30.626,0.26,1013.4,2.782,82.447,17.977,1.635,17.518,-0.003,319.0,2,15,1,0,humidity,0
751.347,4.928,79.604,34.289,0.114,1016.7,3.272,76.145,-11.564,1.916,12.304,-0.003,11.0,1,16,1,0,humidity,0
688.265,7.343,80.604,26.413,0.024,1010.0,3.38,75.432,-25.756,-0.378,18.22,-0.006,62.0,2,10,1,1,humidity,1
582.617,7.832,74.721,21.079,0.018,1014.6,2.133,59.609,10.641,-0.11,15.502,0.003,70.0,2,6,0,1,humidity,0
740.031,6.563,84.935,28.172,0.115,1012.0,3.479,76.196,12.932,1.299,20.344,0.008,110.0,2,10,1,0,humidity,0
656.463,18.254,43.08,24.049,0.52,1017.3,2.707,74.038,-5.571,4.596,0.425,0.179,22.0,1,15,1,1,smoke,0
1051.604,17.56,52.605,25.177,0.004,1017.5,4.362,73.437,251.07,0.212,-0.624,0.001,19.0,1,15,1,0,gas,0
576.455,3.542,83.483,29.291,0.207,1014.0,1.414,56.762,50.625,0.002,17.273,-0.002,146.0,1,12,0,0,humidity,0
1227.182,20.05,44.18,22.615,0.016,1014.6,3.948,68.844,122.515,0.055,2.54,0.004,7.0,2,12,1,0,gas,0
689.201,23.603,53.089,22.529,0.351,1015.2,2.068,81.332,23.794,2.482,-0.772,0.091,13.0,1,9,1,1,smoke,0
1862.176,-0.666,40.431,23.661,0.013,1005.5,0.134,57.161,272.124,-0.061,-1.91,-0.004,248.0,2,0,0,0,gas,1
565.104,8.376,35.889,23.33,0.439,1018.8,2.663,52.76,15.838,0.922,-2.406,0.211,24.0,1,23,0,1,smoke,0
586.04,5.86,56.683,25.454,0.405,1015.5,0.827,47.565,-15.178,4.727,0.709,0.169,37.0,1,6,0,1,smoke,0
1350.238,16.096,43.924,27.06,0.032,1012.7,3.8,75.17,209.074,-0.827,-0.117,0.01,92.0,1,13,1,0,gas,0
2091.804,4.15,42.51,23.259,0.037,1015.6,0.673,55.28,-523.878,0.057,-0.804,-0.004,6.0,1,22,0,0,gas,0
697.586,10.297,81.327,27.808,0.037,1016.3,3.518,75.674,-36.165,-0.532,8.939,-0.006,105.0,1,12,1,1,humidity,0
1292.892,6.959,48.685,22.593,0.018,1013.4,1.069,46.114,188.525,-1.103,1.606,-0.002,39.0,1,23,0,0,gas,0
740.488,7.846,83.905,23.882,0.018,1013.5,3.979,73.944,48.212,-0.526,5.79,0.004,116.0,1,21,1,1,humidity,0
1168.854,13.046,44.64,26.881,0.023,1015.8,3.866,80.122,330.074,-1.321,-0.055,0.007,43.0,1,13,1,1,gas,0
692.902,16.597,49.314,26.486,0.34,1012.5,3.913,77.42,8.666,0.65,-1.759,0.167,52.0,1,8,1,1,smoke,0
732.625,15.436,51.236,25.286,0.415,1011.8,3.715,70.299,15.888,3.858,-0.133,0.132,9.0,1,21,1,1,smoke,0
749.993,4.045,93.341,31.874,0.213,1012.1,2.85,70.329,-20.53,3.15,26.83,0.002,159.0,2,21,1,0,humidity,0
595.429,2.412,85.505,22.141,0.122,1013.2,0.426,55.258,-5.511,4.382,9.91,-0.005,115.0,1,3,0,0,humidity,0
707.265,12.49,49.22,25.337,0.442,1018.2,3.857,71.929,14.978,2.202,-0.864,0.048,16.0,1,15,1,1,smoke,0
0.0,3.7,36.184,25.375,0.03,1011.8,4.066,73.142,-559.393,-0.442,-0.651,-0.006,27.0,1,11,1,0,gas,0
611.508,1.785,87.799,21.727,0.194,1011.2,1.937,51.264,14.366,1.208,12.458,0.007,41.0,1,9,0,0,humidity,0
587.738,17.657,53.259,27.412,0.353,1010.6,4.32,80.084,8.481,1.913,-1.031,0.062,12.0,2,8,1,1,smoke,0
0.0,5.217,47.327,27.491,0.013,1014.0,4.022,72.255,-1049.617,1.05,-1.933,-0.005,50.0,1,18,1,0,gas,0
1399.35,16.427,38.075,25.69,0.021,1013.5,1.935,73.78,107.937,-2.748,0.657,-0.003,127.0,1,6,1,0,gas,0
690.106,15.268,79.652,26.407,0.02,1014.8,4.743,76.67,-4.854,0.04,12.256,0.002,8.0,1,7,1,1,humidity,0
644.291,15.465,39.367,27.818,0.389,1011.8,2.116,72.658,-1.628,1.615,-0.294,-0.026,20.0,1,10,1,1,smoke,0
2327.477,17.255,51.931,24.525,0.026,996.1,2.802,76.563,333.525,0.081,0.408,0.002,627.0,2,21,1,0,gas,1
1805.455,33.121,24.886,47.098,0.774,1009.7,4.759,77.565,544.236,3.231,-1.196,0.248,356.0,4,17,1,0,smoke,1
793.739,9.785,76.751,24.625,0.012,1014.0,4.126,79.745,-4.208,0.166,12.604,-0.01,37.0,1,18,1,1,humidity,0
1053.882,9.993,55.346,27.562,0.02,1017.1,3.437,77.535,282.725,-2.902,-2.433,0.0,2.0,1,21,1,0,gas,0
563.546,10.161,83.379,19.898,0.002,1011.5,0.469,56.32,-12.99,0.143,18.864,-0.002,144.0,1,2,0,1,humidity,0
689.332,21.06,49.293,27.172,0.399,1014.1,3.93,74.866,-50.047,3.439,-0.314,0.183,7.0,1,12,1,1,smoke,0
579.105,2.327,54.3,51.519,0.02,1012.0,6.549,64.784,27.662,2.242,-0.615,0.001,146.0,1,15,0,0,temperature,1
569.087,17.893,40.763,23.797,0.253,1015.6,0.71,58.262,26.294,1.26,-0.311,0.045,63.0,1,3,0,1,smoke,0
1741.472,44.917,30.111,26.862,0.563,1011.7,0.231,57.548,384.246,5.254,-0.759,0.217,126.0,4,2,0,0,smoke,1
540.163,2.83,42.774,60.431,0.012,1017.5,6.353,71.196,-6.701,8.556,-0.551,-0.003,48.0,1,0,0,0,temperature,1
627.085,4.212,84.725,31.961,0.228,1019.6,3.99,74.462,43.617,3.006,12.457,-0.003,38.0,1,8,1,0,humidity,0
1113.004,8.092,49.18,25.894,0.009,1014.1,4.409,68.522,185.464,-1.54,0.322,0.001,23.0,1,23,1,0,gas,0
1412.368,10.861,35.767,26.749,0.024,1013.4,4.163,72.501,307.906,-1.28,-0.26,0.004,17.0,1,11,1,0,gas,0
534.141,4.906,90.791,32.225,0.25,1015.2,0.82,55.967,-4.987,0.597,13.511,-0.002,27.0,2,4,0,0,humidity,0
1677.796,50.347,39.601,67.832,0.58,1014.3,3.454,74.753,328.462,6.586,-0.818,-0.094,109.0,4,12,1,0,smoke,1
710.004,25.564,49.144,29.782,0.411,1013.2,5.204,76.906,24.577,2.534,-0.082,0.134,33.0,1,10,1,1,smoke,0
1211.867,17.701,36.335,27.464,0.011,1014.5,4.494,76.887,219.631,-0.956,-0.591,0.003,15.0,1,15,1,0,gas,0
560.731,21.269,55.612,19.931,0.432,1013.6,0.407,65.368,-19.623,1.215,-1.738,0.019,28.0,1,2,0,1,smoke,0
1237.885,3.968,38.289,18.519,0.012,1010.9,1.038,52.43,336.626,-2.178,0.394,0.007,6.0,1,13,0,0,gas,0
1204.168,15.073,54.161,24.52,0.021,1013.1,1.95,56.503,78.089,-1.324,1.653,-0.007,47.0,1,22,0,0,gas,0
598.598,3.246,80.992,21.769,0.329,1014.3,0.597,53.486,-24.855,-0.067,26.19,-0.003,387.0,1,7,0,0,humidity,0
656.702,3.212,94.265,25.467,0.099,1020.5,1.637,54.702,-22.473,2.762,21.791,0.002,101.0,2,15,0,0,humidity,0
634.252,6.296,76.623,18.573,0.018,1011.5,0.837,55.546,8.266,-1.047,15.152,-0.002,76.0,2,22,0,1,humidity,0
2544.435,4.083,50.284,27.26,0.016,1009.6,4.556,70.624,-618.56,0.05,-1.319,0.002,49.0,1,20,1,0,gas,0
567.393,1.371,31.274,56.77,0.014,1012.1,5.729,76.11,12.743,8.282,0.909,0.01,69.0,1,11,0,0,temperature,1
1415.192,42.86,38.584,60.77,0.495,1012.0,4.734,80.182,295.372,8.815,1.42,0.289,53.0,3,0,1,0,smoke,1
599.186,5.288,78.472,29.97,0.221,1015.5,0.919,55.981,2.801,2.453,16.554,0.004,112.0,1,22,0,1,humidity,0
991.846,16.506,49.743,23.091,0.007,1013.4,0.998,59.076,258.029,-1.107,-0.074,-0.002,4.0,1,0,0,0,gas,0
657.558,2.329,86.021,25.131,0.11,1012.6,2.21,54.068,13.027,1.248,17.376,-0.0,21.0,1,1,0,0,humidity,0
628.675,24.111,47.606,25.527,0.277,1014.2,5.067,77.603,36.109,2.504,0.46,0.095,34.0,1,9,1,1,smoke,0
506.696,9.125,88.706,21.269,0.008,1017.9,0.033,53.321,-3.343,0.059,13.859,0.004,330.0,1,0,0,1,humidity,0
582.801,19.748,34.002,23.713,0.133,1014.1,1.2,61.514,6.504,2.774,1.142,0.131,201.0,1,5,0,1,smoke,0
1175.203,49.433,35.779,43.971,0.479,1011.8,0.491,54.895,297.714,6.028,0.093,0.195,170.0,4,4,0,0,smoke,1
593.763,5.961,40.765,28.637,0.419,1012.6,4.185,75.403,-1.036,1.963,-0.581,0.125,46.0,2,9,1,1,smoke,0
673.736,5.941,46.321,27.63,0.341,1005.3,5.135,75.394,25.917,3.582,0.138,0.059,29.0,1,6,1,1,smoke,0
558.507,0.632,92.128,32.08,0.264,1011.5,1.467,61.634,-2.206,3.804,25.777,0.001,44.0,1,23,0,0,humidity,0
1010.422,12.895,56.05,25.061,0.024,1014.9,4.228,70.609,352.095,-2.248,-0.487,-0.005,20.0,1,12,1,0,gas,0
2325.957,33.797,53.941,23.517,0.02,1005.3,3.407,78.231,394.828,-0.127,0.523,-0.004,55.0,3,11,1,0,gas,1
1367.422,19.519,49.977,27.213,0.008,1011.2,4.51,72.767,280.854,-1.073,0.365,0.001,5.0,1,21,1,0,gas,0
563.943,5.024,52.491,49.273,0.029,1017.4,12.817,94.047,-33.016,12.514,-1.379,0.003,92.0,1,2,1,0,temperature,1
661.088,18.232,34.637,28.03,0.478,1012.9,4.783,70.045,-11.512,3.336,-0.625,0.125,11.0,1,7,1,1,smoke,0
663.726,9.282,82.036,24.365,0.012,1013.5,4.35,72.277,-9.17,0.514,16.039,-0.004,74.0,1,11,1,1,humidity,0
1653.034,38.697,33.465,51.723,0.72,1009.6,0.074,59.945,294.77,4.048,-0.811,0.217,76.0,3,3,0,0,smoke,1
550.01,3.341,85.403,25.104,0.285,1017.5,0.762,47.177,9.121,2.813,17.912,0.01,61.0,1,22,0,0,humidity,0
1282.587,16.562,42.042,24.259,0.019,1013.7,3.599,71.714,72.34,-1.758,1.403,0.003,146.0,1,8,1,0,gas,0
668.952,4.032,89.042,29.976,0.156,1009.2,4.166,71.663,-2.897,3.349,23.125,0.007,37.0,1,18,1,0,humidity,0
1525.96,42.601,34.207,42.643,0.636,1016.3,0.83,58.59,378.918,3.395,-0.65,0.33,171.0,2,5,0,0,smoke,1
957.844,13.655,44.311,22.18,0.026,1011.2,0.487,53.34,321.039,-1.87,-0.387,0.005,15.0,1,8,0,0,gas,1
911.006,4.999,49.309,25.547,0.007,1013.3,1.051,54.815,195.865,-3.518,-1.061,-0.002,22.0,2,23,0,0,gas,0
563.977,22.557,61.725,19.4,0.376,1014.3,0.964,52.162,-8.126,3.917,1.977,0.197,38.0,2,4,0,1,smoke,0
555.542,2.352,87.769,25.199,0.181,1015.4,0.898,61.72,-1.178,1.491,15.608,0.002,67.0,1,23,0,0,humidity,0
595.25,19.095,34.95,24.098,0.397,1015.0,0.942,58.531,12.831,0.622,2.572,0.089,2.0,2,22,0,1,smoke,0
1218.795,58.008,23.029,57.568,0.567,1014.4,4.199,75.405,532.727,7.564,-2.096,0.051,321.0,2,0,1,0,smoke,1
1420.526,17.593,53.601,25.513,0.024,1012.5,3.739,82.394,317.208,-0.929,-0.938,0.0,36.0,1,8,1,1,gas,0
675.008,6.033,85.91,32.384,0.161,1013.9,3.346,74.677,26.195,3.32,13.629,0.0,34.0,1,16,1,0,humidity,0
634.632,4.997,77.002,27.95,0.022,1014.9,3.904,72.735,13.865,0.619,12.256,0.002,10.0,1,6,1,1,humidity,0
1179.42,8.006,38.383,21.458,0.016,1014.3,0.496,52.945,309.428,-0.855,1.654,-0.002,68.0,2,20,0,0,gas,0
2271.908,26.815,42.566,28.746,0.025,1003.6,5.056,74.869,620.993,-0.097,0.213,-0.002,1096.0,3,20,1,0,gas,1
677.791,4.153,88.335,33.089,0.093,1010.4,4.372,76.688,12.769,1.437,25.309,-0.0,104.0,2,9,1,0,humidity,0
1434.161,39.051,36.388,48.828,0.52,1012.8,0.171,49.987,536.986,4.62,2.292,0.195,158.0,2,21,0,0,smoke,1
618.868,9.059,68.494,26.612,0.015,1014.7,4.548,76.033,26.775,0.033,17.46,0.008,274.0,1,20,1,1,humidity,0
724.835,1.035,84.964,29.894,0.324,1013.0,2.501,69.833,32.359,2.907,21.86,0.0,54.0,1,10,1,0,humidity,0
1289.993,9.751,48.827,26.004,0.035,1009.2,4.309,75.657,259.771,-2.071,0.374,0.002,17.0,1,17,1,1,gas,0
1559.239,19.955,25.621,51.436,0.382,1008.8,3.57,78.555,288.658,7.037,1.029,0.35,108.0,3,17,1,0,smoke,1
1430.577,8.721,49.214,27.071,0.004,1011.1,3.632,72.468,364.255,-2.269,2.58,-0.007,19.0,2,8,1,1,gas,0
541.265,26.584,45.356,21.734,0.432,1013.1,0.869,57.487,-5.274,1.772,-0.978,0.087,28.0,1,4,0,1,smoke,0
531.998,9.769,40.596,22.362,0.369,1008.8,1.771,62.271,13.221,0.564,1.154,0.112,38.0,1,3,0,1,smoke,0
676.462,2.331,79.777,33.026,0.065,1017.2,3.782,75.603,-10.784,5.033,21.184,0.004,66.0,1,10,1,0,humidity,0
582.115,2.509,80.335,33.569,0.133,1009.7,4.023,75.748,5.26,2.253,20.799,0.005,73.0,1,3,1,0,humidity,0
677.032,18.888,49.111,25.339,0.205,1008.9,2.208,67.899,-12.381,3.257,1.446,0.072,188.0,1,12,1,1,smoke,0
1260.799,5.609,46.599,21.456,0.015,1018.0,0.857,56.55,317.037,-2.228,2.15,-0.006,67.0,1,4,0,0,gas,1
1487.079,23.567,36.973,27.629,0.009,1014.8,4.34,76.478,136.511,-2.083,-2.019,0.003,13.0,1,8,1,0,gas,0
2639.739,1.816,49.616,25.719,0.047,1013.7,3.987,69.719,-391.558,-0.226,0.709,-0.007,24.0,1,21,1,0,gas,0
1224.821,17.502,46.392,20.923,0.016,1008.7,0.906,55.79,294.508,-2.245,-0.69,0.003,147.0,1,4,0,1,gas,0
700.478,24.43,48.552,24.333,0.024,1014.3,3.134,76.877,-11.885,2.084,-0.277,0.224,55.0,1,20,1,1,smoke,0
0.0,1.863,52.851,25.398,0.025,1015.6,1.079,53.603,901.233,0.098,0.822,-0.01,4.0,2,13,0,0,gas,0
1230.799,14.26,60.786,23.515,0.009,1009.6,3.486,80.159,84.854,-0.987,-2.608,0.009,46.0,1,13,1,1,gas,0
757.472,6.941,83.441,24.471,0.012,1017.5,3.8,75.254,-22.164,0.173,15.914,0.005,64.0,1,6,1,1,humidity,0
656.496,6.709,83.43,28.782,0.213,1010.9,4.831,72.169,-11.625,4.405,19.036,-0.002,43.0,1,6,1,0,humidity,0
684.418,7.123,82.424,27.186,0.015,1007.5,2.621,77.303,-31.657,0.704,13.791,0.009,111.0,1,12,1,1,humidity,0
532.781,4.953,86.426,20.814,0.009,1011.0,0.543,47.173,13.328,-0.376,8.582,-0.002,47.0,2,11,0,1,humidity,0
457.046,9.879,94.519,23.906,0.003,1011.5,0.344,56.639,-38.892,-0.002,15.332,-0.0,117.0,1,22,0,1,humidity,0
1020.585,56.962,41.347,49.95,0.637,1016.6,3.664,74.189,441.254,4.089,-1.271,-0.017,60.0,2,13,1,0,smoke,1
1443.173,53.662,20.553,63.62,0.272,1008.8,4.359,76.542,137.627,4.399,2.691,0.333,284.0,4,10,1,0,smoke,1
686.618,6.957,41.29,48.705,0.008,1013.1,13.966,78.81,-8.296,5.796,2.596,0.002,265.0,2,15,1,0,temperature,1
0.0,3.766,51.078,24.084,0.002,1010.3,3.476,71.96,582.088,0.411,-0.818,-0.002,17.0,1,14,1,0,gas,0
591.594,6.501,74.584,23.213,0.015,1019.7,1.966,59.878,8.259,0.132,19.504,-0.003,38.0,1,10,0,1,humidity,0
792.45,6.713,88.541,29.787,0.196,1012.4,4.349,71.419,3.4,4.24,12.853,0.002,109.0,1,9,1,0,humidity,0
625.937,5.042,43.084,54.419,0.039,1017.4,9.46,95.494,-1.746,5.066,-1.187,0.001,52.0,1,6,1,0,temperature,1
587.992,7.076,92.83,30.515,0.186,1011.7,3.8,68.873,-39.448,0.36,19.034,-0.001,81.0,1,17,1,1,humidity,0
1454.682,10.219,35.166,22.063,0.012,1007.2,0.608,53.49,169.808,-0.751,0.546,0.001,191.0,1,2,0,1,gas,0
2076.665,4.407,42.444,27.963,0.018,1012.9,4.506,74.868,221.612,0.072,0.75,0.001,19.0,1,12,1,0,gas,0
712.13,25.921,63.117,25.032,0.376,1013.6,2.925,79.073,-3.347,2.029,-1.506,0.123,43.0,1,19,1,1,smoke,0
1782.045,8.673,38.654,28.79,0.02,1011.5,4.114,80.775,298.239,-1.176,-0.973,0.003,61.0,1,6,1,0,gas,0
598.889,4.482,36.782,56.828,0.036,1013.6,10.515,80.08,-12.674,6.609,-0.694,-0.007,116.0,2,17,1,0,temperature,1
1525.521,32.225,43.047,23.205,0.023,1001.7,0.618,54.364,255.991,-0.484,0.145,-0.012,267.0,3,13,0,0,gas,1
449.053,1.281,81.039,27.984,0.264,1012.8,0.43,56.931,44.283,2.015,23.419,-0.004,49.0,1,23,0,0,humidity,0
516.003,19.435,58.183,18.742,0.499,1012.2,1.481,52.849,-11.771,4.597,-1.835,0.132,56.0,1,15,0,1,smoke,0
675.082,9.401,72.611,28.677,0.016,1015.8,3.12,79.395,19.648,0.083,17.66,-0.007,57.0,2,0,1,1,humidity,0
594.522,15.01,89.19,23.347,0.044,1014.7,4.966,79.701,36.468,0.149,9.765,0.002,136.0,1,9,1,1,humidity,0
3129.17,5.487,47.676,27.689,0.022,1011.5,3.952,75.013,-1111.401,0.459,-0.169,-0.005,9.0,1,8,1,0,gas,0
605.937,6.905,84.024,25.933,0.018,1013.9,0.925,60.404,-22.184,-0.643,10.073,0.008,95.0,1,1,0,1,humidity,0
534.998,21.132,41.636,25.162,0.318,1009.7,0.251,53.848,-0.102,2.68,-0.664,0.101,15.0,1,4,0,1,smoke,0
2840.275,14.895,39.03,24.087,0.008,1007.6,3.918,72.97,511.702,0.328,-1.426,-0.004,662.0,3,18,1,0,gas,1
1072.951,23.497,33.913,29.515,0.029,1011.1,4.888,72.157,120.316,-1.003,-0.401,0.011,19.0,1,5,1,0,gas,0
588.677,10.01,81.119,28.517,0.021,1014.7,4.82,76.738,-33.79,-0.12,11.793,-0.007,152.0,1,12,1,1,humidity,0
573.841,17.733,46.671,24.776,0.318,1013.5,1.096,49.219,15.47,1.552,0.591,0.134,122.0,1,23,0,1,smoke,0
664.874,12.448,86.549,30.683,0.012,1011.4,3.645,68.375,9.08,0.145,11.622,-0.001,84.0,1,13,1,1,humidity,0
537.524,21.634,49.458,18.869,0.514,1010.2,0.613,53.656,1.187,0.842,-0.993,-0.025,6.0,1,0,0,1,smoke,0
1600.833,15.656,47.454,26.374,0.009,1013.3,5.331,77.769,268.106,-1.608,-0.636,-0.001,5.0,2,15,1,1,gas,0
584.196,23.407,50.198,24.675,0.258,1013.4,0.526,52.303,-6.75,-0.933,2.67,0.215,38.0,1,4,0,1,smoke,0
650.479,23.413,34.903,24.301,0.39,1010.1,4.164,73.42,-28.686,4.423,1.561,0.19,32.0,1,16,1,1,smoke,0
652.107,18.475,39.484,23.54,0.311,1010.6,1.981,53.965,-4.231,3.18,-2.398,0.21,73.0,2,0,0,1,smoke,0
1266.471,12.948,48.599,25.686,0.027,1012.8,2.485,73.629,221.563,-2.074,-1.175,-0.001,5.0,1,11,1,0,gas,0
1409.896,36.415,32.49,22.644,0.024,1006.8,1.061,56.291,234.554,-0.277,0.348,-0.001,205.0,3,23,0,0,gas,1
1077.871,13.472,37.136,21.483,0.024,1011.2,0.643,59.024,197.135,-1.081,-1.69,-0.001,45.0,1,3,0,0,gas,0
2481.446,22.333,38.369,24.192,0.032,1004.9,3.842,69.859,370.2,0.028,0.234,0.003,53.0,2,10,1,0,gas,1
3240.403,4.994,49.987,25.157,0.021,1010.8,5.069,78.671,-914.413,-0.064,-1.606,-0.003,15.0,1,18,1,0,gas,0
0.0,4.45,57.261,26.403,0.024,1012.9,4.618,74.624,566.521,-0.223,-1.598,0.01,21.0,2,19,1,0,gas,0
881.085,22.084,55.508,24.976,0.011,1012.9,4.569,70.957,48.893,-1.82,1.829,-0.0,3.0,1,21,1,0,gas,0
773.794,11.71,55.915,26.396,0.415,1007.6,5.207,75.403,-13.163,4.152,-1.41,0.19,56.0,1,18,1,1,smoke,1
910.259,3.428,55.057,24.938,0.025,1016.6,0.803,54.575,337.997,-1.796,-1.014,0.001,7.0,2,0,0,0,gas,0
666.962,4.857,78.96,27.154,0.297,1015.0,3.917,78.695,11.413,1.925,17.283,0.006,367.0,1,1,1,0,humidity,0
697.967,10.187,74.495,24.181,0.016,1011.8,3.901,77.26,-26.843,1.138,9.94,0.003,34.0,1,20,1,1,humidity,0
570.528,6.473,76.493,23.64,0.013,1013.9,0.548,47.759,-17.404,-0.327,17.496,0.002,217.0,1,0,0,1,humidity,0
0.0,6.25,45.719,18.838,0.031,1014.5,3.722,74.27,-596.154,0.417,-0.146,0.006,32.0,1,20,1,0,gas,0
700.187,25.227,40.545,26.364,0.276,1016.1,3.746,76.854,8.2,2.768,0.833,0.219,52.0,1,12,1,1,smoke,0
2218.441,7.202,34.634,26.041,0.015,1013.2,5.665,72.39,123.004,-0.198,1.102,-0.008,109.0,1,15,1,0,gas,0
0.0,4.142,44.168,28.062,0.016,1019.4,5.149,71.354,-491.002,-0.009,-0.706,0.004,19.0,1,13,1,0,gas,0
1414.557,14.976,40.571,22.457,0.021,1008.5,1.344,45.226,233.904,-1.896,-0.248,-0.0,12.0,2,3,0,0,gas,0
3077.346,5.87,31.232,24.116,0.025,1015.7,5.185,69.475,714.335,0.654,-0.105,0.001,16.0,1,8,1,0,gas,0
733.427,11.637,69.52,23.373,0.022,1009.2,3.267,80.485,49.65,0.588,16.132,-0.0,312.0,1,6,1,1,humidity,0
1411.016,31.798,23.91,53.809,0.665,1015.8,0.268,48.926,-31.197,7.605,-0.093,0.198,1074.0,2,10,0,1,smoke,1
551.44,17.152,33.687,19.405,0.302,1014.2,1.137,53.032,13.714,1.975,-1.076,0.094,32.0,1,1,0,1,smoke,0
1680.248,11.866,49.61,26.655,0.007,1009.2,4.449,69.796,191.947,-0.461,-1.237,-0.0,109.0,3,22,1,0,gas,1
2068.793,2.778,43.183,24.131,0.012,1011.2,0.957,53.881,-637.457,0.824,3.372,-0.001,19.0,1,2,0,0,gas,0
1434.487,7.672,54.369,22.414,0.017,1009.7,3.797,76.996,192.433,-2.102,-1.294,-0.001,117.0,1,6,1,0,gas,0
651.8,14.667,44.584,23.257,0.367,1011.2,3.924,73.451,10.758,3.08,0.82,0.128,21.0,1,19,1,1,smoke,0
632.098,14.071,48.367,22.912,0.455,1011.0,2.149,48.764,16.066,0.892,-0.949,0.214,60.0,1,0,0,1,smoke,0
0.0,4.561,49.879,27.808,0.032,1018.0,4.121,83.95,-1078.365,-0.287,-2.335,0.005,21.0,1,8,1,0,gas,0
677.442,4.027,87.138,33.509,0.268,1012.1,2.564,74.407,-4.591,2.624,15.219,0.006,244.0,1,10,1,0,humidity,0
716.31,3.592,90.995,31.236,0.206,1011.6,4.747,69.195,-8.488,2.931,9.598,-0.003,138.0,2,9,1,0,humidity,0
629.709,9.27,84.762,26.565,0.023,1012.4,4.276,74.284,5.663,0.358,11.001,-0.003,239.0,2,13,1,1,humidity,0
628.718,16.915,54.175,23.313,0.464,1013.5,1.071,51.054,0.004,0.924,1.287,0.071,6.0,1,23,0,1,smoke,0
518.831,12.762,60.78,22.597,0.354,1012.3,1.783,57.982,17.126,3.396,2.619,0.129,42.0,1,3,0,1,smoke,0
1376.23,9.264,50.478,25.607,0.029,1007.6,4.212,68.213,251.988,-2.186,3.234,0.006,15.0,1,14,1,0,gas,1
649.8,4.485,84.568,29.388,0.126,1011.4,1.701,53.103,3.303,6.143,8.646,0.005,115.0,1,22,0,0,humidity,0
1478.098,29.367,48.395,51.278,0.448,1013.7,3.994,74.762,691.549,5.695,-1.006,0.196,105.0,2,9,1,0,smoke,1
39.041,2.096,30.568,24.017,0.013,1010.9,0.951,47.364,-466.618,0.401,-0.5,-0.004,28.0,1,5,0,0,gas,0
545.767,2.476,87.589,30.646,0.1,1012.5,1.091,54.511,-25.162,-1.642,16.963,0.001,95.0,1,10,0,0,humidity,0
1409.878,29.994,40.16,50.337,0.469,1012.7,3.872,79.763,326.951,3.228,-1.825,0.232,57.0,3,11,1,0,smoke,1
1230.692,11.176,55.816,23.821,0.038,1013.0,0.857,59.152,110.679,-0.899,2.256,0.007,14.0,1,1,0,0,gas,0
535.232,7.207,56.493,22.565,0.464,1013.1,1.229,54.745,20.252,3.212,-1.267,0.14,6.0,1,4,0,1,smoke,0
688.881,4.548,82.435,30.811,0.232,1014.1,6.311,73.73,29.512,4.526,17.546,0.0,339.0,1,17,1,1,humidity,0
365.247,2.834,56.196,26.438,0.015,1008.3,4.761,81.684,891.75,0.276,2.345,-0.006,72.0,1,17,1,0,gas,0
2732.626,9.85,30.023,25.423,0.017,1003.9,0.406,49.333,476.818,0.279,0.013,0.006,174.0,3,20,0,0,gas,1
460.957,13.913,53.652,23.23,0.488,1012.1,1.344,57.584,-22.495,-0.147,-1.506,0.191,73.0,1,3,0,1,smoke,0
1744.267,4.432,55.056,22.182,0.023,1007.1,0.343,57.226,-824.339,0.577,0.778,-0.006,273.0,1,2,0,0,gas,0
1099.357,19.383,49.311,23.129,0.019,1013.0,1.845,53.642,75.776,-0.911,1.324,0.006,27.0,1,8,0,0,gas,0
529.514,8.381,53.493,30.247,0.359,1009.8,1.363,51.589,-31.645,1.576,-2.697,0.212,17.0,1,6,0,1,smoke,0
2015.218,27.56,41.869,54.302,0.488,1007.6,4.093,73.147,438.462,7.608,0.095,0.32,75.0,4,19,1,0,smoke,1
563.919,5.281,80.554,24.681,0.015,1011.4,3.312,79.24,-2.847,-0.223,16.295,0.003,113.0,1,13,1,1,humidity,0
648.211,6.328,89.691,31.339,0.252,1012.8,4.193,72.151,9.785,0.676,17.263,-0.004,42.0,1,20,1,0,humidity,0
584.937,3.368,89.434,29.258,0.191,1014.3,3.318,76.602,-11.251,2.159,21.763,-0.002,376.0,1,22,1,0,humidity,0
1330.332,1.624,52.678,21.057,0.027,1014.3,0.434,52.816,652.573,0.223,0.582,0.006,12.0,1,5,0,0,gas,0
1072.973,10.517,36.903,25.867,0.018,1015.2,4.816,77.693,290.757,-0.946,-1.105,0.001,22.0,1,4,1,0,gas,0
598.696,18.753,34.362,29.119,0.241,1013.4,3.056,79.661,-9.573,4.411,0.556,0.021,26.0,1,8,1,1,smoke,0
859.26,21.479,54.555,27.598,0.377,1010.7,2.172,80.044,17.285,1.659,-2.457,0.244,30.0,1,10,1,1,smoke,0
1155.619,21.577,38.173,22.8,0.023,1012.5,0.099,57.965,123.303,-1.099,0.235,0.004,22.0,1,0,0,0,gas,0
675.617,19.542,40.864,27.582,0.355,1012.4,3.436,72.96,4.498,-0.749,-0.637,0.112,15.0,1,13,1,1,smoke,0
698.564,9.741,39.414,22.81,0.276,1009.9,5.222,74.482,-5.144,0.061,-0.202,0.128,13.0,1,9,1,1,smoke,0
566.32,4.707,89.827,28.893,0.296,1009.7,0.72,53.866,-10.604,5.787,6.479,-0.003,70.0,2,11,0,0,humidity,0
680.192,15.995,52.967,25.62,0.295,1012.2,3.718,75.66,-32.338,2.366,-0.696,0.104,18.0,1,12,1,1,smoke,0
1055.417,7.033,44.553,24.82,0.038,1011.9,0.315,53.965,352.435,-1.401,-1.37,0.007,72.0,1,8,0,0,gas,0
579.156,9.644,39.305,22.652,0.528,1021.2,0.611,49.871,-10.005,1.082,1.663,0.04,15.0,1,23,0,1,smoke,0
490.166,0.049,96.308,25.98,0.298,1012.4,2.431,48.847,-23.71,2.527,21.019,0.008,66.0,1,0,0,0,humidity,0
434.969,0.136,85.347,28.951,0.182,1013.9,1.312,51.732,-43.263,2.587,11.441,0.001,49.0,1,8,0,0,humidity,0
648.909,3.313,40.127,48.369,0.02,1020.5,11.733,78.387,8.733,2.226,-1.186,-0.002,116.0,2,17,1,1,temperature,1
544.878,6.203,84.675,35.943,0.232,1010.7,3.597,73.455,-22.986,2.882,22.327,0.007,35.0,1,16,1,0,humidity,0
1570.444,16.184,51.599,21.777,0.006,1018.9,3.651,71.948,338.771,-1.059,-0.472,0.002,5.0,1,8,1,0,gas,0
1531.757,37.799,31.486,44.559,0.441,1010.3,1.529,53.926,366.98,4.256,0.737,0.176,113.0,3,11,0,0,smoke,1
1001.182,24.804,37.243,50.757,0.38,1012.4,0.981,47.492,12.221,5.363,2.471,0.238,418.0,4,6,0,0,smoke,1
0.0,3.597,45.617,27.755,0.015,1010.9,3.028,77.222,-950.836,-0.781,-0.635,0.001,61.0,2,20,1,0,gas,0
608.78,6.011,84.478,24.948,0.014,1010.3,4.5,73.691,-2.486,0.104,23.677,-0.002,40.0,1,16,1,1,humidity,0
571.781,4.514,58.539,60.414,0.007,1014.6,10.055,64.959,3.198,6.868,0.566,0.003,142.0,1,2,0,0,temperature,1
556.319,2.319,89.145,29.048,0.193,1018.0,0.254,55.072,-15.443,3.158,11.897,0.008,37.0,1,22,0,0,humidity,0
747.577,5.232,81.583,29.881,0.152,1008.2,4.021,71.989,-17.64,4.62,11.65,-0.006,369.0,1,14,1,0,humidity,0
1616.764,42.599,16.457,50.831,0.749,1014.8,3.953,70.703,423.831,7.588,2.11,-0.02,25.0,3,5,1,0,smoke,1
1879.005,31.922,28.199,60.264,0.652,1011.6,3.989,67.548,421.658,8.661,-0.426,0.142,91.0,3,12,1,0,smoke,1
1519.857,24.232,44.357,62.094,0.294,1011.5,4.415,69.602,163.566,4.445,-2.132,0.308,50.0,2,2,1,0,smoke,1
1908.495,3.966,41.545,22.671,0.017,1013.2,2.267,68.439,-472.688,-0.044,-1.302,0.002,20.0,1,15,1,0,gas,0
1472.196,21.431,37.459,27.025,0.007,1016.0,2.646,77.564,231.623,-1.157,2.325,0.0,10.0,1,21,1,0,gas,0
688.869,4.898,97.085,34.949,0.152,1008.3,4.838,77.313,-24.27,2.886,17.679,-0.006,120.0,1,8,1,0,humidity,0
833.856,21.416,55.05,19.59,0.021,1015.4,1.694,52.911,379.438,-2.63,0.658,-0.001,55.0,1,4,0,0,gas,0
658.488,9.594,47.937,26.83,0.526,1007.6,4.021,74.286,-39.446,1.672,2.529,0.101,22.0,1,15,1,1,smoke,0
1289.824,9.126,38.856,25.039,0.008,1011.6,2.846,75.862,433.428,-1.208,1.712,-0.008,38.0,1,16,1,0,gas,0
1720.273,16.375,52.119,25.861,0.011,1007.7,0.733,48.606,246.715,-1.663,1.827,0.007,23.0,1,15,0,0,gas,0
1754.54,8.921,43.935,22.126,0.022,1005.9,0.196,59.808,210.835,-0.121,0.177,0.001,305.0,3,22,0,0,gas,1
1318.161,22.419,41.874,25.718,0.04,1011.6,4.123,66.988,268.625,-0.874,0.562,-0.006,25.0,1,18,1,1,gas,0
488.828,1.884,96.145,25.605,0.22,1014.3,1.559,59.402,-19.166,1.056,17.828,-0.002,112.0,1,2,0,0,humidity,0
551.466,17.715,59.312,20.706,0.479,1010.1,1.036,61.271,38.256,1.165,-0.585,0.061,62.0,1,21,0,1,smoke,0
0.0,6.544,47.709,23.753,0.025,1016.3,3.462,71.305,966.255,0.378,1.97,-0.003,8.0,1,13,1,0,gas,0
1306.274,7.679,37.932,26.395,0.006,1017.7,3.478,75.893,243.325,-1.95,-0.156,0.001,133.0,1,21,1,0,gas,0
675.099,4.544,86.261,27.408,0.305,1009.9,5.138,71.014,-12.112,0.657,17.562,-0.004,170.0,1,11,1,0,humidity,0
659.818,5.682,88.001,33.4,0.135,1010.2,5.26,74.352,2.897,2.622,14.742,-0.004,171.0,1,11,1,1,humidity,0
723.304,14.937,47.395,27.563,0.424,1012.6,3.312,70.356,16.779,2.123,3.697,0.131,124.0,2,13,1,1,smoke,0
2083.616,6.211,46.892,24.028,0.032,1009.8,3.899,75.697,1314.361,-0.569,1.074,0.001,25.0,1,20,1,1,gas,0
635.159,5.113,74.544,21.806,0.01,1012.3,2.104,59.603,11.428,0.533,20.235,-0.001,432.0,1,2,0,1,humidity,0
745.53,25.066,43.19,27.666,0.463,1012.7,3.829,78.972,5.338,2.382,-2.799,0.087,37.0,1,23,1,1,smoke,0
0.0,3.421,41.507,20.923,0.006,1011.7,0.317,57.7,-202.497,0.486,0.922,-0.001,30.0,1,1,0,0,gas,0
2039.527,5.817,55.701,25.661,0.024,1010.2,4.707,80.757,419.286,-0.538,-0.12,-0.003,34.0,1,12,1,0,gas,0
700.139,9.775,81.533,28.28,0.01,1006.8,4.589,79.372,-17.007,-0.378,8.444,-0.002,51.0,1,4,1,1,humidity,0
531.187,1.768,90.708,25.624,0.252,1008.6,0.219,55.616,37.307,-0.014,17.778,-0.002,36.0,1,7,0,0,humidity,0
727.199,25.11,37.314,26.621,0.393,1014.8,4.489,77.183,2.242,5.171,0.993,0.133,129.0,1,7,1,1,smoke,0
686.754,5.971,45.303,54.777,0.032,1017.9,8.792,87.835,-13.081,6.029,0.568,-0.0,68.0,2,19,1,0,temperature,1
590.878,12.265,65.151,25.289,0.308,1012.0,0.203,53.266,12.08,-0.524,-1.285,0.125,60.0,1,23,0,1,smoke,0
538.813,0.944,38.994,62.937,0.018,1009.9,8.725,87.935,-4.481,3.787,0.278,-0.005,73.0,2,14,1,0,temperature,1
709.932,5.255,86.345,28.593,0.254,1008.8,4.003,77.377,-39.199,2.686,24.334,0.0,139.0,1,13,1,0,humidity,0
650.458,6.013,43.63,66.07,0.024,1018.8,7.039,95.693,-3.953,8.034,1.165,0.002,223.0,2,19,1,0,temperature,1
2234.221,3.988,44.359,22.719,0.034,1013.5,3.728,68.88,-280.968,-0.014,-1.143,-0.001,43.0,1,20,1,0,gas,0
788.703,7.268,91.509,29.37,0.266,1019.3,5.307,72.164,-14.638,3.344,9.493,0.008,10.0,1,20,1,0,humidity,0
719.825,6.595,88.083,34.242,0.294,1013.4,4.322,72.736,-5.369,4.588,8.432,-0.003,70.0,2,9,1,1,humidity,0
676.893,18.856,35.787,31.127,0.534,1012.5,5.528,80.096,12.78,1.473,-1.009,0.107,39.0,1,14,1,1,smoke,0
633.229,1.702,87.987,30.214,0.242,1011.2,3.313,72.925,24.66,3.487,16.066,0.005,20.0,1,21,1,0,humidity,0
769.369,8.258,87.774,24.496,0.01,1012.7,4.617,73.561,8.559,-0.141,8.788,0.002,64.0,1,8,1,1,humidity,0
0.0,4.93,31.85,25.782,0.023,1010.7,3.352,74.916,478.882,0.26,-3.748,0.006,21.0,1,17,1,0,gas,1
563.125,18.858,43.727,20.127,0.266,1018.2,0.798,52.673,-1.018,1.897,-0.565,0.223,65.0,1,4,0,1,smoke,0
2004.039,8.011,33.489,26.368,0.017,1020.6,4.766,76.491,-101.263,-0.912,0.932,0.001,28.0,1,23,1,0,gas,0
1025.263,18.303,35.997,26.403,0.032,1012.8,4.547,80.291,156.513,-0.235,0.276,0.004,26.0,1,19,1,0,gas,0
562.956,5.016,86.705,32.815,0.235,1015.2,3.996,70.503,-52.921,4.668,34.263,0.001,174.0,1,20,1,0,humidity,0
744.627,22.466,34.265,27.041,0.347,1011.9,3.47,71.023,28.938,2.61,0.375,0.078,34.0,1,21,1,1,smoke,0
711.599,5.09,71.793,25.518,0.012,1008.7,2.847,77.649,4.365,-0.311,18.158,-0.003,68.0,1,12,1,1,humidity,0
1933.006,0.354,48.463,24.239,0.018,1013.9,2.23,56.388,-472.968,-0.57,2.439,-0.001,15.0,2,4,0,0,gas,0
2158.993,3.21,47.215,19.273,0.007,1016.9,0.891,51.704,1319.47,-0.058,0.68,0.003,24.0,1,22,0,1,gas,0
504.842,10.315,85.674,24.325,0.031,1010.1,3.983,73.554,28.817,0.913,5.031,0.001,767.0,1,9,1,1,humidity,0
1067.816,21.697,57.419,26.676,0.021,1013.1,1.023,60.066,13.449,-2.045,0.765,-0.006,5.0,1,3,0,0,gas,0
752.816,0.355,52.315,24.854,0.379,1012.4,4.303,77.586,18.643,1.048,-0.22,0.164,63.0,2,13,1,1,smoke,0
452.748,5.021,86.089,26.47,0.173,1018.6,1.54,58.646,-13.708,5.833,23.142,-0.001,80.0,1,9,0,0,humidity,0
723.765,18.398,31.646,25.68,0.428,1012.9,2.247,87.823,2.355,2.295,-3.149,0.083,159.0,1,9,1,1,smoke,0
752.863,9.931,45.927,31.351,0.206,1012.7,4.003,80.55,9.801,2.67,1.373,0.175,25.0,1,10,1,1,smoke,0
1389.679,30.194,44.59,28.935,0.026,1012.1,5.364,61.65,379.626,-1.256,0.219,0.003,29.0,1,11,1,0,gas,0
728.966,12.417,75.856,27.717,0.02,1016.0,3.166,74.664,9.013,-0.299,8.779,0.0,219.0,1,14,1,1,humidity,0
548.478,3.349,89.552,31.579,0.216,1013.1,2.027,65.029,4.335,1.618,15.469,-0.009,124.0,1,22,0,0,humidity,0
1123.214,21.437,64.359,20.813,0.031,1019.3,0.965,57.32,206.861,-1.468,-1.804,0.003,17.0,2,3,0,0,gas,0
655.401,8.814,74.259,27.068,0.028,1007.9,3.874,70.384,-39.75,0.154,9.322,-0.001,227.0,2,8,1,1,humidity,0
506.881,18.195,43.389,23.375,0.471,1014.8,1.363,53.241,19.198,-2.123,-2.931,0.117,33.0,1,4,0,1,smoke,0
2184.516,5.057,30.373,28.409,0.016,1012.3,3.546,83.477,509.298,-0.004,1.983,0.002,25.0,1,6,1,0,gas,0
597.895,6.72,49.209,22.554,0.272,1017.5,1.044,57.198,-18.988,0.461,-1.539,0.163,23.0,1,4,0,1,smoke,0
622.506,5.18,81.897,33.381,0.11,1008.1,3.825,69.728,-14.607,2.514,8.626,0.007,56.0,2,14,1,0,humidity,0
1298.259,35.191,36.824,61.128,0.504,1013.4,0.621,57.246,368.876,2.184,-0.845,0.304,27.0,4,2,0,0,smoke,1
2082.978,4.438,47.742,22.344,0.013,1015.0,0.386,50.602,1357.845,0.319,-0.567,-0.001,16.0,2,0,0,0,gas,0
712.947,5.37,38.959,23.794,0.348,1014.4,4.572,77.595,32.405,-0.09,1.536,0.022,18.0,1,19,1,1,smoke,0
0.0,1.929,41.475,21.633,0.012,1011.5,1.109,57.581,922.02,-0.35,0.035,-0.009,7.0,1,3,0,0,gas,0
646.621,1.442,86.091,32.849,0.122,1011.6,2.99,79.325,21.89,3.266,6.504,-0.003,98.0,1,16,1,0,humidity,0
0.0,5.582,43.752,23.128,0.022,1015.1,4.923,79.811,929.281,0.448,2.714,-0.011,43.0,1,8,1,0,gas,0
698.596,1.933,45.041,71.901,0.018,1013.3,5.523,84.201,-3.959,8.241,-1.683,0.0,49.0,2,20,1,1,temperature,1
627.31,24.457,49.953,18.38,0.248,1010.6,4.271,83.083,-57.634,1.341,1.259,0.184,11.0,1,6,1,1,smoke,0
2045.101,36.013,46.877,27.978,0.018,1001.3,3.786,74.718,585.311,0.412,0.637,-0.0,49.0,3,20,1,0,gas,1
684.605,10.249,49.125,24.74,0.423,1009.7,4.358,73.64,-8.424,2.918,-0.481,0.169,5.0,1,9,1,1,smoke,0
644.12,14.741,70.977,24.21,0.005,1015.4,3.008,67.668,16.874,-0.678,7.344,-0.006,126.0,2,18,1,1,humidity,0
650.678,18.798,54.364,21.625,0.389,1012.2,1.542,60.552,-1.213,0.955,-1.434,0.154,18.0,1,20,0,1,smoke,0
731.632,8.41,73.556,27.252,0.025,1011.0,4.431,74.436,0.505,0.132,10.787,0.012,122.0,1,12,1,1,humidity,0
690.562,5.232,79.605,29.996,0.263,1013.9,4.784,79.958,27.455,0.241,18.919,0.002,35.0,1,7,1,0,humidity,0
565.07,29.273,49.777,25.77,0.373,1013.1,1.546,50.971,16.74,1.27,-1.449,0.057,16.0,1,23,0,1,smoke,0
1432.702,46.586,41.241,59.797,0.394,1014.8,0.918,47.789,627.171,7.388,0.85,0.245,290.0,2,0,0,0,smoke,1
517.628,2.139,38.527,57.079,0.035,1015.5,5.624,66.189,-22.888,3.382,-0.001,-0.008,94.0,2,19,0,0,temperature,1
556.063,2.007,88.067,27.425,0.138,1015.5,1.352,59.686,31.849,-0.945,21.273,0.0,458.0,1,2,0,0,humidity,0
634.483,21.113,36.449,20.02,0.264,1019.7,0.345,57.806,-20.546,0.993,0.5,0.251,9.0,1,23,0,1,smoke,0
1627.542,42.609,34.271,51.049,0.616,1018.3,0.846,52.256,340.561,6.87,-0.984,0.21,96.0,4,5,0,0,smoke,1
1815.679,24.599,34.3,27.522,0.03,1008.7,3.984,81.694,41.559,0.045,-0.006,0.004,123.0,2,2,1,0,gas,1
1079.732,2.674,47.979,20.659,0.019,1013.9,1.484,62.73,55.0,-1.65,0.407,-0.003,27.0,2,1,0,0,gas,0
688.333,5.798,85.085,26.924,0.21,1017.0,3.846,79.199,-30.343,3.075,14.308,-0.005,134.0,1,20,1,0,humidity,0
1891.205,46.923,17.344,55.838,0.569,1016.7,3.49,69.532,368.869,7.106,2.086,0.16,57.0,4,16,1,0,smoke,1
506.78,8.995,41.405,24.093,0.306,1014.5,0.641,56.671,5.708,4.024,-1.027,0.161,8.0,1,16,0,1,smoke,0
627.064,18.265,43.739,22.996,0.428,1014.6,4.196,78.477,-24.707,3.026,1.369,0.212,40.0,1,18,1,1,smoke,0
475.674,10.238,43.077,23.838,0.388,1010.2,0.402,54.08,-23.325,0.635,1.834,0.215,3.0,1,3,0,1,smoke,0
1682.788,42.16,35.487,48.377,0.39,1009.7,3.592,73.85,243.308,5.375,-1.217,0.321,150.0,4,13,1,0,smoke,1
2011.815,33.786,35.706,58.489,0.744,1018.1,4.933,75.3,142.077,2.45,0.371,-0.103,39.0,2,12,1,0,smoke,1
1409.104,30.028,44.998,51.477,0.598,1013.2,4.096,77.86,385.178,4.497,-2.675,0.201,178.0,3,10,1,0,smoke,1
889.53,6.375,46.378,27.17,0.011,1009.4,4.69,74.969,283.545,-1.834,1.227,-0.001,25.0,1,13,1,0,gas,0
596.033,15.951,54.843,22.939,0.346,1010.1,3.73,82.452,5.023,1.651,1.259,0.161,8.0,1,9,1,1,smoke,0
1071.275,22.73,56.729,26.282,0.007,1014.5,5.307,74.358,408.327,-1.863,-0.172,0.003,80.0,1,18,1,0,gas,0
1382.768,21.053,44.33,22.414,0.014,1013.6,0.393,52.939,178.788,-2.378,0.476,-0.007,12.0,1,0,0,0,gas,0
685.64,8.731,82.147,25.431,0.019,1013.0,5.542,76.627,3.239,0.237,16.153,-0.015,159.0,1,23,1,1,humidity,0
1198.118,20.138,47.112,23.279,0.023,1017.8,0.389,53.438,255.265,-2.043,-0.504,0.007,99.0,1,16,0,0,gas,0
699.892,13.51,67.205,24.019,0.018,1015.7,3.868,71.234,20.737,0.665,7.501,0.008,33.0,1,11,1,1,humidity,0
1213.558,14.177,52.521,23.039,0.016,1021.8,2.279,60.632,108.796,-1.968,1.329,-0.004,49.0,1,12,0,0,gas,0
556.825,4.637,39.203,38.408,0.017,1011.6,5.302,70.116,-14.957,4.753,-3.125,0.001,170.0,2,0,0,0,temperature,1
551.168,3.606,89.087,29.862,0.179,1011.3,1.285,54.805,-60.654,1.168,15.443,0.002,38.0,1,9,0,1,humidity,0
671.714,23.86,41.729,26.849,0.35,1012.2,6.799,70.016,16.695,-0.261,-3.723,0.082,35.0,1,20,1,1,smoke,0
1036.199,7.554,40.797,23.191,0.012,1012.3,1.091,57.873,342.692,-2.041,0.682,-0.006,12.0,1,21,0,1,gas,0
1216.504,45.476,37.092,34.509,0.699,1013.5,0.354,54.037,465.867,11.063,-1.005,0.291,119.0,3,5,0,0,smoke,1
726.044,19.778,40.576,28.123,0.536,1012.4,4.497,78.382,16.007,1.077,-0.504,0.125,41.0,1,6,1,1,smoke,0
677.501,22.718,49.485,27.002,0.391,1011.4,5.742,79.421,19.328,0.48,-1.777,0.158,7.0,1,13,1,1,smoke,0
545.015,4.008,84.987,20.573,0.256,1014.7,1.402,55.396,-17.623,2.202,12.186,-0.002,29.0,1,0,0,0,humidity,0
2384.46,19.365,31.757,26.631,0.022,1010.1,4.172,71.118,488.455,0.134,-0.266,0.002,72.0,2,10,1,0,gas,1
639.455,3.513,92.292,29.048,0.231,1005.8,2.962,48.043,-19.115,2.53,27.577,0.006,76.0,1,23,0,0,humidity,0
589.514,16.932,33.26,25.436,0.394,1013.7,0.695,58.757,4.844,-0.294,-1.45,0.089,11.0,1,17,0,1,smoke,0
1128.562,3.041,39.667,24.948,0.02,1014.4,0.19,60.782,163.017,-1.695,-3.282,0.005,2.0,1,4,0,1,gas,0
0.0,4.658,48.89,20.512,0.033,1010.6,4.807,73.899,-915.841,0.718,-1.787,0.013,66.0,1,7,1,0,gas,0
1410.602,6.924,53.062,22.18,0.019,1010.3,0.59,62.557,103.994,-1.562,-0.751,-0.007,13.0,1,3,0,0,gas,0
1034.414,8.974,43.859,22.606,0.0,1012.6,1.636,47.282,311.62,-1.216,1.97,-0.0,16.0,1,3,0,0,gas,0
665.53,9.667,72.776,24.056,0.022,1012.3,3.045,77.046,-9.515,0.577,10.489,-0.0,161.0,1,10,1,1,humidity,0
1316.5,41.083,33.653,44.538,0.363,1009.7,4.286,76.466,502.281,9.143,-0.599,0.12,611.0,2,7,1,0,smoke,1
584.15,6.706,79.078,21.95,0.03,1014.3,1.194,60.682,-2.969,-0.162,17.453,0.003,36.0,1,11,0,1,humidity,0
493.271,4.045,93.431,29.498,0.174,1010.7,1.032,59.429,16.996,3.808,14.248,-0.006,114.0,1,5,0,0,humidity,0
2503.363,31.775,43.034,24.561,0.036,1001.9,0.056,48.592,612.717,0.814,1.256,-0.001,20.0,3,2,0,0,gas,1
873.923,15.911,39.781,25.947,0.018,1010.8,3.422,77.343,199.253,-0.944,1.385,-0.004,32.0,1,12,1,0,gas,0
561.976,1.915,83.869,24.434,0.125,1015.2,0.236,52.056,37.086,3.477,17.222,-0.003,50.0,1,21,0,0,humidity,0
671.69,4.348,81.648,29.194,0.036,1013.0,3.335,77.653,-13.122,3.514,23.945,-0.001,130.0,1,11,1,0,humidity,0
1372.928,48.721,36.016,58.98,0.616,1009.6,1.122,54.907,292.154,-1.543,-0.344,0.065,574.0,2,11,0,0,smoke,1
605.278,6.283,74.932,24.348,0.023,1009.5,0.507,58.562,-41.528,0.124,12.282,0.003,15.0,2,16,0,1,humidity,0
683.361,0.82,94.48,27.778,0.192,1014.0,1.702,50.773,-11.221,1.943,22.153,0.001,75.0,1,21,0,0,humidity,0
657.884,8.507,48.495,27.72,0.324,1014.1,3.582,69.079,-6.771,2.009,-4.103,0.11,21.0,1,14,1,1,smoke,0
1311.479,30.576,30.178,21.898,0.028,1007.7,0.236,55.382,333.223,0.202,0.64,0.004,54.0,3,10,0,0,gas,1
582.774,0.682,94.86,28.459,0.146,1011.2,1.139,50.592,-5.802,1.343,9.647,0.0,62.0,1,5,0,0,humidity,0
553.385,1.311,93.14,29.212,0.231,1017.7,0.71,51.458,23.973,1.881,12.574,0.008,152.0,1,2,0,0,humidity,0
788.364,15.309,46.462,24.909,0.027,1018.2,3.784,69.2,478.726,-1.6,0.242,0.004,10.0,1,15,1,0,gas,0
653.994,6.27,88.923,28.641,0.181,1008.8,3.999,74.507,-4.041,2.651,22.591,-0.004,168.0,1,21,1,0,humidity,0
447.935,10.204,70.28,19.033,0.012,1015.2,0.458,52.406,18.4,0.491,19.883,0.007,44.0,1,0,0,1,humidity,0
677.757,4.068,93.879,27.311,0.215,1014.5,4.213,80.224,15.403,2.637,18.534,0.0,72.0,1,22,1,1,humidity,0
2912.517,2.475,27.572,27.303,0.027,1010.2,1.329,54.627,67.498,-0.256,0.283,0.001,5.0,1,0,0,0,gas,0
641.315,5.409,46.571,55.112,0.002,1014.5,8.689,92.061,10.322,9.388,-0.792,-0.007,25.0,1,13,1,0,temperature,1
611.589,9.276,77.075,23.274,0.031,1013.2,0.725,54.764,-31.524,-0.061,16.682,0.002,109.0,1,2,0,1,humidity,0
448.663,3.049,46.628,23.881,0.126,1010.2,0.417,51.524,-13.491,3.7,0.289,0.079,43.0,1,1,0,1,smoke,0
726.566,7.115,46.626,62.763,0.028,1013.9,11.951,86.523,-1.189,6.408,-1.189,0.011,109.0,1,18,1,0,temperature,1
646.653,11.43,88.656,30.015,0.012,1014.8,3.752,80.86,-31.313,0.144,19.007,0.007,138.0,1,16,1,1,humidity,0
609.79,3.723,95.745,23.125,0.269,1015.5,0.085,53.476,25.245,2.858,7.521,-0.007,136.0,1,3,0,0,humidity,0
631.457,4.494,40.691,20.255,0.449,1008.2,0.352,56.172,16.762,1.008,0.127,0.137,52.0,1,1,0,1,smoke,0
675.62,13.643,45.188,28.811,0.353,1014.4,1.915,77.199,6.073,3.355,2.401,0.212,95.0,1,17,1,1,smoke,0
1842.947,49.226,38.274,63.402,0.582,1010.4,3.21,74.601,337.147,4.372,-2.114,0.197,107.0,2,14,1,0,smoke,1
480.587,3.421,85.63,21.73,0.244,1013.6,0.264,51.751,-24.623,5.57,20.258,0.003,19.0,1,23,0,0,humidity,0
1948.813,29.215,56.436,24.111,0.024,1010.6,1.599,74.6,474.487,-0.928,-1.869,-0.0,113.0,3,16,1,0,gas,1
672.184,3.779,86.898,25.729,0.182,1018.7,0.335,52.631,32.383,5.106,19.494,0.002,17.0,1,23,0,0,humidity,0
1439.539,34.604,41.221,27.386,0.581,1009.2,0.841,60.126,453.161,10.897,1.156,0.13,601.0,2,2,0,0,smoke,1
1236.055,6.551,42.365,26.753,0.015,1016.2,2.669,76.609,256.666,-2.188,0.218,-0.006,65.0,1,10,1,0,gas,0
2451.754,32.692,38.407,21.762,0.026,1009.3,4.341,78.619,183.785,-0.207,-2.318,0.009,23.0,3,7,1,0,gas,1
601.111,16.154,42.963,31.273,0.309,1009.2,4.806,74.293,-0.649,1.453,1.15,0.14,33.0,1,7,1,1,smoke,0
1547.07,-4.769,47.72,54.486,0.446,1011.8,3.238,75.182,125.404,3.877,-1.196,0.311,280.0,4,19,1,0,smoke,1
2940.795,6.901,41.305,26.071,0.0,1013.2,3.495,78.879,805.47,0.513,-2.206,-0.002,8.0,1,15,1,0,gas,0
0.0,4.009,41.533,26.448,0.035,1011.5,5.662,72.996,721.26,-0.41,0.295,-0.004,77.0,1,6,1,1,gas,0
2483.449,6.954,49.502,24.345,0.017,1017.4,4.644,70.193,1265.946,0.433,2.587,-0.003,29.0,2,5,1,1,gas,0
657.49,4.426,95.049,30.852,0.2,1012.0,4.461,75.392,9.366,0.676,13.988,-0.006,28.0,1,11,1,0,humidity,0
0.0,1.768,46.359,26.16,0.024,1014.8,0.777,58.03,-954.718,0.161,-2.824,-0.003,5.0,2,22,0,0,gas,0
614.982,10.97,50.96,27.266,0.429,1011.8,4.273,73.761,-25.193,0.588,-0.053,0.099,20.0,1,22,1,1,smoke,0
649.927,6.542,80.554,22.431,0.033,1011.9,0.784,56.45,6.173,0.187,21.838,-0.009,294.0,1,23,0,1,humidity,0
765.41,9.921,75.28,26.2,0.026,1009.4,3.577,71.577,-9.593,0.769,17.146,-0.006,60.0,1,3,1,1,humidity,0
703.723,6.078,43.855,26.22,0.358,1013.6,4.489,73.72,-4.52,3.972,-1.66,0.2,55.0,1,6,1,1,smoke,0
1984.641,30.909,11.895,56.663,0.412,1012.9,3.182,75.813,288.925,8.65,0.6,0.041,213.0,3,12,1,0,smoke,1
583.343,3.194,84.673,32.264,0.197,1014.3,3.952,77.981,-11.392,1.69,23.179,0.003,61.0,1,6,1,1,humidity,0
513.22,2.551,82.886,27.28,0.098,1010.8,0.938,54.268,-27.321,2.721,13.65,-0.0,51.0,2,3,0,0,humidity,0
1792.882,11.547,41.905,22.308,0.019,1005.3,3.754,79.415,313.801,0.577,0.317,-0.001,174.0,3,20,1,0,gas,1
650.69,16.11,45.363,25.862,0.311,1014.7,4.429,78.937,8.054,1.402,0.847,0.124,19.0,1,17,1,1,smoke,0
705.81,24.534,47.579,27.501,0.381,1013.2,4.18,75.948,-20.414,3.077,0.187,0.193,219.0,1,6,1,1,smoke,0
1843.509,45.096,44.291,41.826,0.718,1009.2,4.339,76.849,714.654,10.675,0.268,0.316,45.0,2,9,1,0,smoke,0
1186.469,26.054,41.324,51.85,0.347,1007.8,2.784,75.93,308.762,7.088,-0.872,0.215,65.0,3,7,1,0,smoke,0
653.416,5.455,97.566,27.565,0.164,1011.3,4.668,73.351,-33.731,4.149,19.805,0.002,94.0,1,18,1,0,humidity,0
2477.409,8.366,52.781,26.738,0.011,1012.7,3.919,76.763,407.849,-0.001,2.729,0.009,14.0,1,14,1,0,gas,0
1711.013,27.725,26.841,53.26,0.495,1011.2,4.597,83.526,393.615,7.462,1.115,0.068,43.0,3,11,1,0,smoke,1
576.164,21.908,43.436,24.14,0.473,1015.6,4.38,82.746,-29.812,0.956,0.167,0.105,29.0,1,12,1,1,smoke,0
517.94,19.822,50.669,21.907,0.426,1014.1,1.138,51.162,-16.134,4.193,0.184,0.115,37.0,1,3,0,1,smoke,0
678.036,4.216,98.039,26.954,0.131,1015.2,4.765,72.58,3.318,2.996,15.512,-0.006,67.0,1,18,1,0,humidity,0
1283.712,15.441,43.032,23.286,0.03,1009.4,0.889,59.214,207.033,-2.8,-0.254,0.004,18.0,1,1,0,0,gas,0
2432.204,6.433,42.354,27.739,0.035,1013.1,3.515,73.234,416.273,0.495,-0.143,0.006,18.0,1,19,1,0,gas,0
736.598,3.341,43.681,58.593,0.004,1007.7,10.967,97.998,-2.646,9.801,-1.696,-0.0,130.0,2,18,1,0,temperature,1
430.155,1.822,87.088,29.594,0.215,1016.3,0.337,54.359,-26.417,1.89,26.406,-0.006,113.0,1,0,0,0,humidity,0
1072.303,14.915,24.854,27.083,0.016,1014.0,3.608,79.628,306.086,-1.435,0.171,0.002,74.0,1,9,1,0,gas,0
1077.579,14.059,47.567,24.106,0.0,1020.2,4.998,73.608,245.735,-2.609,1.258,-0.001,39.0,1,3,1,0,gas,0
2207.296,5.986,37.485,24.155,0.002,1015.1,2.378,66.694,857.514,0.252,0.863,-0.0,60.0,2,7,1,0,gas,0
701.083,23.895,59.952,22.26,0.412,1010.8,5.042,81.227,13.107,0.995,-0.179,0.144,60.0,1,21,1,1,smoke,0
0.0,4.597,42.212,25.874,0.012,1009.8,4.798,77.821,-756.391,-0.989,-0.192,-0.0,15.0,1,14,1,0,gas,0
710.387,4.382,93.747,32.533,0.219,1012.9,4.081,72.833,36.223,1.739,18.378,0.005,45.0,1,7,1,1,humidity,0
732.293,21.231,48.642,29.294,0.347,1013.7,3.675,79.482,9.554,-0.899,0.235,0.021,9.0,1,18,1,1,smoke,0
502.44,16.022,45.317,22.33,0.256,1014.9,0.007,55.039,-0.99,3.942,1.594,0.154,9.0,1,23,0,1,smoke,0
684.831,11.304,76.591,26.036,0.025,1013.2,3.621,78.432,-27.966,0.19,7.373,0.0,480.0,1,21,1,1,humidity,0
1556.07,32.569,47.231,41.325,0.588,1012.6,1.598,59.154,277.333,-1.776,0.122,0.251,166.0,3,23,0,0,smoke,1
717.561,18.786,27.852,26.226,0.374,1013.5,3.318,72.923,-13.847,3.122,0.092,0.057,70.0,2,11,1,1,smoke,0
625.301,5.173,54.888,53.815,0.034,1012.3,7.098,87.994,-34.356,8.343,-0.517,-0.005,70.0,2,9,1,0,temperature,1
688.263,4.734,85.858,29.925,0.339,1009.6,3.49,76.526,10.326,3.272,19.106,0.0,87.0,1,21,1,1,humidity,0
469.42,7.371,73.105,23.743,0.015,1015.6,1.551,52.445,-17.738,-0.637,8.309,-0.0,175.0,2,14,0,1,humidity,0
515.494,16.358,39.412,22.408,0.251,1014.7,1.896,52.599,-22.901,1.528,0.338,0.053,29.0,2,5,0,1,smoke,0
1276.263,14.183,43.534,21.665,0.02,1006.0,0.371,56.968,131.972,-2.083,1.258,0.0,23.0,2,21,0,0,gas,0
979.578,3.054,43.065,27.386,0.028,1018.6,3.598,73.637,247.636,-1.933,0.547,-0.007,15.0,1,13,1,0,gas,1
999.492,2.054,33.879,23.79,0.006,1016.4,0.877,50.052,361.871,-0.971,-0.56,0.0,249.0,1,19,0,0,gas,0
1481.812,10.123,55.143,22.882,0.022,1011.5,3.542,73.031,210.458,-1.446,-0.526,-0.001,19.0,1,10,1,0,gas,0
598.547,5.153,49.65,46.596,0.014,1011.6,5.176,65.555,-8.301,4.923,0.028,0.002,73.0,1,15,0,0,temperature,1
0.0,6.709,27.797,26.173,0.014,1005.7,3.557,74.838,-631.409,-0.265,-1.653,0.005,11.0,1,12,1,0,gas,0
627.434,12.265,29.199,24.574,0.161,1010.8,3.236,83.395,-29.931,0.209,1.526,0.248,98.0,1,7,1,1,smoke,0
2260.484,22.784,45.645,24.234,0.046,1006.0,3.439,75.364,603.138,0.137,0.107,0.012,168.0,3,7,1,0,gas,1
1117.591,6.269,43.117,27.173,0.041,1012.5,3.947,72.761,668.185,-0.186,0.275,0.002,34.0,1,7,1,0,gas,0
0.0,4.629,46.211,22.788,0.026,1015.4,0.896,59.974,-331.635,-0.161,-0.738,-0.001,4.0,1,5,0,0,gas,0
468.678,22.67,45.394,24.289,0.572,1012.4,1.227,59.677,-11.068,5.224,-0.503,0.143,14.0,1,8,0,1,smoke,0
566.794,17.739,40.594,19.759,0.333,1015.8,1.467,61.444,9.433,6.025,-1.586,0.117,12.0,1,3,0,1,smoke,0
480.639,5.792,84.882,34.429,0.281,1011.1,0.978,57.089,21.936,2.422,16.951,0.004,79.0,1,1,0,0,humidity,0
758.18,16.481,48.547,24.093,0.021,1015.1,1.739,58.014,235.361,-1.283,0.196,0.004,11.0,1,2,0,0,gas,0
1324.275,12.355,35.009,26.838,0.032,1015.2,4.066,75.059,478.991,-2.396,-0.582,0.006,53.0,1,8,1,1,gas,0
609.696,7.736,26.993,24.738,0.326,1015.9,0.469,50.722,30.558,0.933,-3.734,0.165,22.0,1,22,0,1,smoke,0
714.541,11.075,84.725,24.304,0.029,1015.3,2.513,69.01,-19.338,1.037,10.999,0.007,38.0,1,18,1,1,humidity,1
699.204,11.968,40.69,29.514,0.214,1012.9,3.527,78.588,-10.274,4.348,-0.992,0.145,48.0,1,20,1,1,smoke,0
513.416,3.764,77.871,27.058,0.121,1008.2,1.968,49.687,32.983,0.406,17.073,-0.001,363.0,2,2,0,1,humidity,0
1200.188,4.777,33.72,25.403,0.022,1010.8,5.04,73.003,110.614,-1.099,0.974,-0.001,18.0,1,14,1,0,gas,0
737.46,8.784,60.666,23.591,0.343,1015.1,4.366,73.289,-3.87,2.901,0.19,0.04,11.0,1,12,1,1,smoke,0
647.079,14.098,38.931,24.611,0.266,1012.9,0.794,50.802,1.428,2.834,0.102,0.12,3.0,1,5,0,1,smoke,0
0.0,5.472,57.118,26.559,0.013,1014.9,3.865,80.306,683.914,0.129,-2.731,0.004,13.0,1,6,1,0,gas,0
658.635,7.399,74.299,27.252,0.026,1015.6,3.647,66.762,32.615,0.047,8.48,-0.001,39.0,1,17,1,1,humidity,0
543.841,3.265,89.772,31.0,0.25,1009.7,0.031,48.085,8.53,3.44,20.523,-0.003,413.0,1,22,0,0,humidity,0
726.817,13.522,57.203,24.622,0.232,1011.2,3.054,69.567,11.06,2.421,-2.345,0.077,47.0,1,10,1,1,smoke,0
695.538,4.839,84.349,33.663,0.137,1005.3,5.935,80.218,-13.082,3.755,23.927,0.002,6.0,1,6,1,1,humidity,0
686.359,11.78,45.315,25.752,0.37,1009.1,4.399,76.615,-28.438,0.786,-1.367,0.161,58.0,1,20,1,1,smoke,0
529.807,14.481,47.15,22.082,0.369,1014.9,1.037,54.236,-2.98,3.098,0.613,0.116,26.0,1,3,0,1,smoke,0
604.321,3.708,98.14,25.04,0.093,1015.6,2.093,55.01,9.253,4.444,19.672,-0.004,131.0,1,22,0,0,humidity,0
1472.674,21.421,32.683,43.489,0.393,1015.6,3.043,82.497,132.464,5.034,-1.878,0.077,157.0,4,10,1,0,smoke,1
1463.578,56.548,43.658,53.231,0.313,1011.2,4.439,76.549,24.171,7.382,-0.957,0.095,511.0,3,7,1,0,smoke,1
1334.325,16.842,46.883,27.443,0.017,1010.6,3.079,70.798,386.107,-2.155,-1.355,-0.003,17.0,1,6,1,0,gas,0
964.042,21.305,44.457,23.372,0.023,1017.1,3.84,71.786,258.52,-1.135,-0.667,-0.003,16.0,1,21,1,0,gas,0
1264.852,18.68,42.358,26.066,0.03,1006.8,5.656,71.258,197.537,-2.156,-2.452,-0.006,17.0,1,18,1,0,gas,0
540.481,6.961,85.867,32.125,0.174,1012.6,3.655,75.262,15.821,4.039,15.642,0.01,126.0,1,20,1,0,humidity,0
2502.87,1.915,34.971,24.861,0.014,1013.7,1.63,57.446,-354.659,-0.279,0.985,-0.007,27.0,1,3,0,0,gas,0
727.357,12.838,86.645,26.372,0.045,1015.0,4.826,73.531,-3.966,-0.781,27.046,0.004,43.0,1,12,1,1,humidity,0
1639.913,5.358,44.369,20.254,0.014,1012.4,1.662,55.318,-942.05,0.573,-3.273,-0.009,10.0,1,1,0,0,gas,0
635.877,17.425,43.357,23.102,0.347,1017.9,2.604,71.687,4.02,0.468,0.812,0.095,47.0,1,6,1,1,smoke,0
1512.333,10.537,32.951,46.951,0.564,1017.1,3.669,73.331,198.096,8.373,-0.972,0.128,68.0,4,18,1,0,smoke,1
760.635,2.709,84.791,27.23,0.134,1015.7,3.196,81.284,-1.999,2.414,17.534,-0.008,90.0,1,16,1,0,humidity,0
651.762,4.395,87.791,31.592,0.236,1014.5,4.928,77.874,-31.59,1.812,21.824,-0.007,23.0,1,17,1,0,humidity,0
2458.056,4.269,50.067,25.62,0.029,1007.7,1.589,62.869,-145.348,0.641,0.403,-0.007,24.0,1,1,0,0,gas,0
504.224,5.804,80.706,28.361,0.236,1010.2,0.163,53.641,-29.021,5.045,19.976,0.011,29.0,2,4,0,0,humidity,0
1151.804,23.096,31.818,23.884,0.018,1005.8,3.866,82.219,343.091,0.389,-0.756,0.001,38.0,3,0,1,0,gas,1
1404.379,24.353,53.033,22.663,0.028,1012.1,0.717,55.955,384.44,-1.413,-2.033,-0.005,19.0,1,1,0,0,gas,0
804.393,4.669,80.13,33.648,0.154,1015.9,4.423,80.102,3.156,2.154,15.486,-0.006,38.0,1,16,1,1,humidity,0
2576.52,4.787,58.007,25.534,0.016,1014.7,4.194,77.618,891.368,-0.495,-0.826,0.004,47.0,1,14,1,1,gas,0
1455.886,40.377,28.528,72.112,0.484,1008.8,4.604,71.714,278.209,4.087,0.432,0.186,66.0,4,6,1,0,smoke,1
593.519,5.694,78.131,23.589,0.018,1012.6,1.068,49.242,5.777,-0.541,10.705,0.002,172.0,1,14,0,1,humidity,0
1402.163,13.115,39.895,24.52,0.022,1013.4,5.255,74.064,307.912,-1.156,-0.654,0.003,21.0,1,2,1,0,gas,0
683.166,22.478,41.628,24.704,0.392,1012.1,3.944,73.755,-1.096,3.554,1.941,0.093,6.0,1,16,1,1,smoke,0
716.286,9.911,38.488,25.982,0.425,1014.3,4.178,74.31,21.245,3.405,0.05,0.123,12.0,1,7,1,1,smoke,0
637.541,2.37,85.511,29.936,0.146,1011.2,0.825,58.96,-25.078,1.41,23.548,-0.001,608.0,1,2,0,0,humidity,0
1568.936,14.484,29.381,29.683,0.011,1014.2,4.962,78.069,188.199,-2.54,-0.197,-0.003,10.0,1,19,1,0,gas,0
2612.588,37.936,44.248,21.646,0.008,1006.3,1.507,48.326,373.694,0.841,-0.858,-0.006,390.0,2,23,0,1,gas,1
1513.941,10.297,42.727,29.2,0.03,1010.1,4.863,66.811,91.789,-1.849,-2.214,-0.005,8.0,2,16,1,0,gas,0
0.0,3.029,35.243,24.684,0.023,1015.2,4.181,72.067,-713.547,-0.098,-3.506,0.001,61.0,1,19,1,0,gas,0
2483.642,15.97,60.323,23.141,0.017,1006.2,0.67,48.751,219.122,0.771,0.303,-0.005,260.0,3,2,0,0,gas,1
507.764,3.993,96.23,33.238,0.119,1012.5,0.239,49.804,8.98,1.033,17.685,-0.003,31.0,1,1,0,0,humidity,0
893.149,8.517,74.792,25.642,0.016,1007.1,3.774,69.536,-27.643,-0.294,21.045,0.007,53.0,1,8,1,1,humidity,0
1944.471,0.921,39.028,22.42,0.019,1017.5,0.953,51.107,-768.805,0.186,0.161,-0.0,34.0,1,4,0,0,gas,0
1086.079,70.918,41.395,48.884,0.626,1009.2,4.461,70.14,303.385,2.818,-0.209,0.218,101.0,2,14,1,0,smoke,1
1511.643,10.39,45.724,23.59,0.022,1018.6,3.836,82.328,249.173,-0.948,-1.367,-0.003,4.0,1,7,1,0,gas,0
589.24,18.595,51.801,24.672,0.342,1008.8,3.508,80.542,-5.626,1.511,0.497,0.187,27.0,1,18,1,1,smoke,0
0.0,7.373,44.711,27.631,0.006,1017.6,4.658,73.798,110.811,-0.181,0.023,0.0,46.0,1,16,1,0,gas,0
1561.32,24.75,41.564,27.134,0.017,996.9,3.503,75.752,399.473,0.382,-0.592,-0.001,270.0,3,11,1,0,gas,1
1719.664,0.734,49.422,24.04,0.029,1018.6,2.906,52.924,959.764,-0.214,-0.565,0.004,55.0,1,2,0,0,gas,0
1048.58,16.93,49.601,20.863,0.002,1010.3,1.02,60.748,239.991,-1.872,-2.463,0.002,19.0,1,4,0,0,gas,0
2748.366,8.472,53.049,26.181,0.023,1011.4,3.341,77.855,-710.565,0.251,-0.975,-0.001,6.0,1,4,1,0,gas,0
483.736,24.003,53.811,20.986,0.311,1015.2,0.754,55.576,23.125,4.792,1.278,0.058,11.0,2,17,0,1,smoke,0
815.6,4.561,81.108,32.472,0.251,1014.2,3.696,69.701,3.663,2.226,31.154,0.003,102.0,1,19,1,0,humidity,0
579.767,4.631,44.771,43.872,0.038,1011.6,8.155,71.685,-20.098,8.15,-1.234,0.001,86.0,2,6,0,0,temperature,1
1405.507,20.69,55.406,25.682,0.039,1008.8,4.739,74.965,389.42,-0.155,-2.854,0.003,85.0,1,18,1,0,gas,0
569.86,4.224,99.052,28.357,0.276,1020.5,2.141,57.737,11.184,7.77,17.335,-0.003,70.0,1,23,0,0,humidity,0
683.999,4.666,92.911,33.269,0.08,1014.8,3.471,73.977,11.35,6.656,19.798,-0.007,175.0,1,11,1,0,humidity,0
1875.859,-0.294,48.388,46.778,0.459,1013.4,1.028,52.502,362.577,6.46,-1.693,0.275,341.0,2,1,0,0,smoke,1
1606.822,0.567,30.552,22.451,0.021,1012.1,0.922,59.892,-823.158,0.055,-0.47,0.0,13.0,1,2,0,0,gas,0
465.232,6.614,44.598,24.025,0.363,1011.5,0.373,54.228,-31.561,1.79,-1.204,0.212,46.0,2,4,0,1,smoke,0
600.745,5.092,77.263,22.877,0.032,1018.2,1.851,62.957,23.046,-0.313,18.694,0.003,22.0,1,5,0,1,humidity,0
591.272,15.24,68.446,25.133,0.03,1008.6,4.371,71.66,13.675,0.396,8.262,0.002,152.0,1,17,1,1,humidity,0
721.277,2.395,83.022,28.695,0.158,1014.8,4.26,70.199,26.471,1.14,14.013,0.006,29.0,1,11,1,0,humidity,0
1082.985,12.201,48.438,22.597,0.013,1009.9,0.443,59.447,272.777,-1.184,-0.151,0.015,23.0,2,13,0,0,gas,0
648.239,21.415,51.351,24.287,0.41,1012.5,0.404,55.27,-5.909,1.464,-0.905,0.076,14.0,1,0,0,1,smoke,0
1609.902,2.385,38.693,20.936,0.029,1013.0,2.183,57.949,504.225,-0.041,0.882,-0.003,14.0,1,16,0,0,gas,0
567.504,12.623,42.631,26.857,0.318,1011.9,3.818,76.132,26.279,1.889,-0.961,0.083,19.0,1,9,1,1,smoke,0
643.283,20.209,42.911,25.05,0.265,1017.4,0.583,58.424,-3.25,1.703,-2.74,0.209,33.0,1,2,0,1,smoke,0
646.156,4.478,87.559,26.471,0.238,1012.6,4.121,81.883,-9.581,-0.188,19.726,-0.01,47.0,1,7,1,1,humidity,0
697.204,2.564,94.552,36.532,0.124,1011.2,4.414,70.405,8.273,4.141,10.768,0.004,14.0,1,10,1,0,humidity,0
1382.288,17.463,55.19,25.299,0.009,1012.0,4.674,73.964,366.743,-2.099,1.776,-0.005,6.0,1,23,1,0,gas,0
637.695,10.574,43.798,27.006,0.34,1016.3,3.81,71.301,11.442,3.41,-2.974,0.098,15.0,1,19,1,1,smoke,0
614.966,17.094,48.335,23.7,0.423,1010.6,1.866,48.254,-20.619,1.465,2.661,0.119,52.0,1,4,0,1,smoke,0
1585.337,51.582,39.201,38.118,0.62,1014.1,3.364,76.881,376.071,7.642,0.794,0.402,56.0,2,4,1,0,smoke,1
527.627,9.119,68.569,24.116,0.03,1012.5,0.978,52.836,24.029,-0.343,22.198,0.001,324.0,1,5,0,1,humidity,0
994.166,20.097,44.452,26.441,0.022,1012.7,3.311,75.361,260.693,-1.986,-2.464,0.004,73.0,1,20,1,0,gas,0
522.669,5.213,87.358,25.047,0.025,1012.3,0.56,59.857,-16.541,0.02,8.468,0.003,93.0,1,21,0,1,humidity,0
633.662,1.777,92.11,30.827,0.252,1015.3,0.643,54.691,18.355,4.325,11.753,0.01,48.0,1,0,0,0,humidity,0
2229.94,17.571,49.029,30.464,0.041,1012.3,3.671,78.692,356.817,-0.123,-0.136,0.008,344.0,2,11,1,0,gas,1
752.948,4.287,90.227,30.451,0.154,1012.4,5.391,73.56,-25.406,3.102,11.249,0.0,87.0,1,9,1,0,humidity,0
664.583,20.651,57.585,21.822,0.189,1011.9,3.342,73.049,8.148,2.114,-0.255,0.06,50.0,1,9,1,1,smoke,0
515.309,1.355,92.722,26.303,0.148,1016.8,1.433,60.801,0.826,2.881,16.213,0.005,48.0,2,11,0,0,humidity,0
1420.728,4.422,57.263,23.718,0.015,1010.5,2.861,77.665,75.79,-1.15,0.057,-0.007,18.0,1,14,1,0,gas,0
577.733,2.063,97.07,26.653,0.216,1015.0,1.22,60.392,4.906,0.679,7.302,0.005,90.0,2,2,0,0,humidity,0
543.288,1.097,83.925,30.685,0.232,1013.6,1.123,59.009,-22.285,0.68,16.67,0.005,59.0,1,20,0,0,humidity,0
686.845,2.267,83.685,29.239,0.322,1010.2,1.604,56.404,21.757,2.378,9.031,-0.003,139.0,1,1,0,0,humidity,0
599.436,3.431,89.899,32.38,0.254,1010.1,5.455,69.131,-35.198,3.193,28.941,-0.001,78.0,1,6,1,0,humidity,0
1091.104,17.912,45.984,25.448,0.028,1012.9,5.019,74.112,-51.097,-2.476,-0.799,-0.006,5.0,1,17,1,0,gas,0
864.262,15.737,50.618,26.357,0.009,1013.8,4.523,79.19,122.161,-1.708,-5.832,-0.001,100.0,1,21,1,0,gas,0
681.056,4.828,91.611,31.199,0.119,1014.4,4.17,84.274,-30.043,3.281,20.669,0.001,7.0,1,16,1,0,humidity,0
714.811,9.713,73.645,27.614,0.022,1014.2,2.41,75.292,-2.007,0.193,8.861,0.002,497.0,1,9,1,1,humidity,0
1007.696,11.429,52.483,24.324,0.014,1010.6,4.508,73.888,169.054,-2.514,1.764,-0.001,11.0,1,17,1,0,gas,0
772.738,9.705,52.695,24.842,0.319,1013.0,2.16,76.659,42.923,1.714,-0.093,0.204,10.0,1,8,1,1,smoke,0
1433.362,17.348,40.408,20.759,0.008,1012.7,1.575,59.974,30.668,-1.575,2.403,0.005,57.0,1,20,0,0,gas,0
522.216,13.821,45.077,20.889,0.452,1015.4,0.794,66.34,29.775,-1.94,0.592,0.104,32.0,2,19,0,1,smoke,0
2488.865,6.994,37.325,30.348,0.022,1007.4,3.664,73.603,309.886,0.005,-1.057,-0.007,7.0,1,11,1,0,gas,0
389.798,5.603,77.657,25.117,0.024,1016.7,0.015,56.592,2.386,-0.849,17.278,-0.005,36.0,1,5,0,1,humidity,0
570.593,13.095,47.289,23.727,0.454,1013.4,0.358,56.754,-1.969,3.049,0.665,0.21,15.0,2,1,0,1,smoke,0
474.479,7.197,80.743,20.528,0.015,1008.3,1.067,53.148,-1.059,-0.047,10.306,0.001,248.0,1,12,0,1,humidity,0
612.614,21.652,30.741,29.6,0.322,1015.2,4.158,80.669,-8.882,-0.96,-0.355,0.176,25.0,1,17,1,1,smoke,0
522.511,5.779,84.833,23.313,0.015,1014.5,0.714,53.136,14.22,-0.273,7.552,0.001,83.0,1,0,0,1,humidity,0
1128.515,1.883,48.474,24.151,0.023,1013.1,4.063,71.052,65.69,-1.364,-0.578,0.002,39.0,1,21,1,0,gas,0
1136.561,16.735,50.451,23.267,0.014,1019.5,2.537,74.975,260.487,-1.365,0.222,0.006,26.0,1,8,1,0,gas,0
669.944,15.02,48.602,29.083,0.532,1015.3,4.038,75.855,1.45,3.732,-0.287,0.016,16.0,1,13,1,1,smoke,0
1369.601,31.975,42.343,23.39,0.019,1008.8,6.392,67.865,431.927,-2.417,1.799,0.004,5.0,1,6,1,0,gas,0
545.812,1.857,32.66,56.089,0.026,1015.3,7.761,72.455,-10.918,5.725,1.6,0.011,155.0,2,4,0,0,temperature,1
477.502,2.583,94.672,27.887,0.204,1015.3,2.372,48.765,4.0,-0.351,16.338,-0.005,182.0,2,4,0,0,humidity,0
1428.945,43.956,35.659,37.681,0.608,1015.5,4.54,72.943,429.914,5.907,0.973,0.14,67.0,4,18,1,0,smoke,1
1272.467,11.6,50.969,23.971,0.005,1013.9,1.372,57.759,201.022,-0.766,0.144,0.0,21.0,1,2,0,0,gas,0
1697.062,5.063,39.81,35.988,0.454,1011.7,3.894,74.038,295.224,7.123,0.147,0.216,36.0,4,18,1,0,smoke,1
1329.839,20.433,44.099,26.913,0.015,1011.8,3.86,76.571,237.658,-1.155,1.108,-0.006,37.0,1,14,1,0,gas,0
615.873,5.028,59.695,67.93,0.034,1013.2,7.67,82.3,16.623,10.284,1.04,0.0,39.0,2,10,1,0,temperature,1
1889.398,5.643,28.347,25.003,0.021,1013.0,3.936,82.299,279.574,0.241,-0.463,-0.006,30.0,1,12,1,1,gas,0
1364.549,6.254,44.804,32.205,0.676,1012.3,5.642,74.669,213.881,8.54,1.958,0.241,398.0,2,23,1,0,smoke,1
641.133,11.723,33.642,28.101,0.483,1012.0,3.171,76.36,20.207,1.003,-0.425,0.085,38.0,1,13,1,1,smoke,0
724.848,3.454,86.13,33.519,0.304,1014.7,3.049,69.405,21.553,2.946,20.05,0.001,117.0,1,19,1,0,humidity,0
691.567,22.05,43.687,24.856,0.465,1010.7,3.709,74.943,-20.827,3.043,-0.386,0.11,59.0,1,19,1,1,smoke,0
693.588,10.343,78.763,28.942,0.018,1014.6,4.098,81.971,-32.318,-0.434,21.928,0.001,208.0,1,6,1,1,humidity,0
696.738,12.198,87.593,25.845,0.017,1013.0,3.557,71.946,26.969,-0.056,14.668,-0.009,19.0,1,7,1,1,humidity,0
752.073,24.96,50.016,26.51,0.45,1010.6,3.645,76.868,11.085,2.818,0.302,0.101,8.0,1,11,1,1,smoke,0
1431.904,28.592,27.049,50.792,0.367,1014.7,4.029,84.409,257.94,8.208,-1.286,0.192,252.0,4,17,1,0,smoke,1
0.0,4.896,52.21,27.099,0.009,1010.1,5.238,72.142,-414.283,0.825,2.099,-0.001,12.0,1,6,1,0,gas,0
2742.38,3.517,46.712,25.687,0.005,1008.6,3.568,77.277,-167.996,-0.181,-1.261,-0.003,32.0,1,18,1,1,gas,0
609.664,6.801,49.816,28.613,0.363,1012.9,4.617,75.623,25.819,5.087,0.247,0.007,4.0,1,13,1,1,smoke,0
1525.466,3.506,52.735,21.844,0.03,1008.4,1.21,59.793,883.346,-0.383,2.556,-0.002,15.0,1,4,0,0,gas,0
635.391,4.108,88.299,34.274,0.147,1015.5,3.051,73.095,15.751,4.884,30.942,-0.001,46.0,1,7,1,0,humidity,0
813.217,3.488,45.119,50.725,0.024,1018.9,12.93,91.058,-0.787,6.004,-1.55,0.007,36.0,2,8,1,0,temperature,1
663.245,7.328,83.581,28.25,0.178,1013.0,4.241,69.797,3.023,1.923,4.782,-0.002,233.0,1,7,1,0,humidity,0
1046.997,17.973,34.925,29.004,0.029,1007.0,3.204,79.503,302.174,-0.922,-0.192,-0.004,20.0,1,19,1,0,gas,0
409.444,19.368,22.586,21.894,0.506,1012.1,0.34,49.721,-4.454,1.23,1.641,0.085,36.0,1,3,0,1,smoke,0
674.002,13.807,80.974,30.174,0.002,1013.1,3.342,69.513,-19.282,0.868,18.129,-0.001,14.0,2,19,1,1,humidity,0
879.923,10.345,38.847,26.85,0.016,1013.8,4.292,71.963,291.683,-0.954,-3.681,-0.004,21.0,1,9,1,0,gas,0
563.877,5.146,39.064,43.481,0.031,1018.7,5.392,67.509,-6.31,9.101,-1.019,0.005,153.0,2,4,0,0,temperature,1
527.52,3.806,94.669,26.571,0.213,1016.9,1.911,59.021,-27.095,4.886,16.205,-0.0,28.0,1,3,0,1,humidity,0
638.975,3.122,90.445,31.503,0.315,1016.8,3.433,72.496,-24.124,2.968,20.752,-0.005,182.0,1,12,1,0,humidity,0
656.336,11.764,85.138,26.13,0.02,1014.7,4.996,75.928,-6.464,0.223,12.335,0.005,137.0,1,18,1,1,humidity,0
654.865,3.862,100.0,26.694,0.165,1017.0,0.963,58.066,28.692,4.232,13.483,-0.001,32.0,1,3,0,0,humidity,0
947.831,23.342,36.363,45.851,0.572,1013.6,3.58,81.204,364.665,7.666,1.627,0.133,1140.0,2,9,1,0,smoke,1
1275.774,15.049,55.948,24.716,0.024,1008.2,4.217,74.628,252.494,-2.858,-1.116,-0.0,7.0,1,19,1,0,gas,0
586.677,15.291,39.596,24.871,0.272,1008.8,1.168,53.512,-23.254,-1.625,1.753,0.057,33.0,2,1,0,1,smoke,0
563.416,4.558,44.47,64.502,0.002,1015.9,9.796,80.788,15.91,8.912,0.621,-0.004,147.0,1,18,1,0,temperature,1
1994.243,27.767,37.246,52.587,0.797,1012.7,3.819,77.103,155.078,7.837,-0.429,0.217,218.0,4,6,1,0,smoke,1
524.797,8.144,71.219,18.981,0.013,1013.4,1.047,60.194,-2.096,-0.245,7.773,0.009,99.0,1,0,0,1,humidity,0
477.826,4.096,84.959,34.316,0.244,1005.5,1.42,47.834,-14.253,4.314,12.738,-0.006,21.0,1,0,0,0,humidity,0
1169.476,2.105,47.342,27.605,0.006,1015.3,3.121,75.72,147.212,-1.521,0.063,-0.003,88.0,1,21,1,1,gas,0
643.096,11.037,83.884,23.621,0.005,1012.4,3.765,75.704,21.647,0.417,9.186,0.005,300.0,1,20,1,1,humidity,0
1760.277,18.018,33.639,55.668,0.526,1011.5,2.757,73.361,309.482,1.908,-0.587,0.157,30.0,4,13,1,0,smoke,0
1626.955,12.505,29.997,47.752,0.333,1014.2,0.281,59.632,386.72,0.151,-0.041,-0.048,190.0,3,7,0,0,smoke,1
658.755,6.266,83.544,31.571,0.179,1008.4,3.42,71.157,31.133,2.798,23.156,0.0,46.0,2,12,1,0,humidity,0
583.456,6.34,85.302,27.4,0.166,1006.2,4.314,76.927,-10.188,2.435,26.659,0.004,55.0,1,17,1,1,humidity,0
661.616,11.854,83.744,28.264,0.013,1014.1,3.619,70.155,9.5,0.27,13.139,0.003,144.0,1,2,1,1,humidity,0
1216.188,15.617,46.841,27.489,0.013,1015.1,3.77,78.595,345.51,-2.248,1.136,0.004,14.0,1,21,1,0,gas,0
548.93,17.66,42.635,21.759,0.334,1010.5,2.202,53.27,14.754,-0.03,0.308,0.219,21.0,1,22,0,1,smoke,0
647.879,13.378,90.527,28.576,0.011,1009.9,3.916,84.509,5.193,-0.061,21.115,0.007,553.0,1,13,1,1,humidity,0
675.376,3.731,64.754,53.054,0.013,1014.0,10.027,87.735,-10.248,10.741,-1.465,-0.001,153.0,1,15,1,0,temperature,1
747.682,2.314,78.66,27.355,0.213,1012.2,4.276,72.517,-3.362,-0.318,16.526,0.002,81.0,1,14,1,0,humidity,0
687.009,5.387,91.452,35.167,0.218,1014.7,3.011,80.413,29.555,2.255,15.599,-0.003,68.0,1,23,1,0,humidity,0
2009.524,21.587,39.979,22.916,0.022,1004.9,0.787,60.236,422.913,-0.051,-0.138,-0.004,825.0,3,15,0,0,gas,1
582.977,2.573,62.793,25.68,0.681,1008.3,3.626,74.056,-0.803,2.481,1.077,0.213,14.0,2,6,1,1,smoke,0
1077.141,19.397,42.52,19.21,0.043,1018.4,0.769,56.593,209.749,-2.645,-0.734,0.002,7.0,1,1,0,0,gas,0
1349.078,16.758,36.31,29.366,0.035,1010.6,3.047,70.762,362.898,-1.253,-1.283,-0.006,17.0,1,0,1,1,gas,0
666.634,11.587,41.907,25.824,0.192,1011.5,3.096,72.819,32.176,0.544,-0.891,0.087,21.0,1,15,1,1,smoke,0
724.727,12.281,55.598,27.235,0.331,1016.0,5.026,74.453,5.609,1.384,0.493,0.113,17.0,1,18,1,1,smoke,0
1036.513,1.798,54.541,24.125,0.01,1015.1,1.761,50.522,-48.337,0.357,-0.027,-0.002,32.0,1,3,0,0,gas,0
609.485,19.826,43.288,27.77,0.426,1008.9,4.118,81.158,-1.676,1.131,1.25,0.229,26.0,1,13,1,1,smoke,0
485.112,5.62,51.714,23.947,0.155,1015.7,1.128,50.94,-23.894,5.665,-1.622,0.096,51.0,1,4,0,1,smoke,0
699.503,12.494,85.672,24.06,0.027,1011.3,4.457,70.097,-31.863,-0.443,-1.339,0.005,211.0,1,11,1,1,humidity,0
616.407,7.559,88.172,31.487,0.106,1010.3,4.07,77.574,-19.499,2.84,15.333,-0.008,64.0,1,13,1,0,humidity,0
1696.404,18.549,33.255,26.831,0.019,1018.2,4.574,76.11,272.048,-1.792,3.076,-0.006,14.0,1,3,1,0,gas,0
1666.384,33.623,45.314,57.176,0.632,1013.4,3.132,73.348,390.151,4.096,1.22,0.312,86.0,2,21,1,0,smoke,1
685.965,5.574,91.839,35.873,0.218,1013.8,4.334,77.991,6.521,3.315,21.172,-0.001,27.0,1,9,1,0,humidity,0
2217.141,24.091,49.797,22.523,0.018,1010.0,0.763,55.026,346.783,-0.121,-0.739,-0.004,118.0,3,22,0,0,gas,1
1110.783,22.768,54.64,26.23,0.013,1015.2,4.264,80.738,286.025,-0.267,-0.744,-0.004,8.0,1,8,1,0,gas,0
1131.881,16.954,52.223,24.297,0.02,1014.5,3.349,72.514,191.006,-0.273,0.071,0.006,30.0,1,13,1,0,gas,0
706.017,9.639,73.836,28.481,0.006,1010.9,3.868,72.447,-3.797,0.311,15.425,-0.008,19.0,2,7,1,1,humidity,0
725.681,3.271,89.691,29.377,0.18,1015.2,2.735,78.267,5.76,1.73,8.039,-0.006,242.0,1,18,1,0,humidity,0
2275.219,4.374,51.469,26.942,0.015,1017.4,3.669,72.706,483.24,0.411,-1.196,0.003,19.0,1,15,1,0,gas,0
527.988,0.858,85.446,32.032,0.232,1012.9,3.438,51.439,3.809,4.269,21.036,0.001,95.0,1,5,0,0,humidity,0
1396.017,41.56,25.371,55.147,0.356,1018.2,3.821,70.145,528.452,-0.502,2.431,0.113,188.0,4,14,1,0,smoke,1
729.218,14.258,45.904,27.551,0.315,1018.2,4.293,68.201,27.938,0.693,0.52,0.235,41.0,2,19,1,1,smoke,0
787.194,11.501,86.072,26.062,0.004,1010.7,4.018,76.057,-1.858,-0.326,23.498,0.005,172.0,1,6,1,1,humidity,0
1659.763,10.448,46.96,23.903,0.015,1010.7,3.674,78.568,121.719,-0.43,0.828,-0.004,188.0,3,14,1,0,gas,1
649.127,3.797,88.041,28.247,0.242,1010.1,4.426,75.328,-22.536,1.265,20.825,-0.004,52.0,1,6,1,0,humidity,0
491.32,5.988,95.068,29.156,0.129,1014.4,2.246,53.784,-15.235,4.916,13.777,-0.001,124.0,1,10,0,0,humidity,0
2431.42,13.846,25.651,27.78,0.017,1007.0,4.57,77.061,287.577,0.249,-1.78,0.001,172.0,3,11,1,0,gas,1
0.0,2.49,59.121,23.206,0.017,1015.0,0.095,53.776,-147.361,-0.34,-0.036,0.001,67.0,1,12,0,0,gas,0
1352.027,7.395,35.521,21.362,0.017,1014.3,2.441,54.061,333.131,-2.385,-0.553,-0.008,19.0,1,18,0,0,gas,0
618.058,10.093,72.599,31.026,0.02,1018.2,4.941,69.839,-18.849,0.201,1.596,-0.002,51.0,2,6,1,1,humidity,0
752.083,7.529,70.387,27.91,0.039,1012.8,2.859,80.882,-23.243,-0.596,12.77,-0.0,14.0,1,10,1,1,humidity,0
562.303,4.679,92.355,29.633,0.265,1013.9,0.955,56.75,3.404,1.874,16.298,0.004,79.0,1,19,0,0,humidity,0
556.069,10.939,77.419,26.653,0.017,1012.7,0.458,55.936,20.013,0.134,12.068,-0.003,31.0,2,1,0,1,humidity,0
1099.688,8.426,55.136,24.154,0.02,1015.5,1.537,53.43,129.604,-1.625,-1.73,-0.005,39.0,1,3,0,0,gas,0
546.446,6.396,80.629,31.777,0.142,1012.6,3.299,77.523,-14.815,2.362,20.361,-0.001,55.0,1,15,1,0,humidity,0
767.289,7.408,83.88,26.391,0.011,1015.0,4.99,77.746,-32.719,-1.02,7.753,0.006,371.0,1,7,1,1,humidity,0
1510.859,25.196,45.413,25.528,0.02,1004.7,2.493,73.925,174.345,-0.671,-0.532,0.001,120.0,3,7,1,0,gas,1
636.586,21.032,38.271,23.385,0.4,1014.7,0.184,54.871,-51.036,2.582,-0.317,0.235,62.0,1,20,0,1,smoke,0
1253.203,38.821,48.423,37.926,0.212,1006.4,1.68,51.868,472.595,7.16,-1.017,0.138,181.0,2,5,0,0,smoke,1
1096.881,10.27,43.436,24.345,0.019,1015.1,3.466,74.48,370.912,-1.833,-0.076,-0.002,5.0,2,7,1,1,gas,0
3391.539,5.579,57.997,25.308,0.027,1010.3,3.264,65.628,-627.598,-0.362,1.334,0.003,189.0,1,21,1,0,gas,0
1217.225,13.649,55.396,26.77,0.026,1011.5,3.233,74.061,183.816,-1.768,-1.595,0.001,5.0,1,20,1,0,gas,0
878.594,15.287,57.416,25.48,0.459,1011.2,3.944,73.533,-27.63,0.14,1.13,0.183,28.0,1,7,1,1,smoke,0
1741.207,34.886,40.351,56.762,0.129,1017.3,4.872,81.455,489.952,4.478,-1.477,0.153,221.0,3,15,1,0,smoke,1
1085.043,19.334,54.151,22.692,0.021,1007.4,2.819,84.144,377.158,-2.286,-0.026,0.005,22.0,1,21,1,1,gas,0
0.0,3.029,38.1,20.804,0.023,1014.6,1.205,56.26,1140.799,-0.181,-0.37,0.003,37.0,2,5,0,0,gas,0
1455.568,17.528,46.899,25.467,0.025,1012.1,0.939,54.534,382.218,-2.377,-0.705,-0.002,13.0,1,14,0,0,gas,0
1117.65,14.157,43.248,22.868,0.029,1014.8,0.669,52.181,471.049,-1.327,-2.296,0.004,18.0,1,2,0,0,gas,0
530.41,1.898,90.681,29.336,0.232,1009.9,0.912,54.203,-25.476,2.091,31.251,-0.003,48.0,1,5,0,0,humidity,0
503.955,3.948,96.04,27.187,0.146,1011.7,0.609,54.574,33.777,1.842,16.492,-0.002,48.0,1,2,0,0,humidity,0
606.796,16.592,37.634,28.018,0.376,1008.8,3.954,73.877,-14.218,-0.181,-0.787,0.163,82.0,1,9,1,1,smoke,0
702.526,9.3,54.13,25.727,0.423,1015.5,5.404,77.051,19.383,0.755,-0.311,0.123,71.0,1,9,1,1,smoke,1
1960.656,28.774,43.521,50.999,0.155,1015.8,4.084,73.319,347.132,6.984,-1.128,0.138,292.0,2,9,1,0,smoke,1
1337.491,18.478,41.91,24.389,0.036,1014.0,2.645,74.382,187.039,-2.226,1.046,0.003,44.0,1,7,1,0,gas,0
1216.815,36.9,35.635,54.577,0.417,1014.1,0.234,51.988,430.721,5.167,1.792,0.264,288.0,4,13,0,0,smoke,1
688.227,13.201,78.698,25.834,0.016,1015.0,3.555,71.453,10.818,-0.702,9.287,0.011,25.0,1,8,1,1,humidity,1
725.688,5.94,80.507,30.831,0.133,1016.6,3.622,74.228,10.842,2.314,14.024,-0.002,59.0,2,21,1,0,humidity,0
1343.518,4.179,39.065,22.48,0.011,1014.5,1.541,55.163,-253.881,0.333,0.44,-0.002,83.0,1,13,0,1,gas,0
641.016,11.155,74.129,28.159,0.034,1015.2,3.735,75.468,3.661,-0.094,12.498,-0.0,255.0,1,18,1,1,humidity,0
515.013,4.201,51.321,56.984,0.019,1009.0,4.617,77.544,-7.088,3.91,-0.211,-0.012,238.0,2,3,0,0,temperature,1
584.17,6.904,71.646,21.071,0.033,1016.1,0.305,55.825,-16.728,0.351,6.266,-0.001,42.0,1,2,0,1,humidity,0
1324.144,26.638,39.911,24.369,0.013,1014.2,4.959,72.968,324.148,-0.868,1.829,-0.004,40.0,2,14,1,0,gas,0
1459.46,63.466,38.01,49.197,0.036,1005.3,1.558,58.189,273.477,1.874,-0.544,0.306,125.0,3,23,0,0,smoke,1
